"study_id","11-Deoxycorticosterone","11-Deoxycortisol","12-Ketochenodeoxycholic.acid","12-Ketolithocholic.acid","16a-Hydroxyestrone","16-Epiestriol","16-Ketoestradiol","17a-Epiestriol","17a-Estradiol","17a-Hydroxypregnenolone","17a-Hydroxyprogesterone","18-Hydroxycorticosterone","18-Hydroxycortisol","18-Oxocortisol","21-Deoxycortisol","2-Hydroxyestradiol","2-Hydroxyestrone","2-Methoxyestradiol","2-Methoxyestrone","2-Hydroxyestrone-3-methylether","3beta,7alfa-DiOH-5-cholestenoic.acid","3beta-OH-5-cholestenoic.acid","3-Oxocholic.acid","4-Hydroxyestrone","4-Methoxyestradiol","4-Methoxyestrone","6,7-Diketolithocholic.acid","6b-Hydroxycortisol","7alfa-OH-3-oxo-4-cholestenoic.acid","7-Dehydrocholesterol","7-Dehydrodesmosterol","7-Ketodeoxycholic.acid","7-Ketolithocholic.acid","Aldosterone","alfa-Muricholic.acid","Allocholic.acid","Alloisolithocholic.acid","Androstenedione","Androsterone.3-sulfate","Apocholic.acid","Arginine","beta-Muricholic.acid","Biliverdin","L-Carnitine","Acetyl-carnitine","Propionyl-carnitine","Malonyl-carnitine","Butyryl-carnitine","Methylmalonyl-carnitine","Succinyl-carnitine","Isobutyryl-carnitine","3-Methylcrotonyl-L-carnitine","Valeryl-carnitine","Glutaryl-carnitine","2-Methylbutyryl-L-carnitine","Isovaleryl-carnitine","Hexanoyl-carnitine","3-Methylglutaryl-carnitine","Adipoyl-carnitine","Octanoyl-carnitine","Decanoyl-carnitine","Dodecanoyl-carnitine","Myristoyl-carnitine","Palmitoyl-carnitine","Oleoyl-carnitine","Linoleyl-carnitine","Stearoyl-carnitine","Arachidonoyl-carnitine","Chenodeoxycholic.acid","Chenodeoxycholic.acid.24-glucuronide","Chenodeoxycholic.acid.3-glucuronide","Chenodeoxycholic.acid.3-sulfate","Cholesterol","Cholesterol.3-sulfate","Cholic.acid","Cholic.acid.3-sulfate","Cholic.acid.7-sulfate","Corticosterone","Cortisol","Cortisone","Coumestrol","Daidzein","Dehydrocholic.acid","Dehydrolithocholic.acid","Deoxycholic.acid","Deoxycholic.acid.24-glucuronide","Deoxycholic.acid.3-glucuronide","Deoxycholic.acid.3-sulfate","Desmosterol","DHCA","DHEA","DHEA-sulfate","Dihydrodaidzein","Dihydrolanosterol","Dihydrolathosterol","Dihydrotestosterone","Dioxolithocholic.acid","Estrone.(E1)","Estrone.3-glucuronide","Estrone.3-sulfate","Estradiol.17-glucuronide","Estradiol.17-sulfate","Estradiol.3-glucuronide","Estradiol.3-sulfate","Estradiol.3-sulfate,.17-glucuronide","Estriol.16-glucuronide","Estriol.17-glucuronide","Estriol.3-glucuronide","Enterodiol","Enterolactone","Equol","Estetrol","Estradiol.(E2)","Estriol.(E3)","Acetic.acid","Propionic.acid","Butyric.acid","Isobutyric.acid","2-Methylbutyric.acid","Isovaleric.acid","Valeric.acid","3-Methylvaleric.acid","Caproic.acid","Isocaproic.acid","Genistein","Glycitein","Glyco-alfa-muricholic.acid","Glycoallocholic.acid","Glyco-beta-muricholic.acid","Glycochenodeoxycholic.acid","Glycochenodeoxycholic.acid.3-sulfate","Glycocholic.acid","Glycocholic.acid.3-sulfate","Glycodehydrocholic.acid","Glycodeoxycholic.acid","Glycodeoxycholic.acid.3-sulfate","Glycohyocholic.acid","Glycohyodeoxycholic.acid","Glycolithocholic.acid","Glycolithocholic.acid.3-sulfate","Glyco-omega-muricholic.acid","Glycoursodeoxycholic.acid","Glycoursodeoxycholic.acid.3-sulfate","Hyocholic.acid","Hyodeoxycholic.acid","Tryptophan-betaine","Hypoxanthine","Indoxyl.sulfate","Isodeoxycholic.acid","Isoleucine","Isolithocholic.acid","Isolithocholic.acid.3-sulfate","Kynurenic.acid","Kynurenine","Lanosterol","Lariciresinol","Lathosterol","Leucine","Lithocholic.acid","Lithocholic.acid.24-glucuronide","Lithocholic.acid.3-glucuronide","Lithocholic.acid.3-sulfate","LysoPC(14:0)","LysoPC(15:0)","LysoPC(16:0)","LysoPC(16:1)","LysoPC(17:0)","LysoPC(18:0)","LysoPC(18:1)","LysoPC(18:2)","LysoPC(19:0)","LysoPC(20:4)","LysoPC(20:5)","LysoPE(14:0)","LysoPE(15:0)","LysoPE(16:0)","LysoPE(17:0)","LysoPE(18:0)","LysoPE(18:1)","LysoPE(18:2)","LysoPE(19:0)","LysoPE(20:3)","LysoPE(20:4)","LysoPE(20:5)","Matairesinol","Methionine","Murocholic.acid","Norcholic.acid","Nordeoxycholic.acid","Norursodeoxycholic.acid","O-Desmethylangolensin","omega-Muricholic.acid","PAF.C-16","p-Cresol.sulfate","Phenylalanine","Phenyl.sulfate","Pinoresinol","Pinoresinol.diglucoside","Pregnanediol.3-glucuronide","Pregnenolone","Pregnenolone.3-sulfate","Progesterone","Proline","Secoisolariciresinol","Secoisolariciresinol.diglucoside","Sphinganine.(d18:0)","Sphinganine-1P.(d18:0)","Sphingosine.(d18:1)","Sphingosine-1P.(d18:1)","Tauro-alfa-Muricholic.acid","Tauroallocholic.acid","Tauro-beta-muricholic.acid","Taurochenodeoxycholic.acid.3-sulfate","Taurochenodexycholic.acid","Taurocholic.acid","Taurodehydrocholic.acid","Taurodeoxycholic.acid","Taurodeoxycholic.acid.3-sulfate","Taurohyocholic.acid","Tauroisolithocholic.acid","Taurolithocholic.acid","Taurolithocholic.acid.3-sulfate","Tauro-omega-muricholic.acid","Tauroursodeoxycholic.acid.3-sulfate","Tauroursodexycholic.acid","Tetrahydrodeoxycorticosterone","THCA","Tryptophan","Tyrosine","Uricortisone","Ursocholic.acid","Ursodeoxycholic.acid","Ursodeoxycholic.acid.24-glucuronide","Ursodeoxycholic.acid.3-glucuronide","Ursodeoxycholic.acid.3-sulfate","Ursodeoxycholic.acid.7-sulfate","Zymostenol","Zymosterol"
"GMBC_044",7.41068538,0.59753486,0,27.11140007,0,0.15836836,0.06344963,0.08364703,0,0.5603106,6.38310495,9.31073341,1.72673673,0.61486591,26.54647183,0.33122006,0.58032477,0.19111345,0,0.32633818,0.48771942,0.41028445,0.78205593,0,0.18363675,0.22062368,0,0,0.25714173,475.11606341,80.32975174,0.38470861,624.47711921,0,1.07538367,8.36872323,136.64001467,0,0.12857248,5.40256946,146.04858524,1.32865211,10.55776339,8.41898223,0.59377733,0.40242764,1.43604534,0.10608915,3.99303983,2.58391965,0.0650522,0.01597473,0.22886251,0,14.3572711,0.16716715,0.05119079,0.24149917,0.3348311,0.22649809,0.09673444,1.05864483,0.748941,2.84219005,3.07845924,0.69060289,4.4084844,0.56249022,3.36835824,0,0,0,203144.47110401,2769.21054349,3.95897145,0,0.17457781,3.04432146,0,0,3.0597559,2.2414616,0,547.45193316,758.12034306,0,0,0.23060553,755.11773417,1.60425375,27.40292926,19.32752972,2.11610449,767.52735354,900801.81795093,1.34432839,3.3980099,3.1045888,0,0,0,0,0,0,0,0,0,0,13.3848111,309.89554606,2.1774633,0,0.41153782,0,5400934.67631574,1307321.91722318,867381.57482779,239953.36603133,161849.18356029,191456.96511219,187113.87096953,229.45955583,70284.64316506,2995.57875636,2.20884539,26.80170607,0,0,0,0.28654732,0,0.24206712,0,0,1.1635399,0.00361265,0,0,0.30206605,0.03861476,0,0.11551798,0,0.38257638,115.6706072,0.85405439,11076.35186736,0,0,43970.84337479,360.52624442,0.38906798,338.33691652,18.28646829,13358.73043062,0,10459.64602786,57844.6530494,798.52065912,0,0,0.47845115,0.25141991,0.74175975,157.55932549,0.64948087,88.44083352,51.15870133,12.35135687,6.76483635,5.82258553,0.42213759,0.11652169,108.414432,81.1881659,1061.54374878,69.2609565,50.39520932,115.21928809,29.94511868,4.17325491,3.27872791,2.48216926,0.75418223,3.79485181,19568.44831305,1.53707535,2.85498702,0.66193984,0.73460736,6.99740918,0.42725185,0,1.0470508,9922.40365338,0,1.73589516,0,0,312.82226374,0,29.52573032,28832.99430034,3.28159278,0,0,7.04338025,0,0,0,0,0,0,0.16626125,0.09060093,0,0.06314887,0,0,0,0,0,0,0,0.05514631,0,2.3731373,963.57742249,17725.69455024,0,1.87288543,0,0,0,0,0.11601364,17915.9240285,199.7030528
"GMBC_046",4.99998773,0.39319475,0,8.46017938,0,0,0.0171864,0.07322371,0,1.03709699,2.49272886,1.21870535,0,0,68.19083027,0.20046672,0.20766015,0.14548052,0,0,0.91737979,2.70882201,0.62061426,0.14748935,0.05587492,0.04129519,0,0,0.07852297,524.45741741,4.4700623,0.28687426,629.8108897,0,0.50518271,6.20068695,24.20519102,0,0.05600914,2.34224682,316.44952144,1.03118851,11.87314079,5.22207442,0.73833413,1.09272436,0.8274004,0.06158877,1.68606804,0.6629465,0.10216925,0.01452314,0.28160217,0,15.50127558,0.28195066,0.03533123,0,0,0.24720819,0.0956372,0.43521397,0.84637579,5.7939718,4.11552355,0.74340216,19.91695219,0.48843819,1.64201297,0,0,0,600569.95400321,4813.22035369,0.80564207,0,0.11037272,0,0.28880218,0.88763618,2.28303977,15.77853122,0,370.01689235,585.1221169,0,0,0.38141614,1846.0141481,1.66550895,11.86622157,16.75249864,50.19789279,1174.82245186,15979.85618982,0,9.37492248,9.62324422,0,0,0,0,0,0,0,0,0,0,2.28325764,117.23785534,1.12449257,0,0.03183022,0.12613066,6175885.66533691,1628274.70429665,1746730.62156231,187976.42601474,105693.80632788,161757.80846284,254054.18279445,279.07278884,151529.80903777,2231.64508882,1.12211527,4.77847274,0,0,0,0.73424773,0,0.3005114,0,0,1.07464128,0.01896952,0,0,0.32774651,0.69187499,0,0.04131261,0,0,45.18697838,12.33720881,9841.60025932,0,0,41352.30910493,310.97234995,0.14180773,339.3626424,18.81613134,8768.09417076,0,2347.75133566,56924.7122998,793.52869275,0,0,1.09178081,9.11569163,1.20194916,1078.45533286,5.77133685,92.96578841,147.93093463,204.52218231,213.40157957,0.94613244,0.17696937,0.0593439,132.41690207,91.44248205,3317.00490657,125.3313706,63.51627842,224.45503304,198.74229245,0.77503148,0.39359938,0.89149292,0.85545694,0.604156,25867.20515322,2.61763105,1.3953166,0.70948385,0.11574993,49.00463219,0.3089822,0,4.43519598,12082.97342215,0,4.97475538,0,0,734.7991663,0,23.61162902,24051.01274378,538.74620407,0,0,6.79592033,0,0,0,0,0,0,0.47649547,0.12677734,0,0.44966233,0,0,0,0.82987993,0,0,0,0.03919421,0,5.07879379,2064.96130656,23030.02443782,0,1.48730995,0,0,0,0,0,6962.78684963,1034.71451152
"GMBC_047",2.00237152,0.60151972,0,23.79637152,0,0.10442389,0.01116433,0.10245658,0,0.95399081,1.27673474,0.74549777,1.36562639,0,2.16296967,0.10599062,0.0748118,0.1154531,0,0,0.79867651,1.18980566,0.39865733,0.06767973,0.01832362,0.03336719,0,0,0.10062167,515.11532265,4.8883198,0,697.86843363,0,0,8.50618667,23.350348,0,0.02459123,5.33529841,128.08569472,0.39941662,6.3891428,10.52070017,0.68319021,0.45045042,0.75139564,0.09094803,7.66001057,3.02236199,0.06436817,0,0.21316021,0,14.0981979,0.19631332,0.03854523,0,0,0.22324544,0.06292137,0.24699717,0.5311254,2.80151093,3.47617391,0.44639289,11.84627623,0.45535618,6.25734623,0,0,4.33919585,381820.92871549,3011.66612651,6.35964234,0.73656169,0.50025896,0.2513134,0,1.80517746,3.79235883,4.25625936,0,358.05274326,1813.04401335,0,0,0.70708726,1081.44496811,1.16715055,5.80528714,25.39531002,19.00848995,2421.24779522,8329.94568601,0,12.86170896,5.18566056,0,0,0,0,0,0,0,0,0,0,1.82563359,179.57322156,4.24408379,0,0.33340146,0.2161374,7673778.95904886,1752307.70656668,2011095.80399551,260430.67227549,166390.83538804,261366.71315876,265740.17628307,119.09516515,246902.96671464,1898.34579144,0.71761475,4.4274871,0,0,0,0.35355229,0,0.29966097,0,0,1.32366582,0.03045707,0,0,0.20212055,0.23401154,0,0.04127067,0,0,187.24432987,0.99213651,9223.08198849,0,0,33988.08265145,349.26025536,0.17410943,54.26992734,20.76506609,8992.98800651,0,1803.17028227,45125.50166793,959.62739757,0,0,0.38452465,3.07849423,0.79624327,325.36316328,1.20076476,79.55178907,77.76822433,79.28321547,96.68608908,0.72145019,0.32531681,0.04773568,50.44720912,75.94758301,1308.19172158,85.3185246,57.29893014,180.20961022,137.52634485,0.60832386,2.52596477,1.54840209,1.06595085,1.00087447,17915.05926953,3.96192686,0.86385029,0.66413594,0.09833335,5.56368903,4.68562536,0,3.27585763,10613.67066895,0,0.89537036,0,0,304.99830246,0,11.51343525,20238.6872358,1.19124441,0,0,18.800826,22.60309339,0,0,0,0,0,0.24300098,0.13862766,0,0.18866064,0,0,0,0.10022916,0,0,0,0.02747784,0,11.78484958,1482.39348796,16772.75738686,0,0.50784999,0,0,0,0,0,2773.34599593,636.74919011
"GMBC_049",0.53974261,0.13857399,0.1802045,57.76875348,0,0.08498257,0.01716815,0,0,0.75669476,1.22437895,55.52482889,3.04623021,7.68041453,16.55409836,0.07038895,0.03601383,0.07157208,0,0.39356639,0.87355988,0.29529625,1.11739171,0.04978419,0.05875902,0.07912159,0,0,0,740.27003805,16.66105706,0.34836001,757.6938286,0,3.20299296,30.18244155,9.66243895,0,0.0613067,3.62013213,224.1620483,0.96042822,14.12611931,18.24986294,0.92652884,0.25845905,1.58729542,0.36502436,3.09687654,0.81088468,0.07802215,0.00927622,0.25107136,0.07487824,12.03639101,0.2262146,0.03146853,0,0,0.21861241,0.05846387,0.27821318,0.3953686,6.19325336,10.9185999,0.3026015,73.45773545,0.32745795,5.22414932,0,0,0,293147.98758457,4460.43816991,3.97538386,68.65822043,0,0,1.23176829,3.16075892,1.21486333,2.35219374,0,405.05664075,1934.90346444,0,0,831.34531553,934.74995103,1.29506516,2.22798925,1771.61262753,4.42482172,391.29679787,526316.18343044,0,13.11698407,2.65608993,0,0,0,0,0,0,0,0,0,0,0.92508101,196.7112983,1.55740477,0,1.27261037,0.2260576,21503965.7996678,5405321.68692414,3607788.30416532,555149.97065909,322699.37317904,443569.77545456,978927.80940308,386.63713331,622042.81413399,25020.16967176,1.08667534,1.54058526,0,0,0,2.48979066,0,0.9064976,0,0,4.2810462,0.32372562,0,0,0.43918875,3.04451819,0,0.55561018,0,0.67288252,27.40721093,1.4457674,13368.87944455,0,0,32843.44070202,534.00498748,21.5872884,109.68745346,11.50965126,6820.21305775,0,5990.1895767,52714.08407432,1029.4983065,0,0,108.75736685,2.24501198,2.00789322,306.10913446,2.5918777,89.18758105,112.6543888,101.5696843,73.15323173,0.8235696,1.31526394,1.08731184,586.66415196,77.67325097,4407.33197435,386.73342158,59.37549985,450.35999427,128.88014178,0.86621277,8.73143496,6.71819156,4.04191283,0.78134967,25331.8339807,4.46498489,2.38987228,0.9999902,0.28105003,7.37804401,1.19192675,0,18.49577413,11043.6365563,0,0.7038165,0,0,587.18923801,3.92353897,11.73461965,18767.76892706,0.38733308,0,0,511.99412227,0,0,0,0,0,0,0.59464674,0.19255545,0,0.78381239,0,0,0,0.14408732,0,0,0,0.07252135,0,30.21831612,1681.26946576,21860.01555661,0,20.15899208,7.65438231,0,0,592.80799857,26.55987326,11095.82868751,402.20209719
"GMBC_050",1.68310668,1.08267309,0.11585721,29.47146568,0,0.02061517,0,0,0,1.40029146,0.84775696,120.22088183,1.30345636,24.10781569,14.73349402,0.13618664,4.06448575,0.04546982,0,0,0.3387179,2.71041043,2.21281453,0,0,0,0,0,0,292.29407615,44.84741063,0.17752088,224.58325247,0,1.44082572,4.65924995,31.25350445,0,0.08900835,3.65455904,287.05745986,0.49908423,3.65951594,28.25000448,0.65506492,0.4452225,0.85903766,0.73581129,3.23470699,0.57870734,0.09044851,0.01464041,0.26230006,0.02085529,11.4070974,0.1424286,0.0076589,0,0,0.17907471,0.0422217,0.15095282,0.39011913,3.60375835,8.81165876,0.42584952,14.37953432,0.26597267,30.30164762,0.01764547,0,0.08037744,444813.14734132,2936.95907142,23.74184815,0,0.06359978,0,0.06725491,0.61682465,0.65658081,0.93734489,0,126.12796537,1376.26941995,0,0,0.45424518,1670.93027775,1.18011012,4.02359818,90.71683475,5.83152268,2131.19867066,68531.86399644,1.70571408,2.86940874,6.05323473,0,0,0,0,0,0,0,0,0,0,1.24583748,190.65166111,0.61530165,0.51596995,0.59125121,0,6985544.86212696,2149434.90522134,2232322.20169684,176578.1669593,99280.21402569,134015.86199877,197711.8948732,101.73186733,9959.28372178,420.6651367,0.33217838,2.14854439,0,0,0,4.90942628,0,4.17260513,0,0,3.09508384,0.07855358,0,0,0.29502808,1.97533894,0,0.11181742,0,1.4429491,151.51431424,2.64016862,15070.5709517,0,0,18014.33087316,313.88025773,0.20561089,127.95848707,9.00529913,19766.46046638,0,1728.54851966,28764.41926211,722.17230844,0,0,2.50328942,3.0357288,3.39367276,1149.74979181,10.5016097,79.77340052,243.72353732,291.23877077,294.58522795,3.4927851,1.8760137,0.3721875,84.14995624,66.942394,1430.21243089,58.90680681,66.0416473,141.60754732,233.43470779,0.99511925,1.61712171,2.20396988,1.13167626,0.52485543,11268.75358794,2.26288372,1.44588251,0.34288298,0.14384111,3.57103083,0,0,0.88475609,6742.00230676,0,0.4391983,0,0,260.87423309,0.03353772,4.60036661,16444.89153159,0.65328021,0,0,12.05772849,231.70283221,0,0,0,0,0,1.90916846,0.8954212,0,0.93920321,0,0,0,0.12921834,0,0,0,0.04957745,0,7.67550011,818.60001302,11361.48874369,0,1.13447173,0,0,0,0.37710312,0,4847.39222943,1263.53501584
"GMBC_051",4.01026481,0.50435906,0.88744462,31.49321103,0,0.68010368,0.06210573,0,0,0.74127696,1.09125289,21.71600034,0.84511912,4.3496044,36.65550619,0.39460254,20.99361974,0.02194396,0,0,0.66244971,1.14253945,15.89706526,0,0.01986351,0.09905197,0,0,0.10917509,215.62342176,19.31413894,0.91971442,688.02007312,0,0.63071292,2.92452621,99.08305339,0,0.506323,54.198824,1552.92472895,0.34400727,14.48222726,32.67633598,6.74108925,0.71796455,1.4252969,0.25014435,4.74924767,1.20070522,0.1378565,0.0179035,0.5180755,0.0917773,23.60467108,0.52560937,0.01670109,0,0,0.34174971,0.08094964,0.29431807,1.10053827,5.22419323,6.17484367,0.53376057,12.37945605,0.34519766,33.58383572,0,0,18.88253799,549708.05285062,3405.54991123,32.11015768,0,0.40022181,0.62127887,0.24445698,1.27026672,1.30672413,2.8911871,0.6225584,582.47096018,605.53419695,0,0,0.39500249,962.81071438,2.61652155,19.54541938,62.17783013,6.01596152,1552.75093242,41191.9476761,3.10012638,7.33397705,11.91800846,0,0,0,0,0,0,0,0,0,0,7.87346961,405.63009391,2.32520185,3.45978561,0.50201503,0.36128597,43466744.8867005,11039733.1690853,9850744.55352814,506319.53861907,226382.3887171,265440.09555349,1023896.18217326,2052.77297903,28137.65232615,11188.13009873,1.64508041,4.92368456,0,0,0,5.0658265,0,2.90274477,0,0,6.41977362,0.13151793,0,0,0.20696455,2.79805437,0,0.77170131,0.03911651,1.26256083,129.56134636,2.35798131,8430.35230393,0,0,43506.60644342,249.07773714,1.14549188,175.07129095,17.19829386,4821.28547527,0,2887.24902699,69363.19774425,899.63355225,0,0,1.77732808,2.84135077,5.39474592,933.05114918,7.20635242,162.9340514,251.57753438,274.45118559,123.83648042,5.12696362,1.21375767,0.10525445,159.54565201,128.41987396,2200.76389073,138.54543105,162.5950782,445.619159,189.01185913,3.07913993,2.18691693,4.2483907,1.48527157,0.68202993,25725.14363107,7.44363665,1.15455115,0.89973496,0,8.38332163,0.64693981,0,3.75802373,15566.85638362,0,1.16673981,0,0,291.37948231,0.05148406,18.32535376,26495.27633228,0,0,18.98571462,13.8341032,0,0,0,0,0,0,1.11997065,0.40822476,0,0.74235045,0,0,0,0.19461411,0,0,0,0.18656943,0,2.65575664,2084.66567583,42473.12317562,0,36.5289907,30.93628361,0,0,4.42361061,1.29619003,2440.22528327,581.65719407
"GMBC_052",0.87523686,0.16618182,0.48275497,57.95635235,0,0.19093595,0.10465172,0.07219216,0,0.57634906,0.80468142,12.07074885,0.34858629,0.74382042,12.84476838,0.25410678,5.90763053,0.1225934,0,0.02608867,0.7287585,1.19684277,23.87500315,0,0.02108487,0.06575651,0,0,0,155.89400193,4.13019966,0.66617569,288.30636329,0,1.17493665,9.06670285,6.30785669,0,0.07218768,49.12002113,16060.31961895,0.54631325,10.69618522,9.20140289,0.48114123,0.77528686,1.43200186,0.08697906,0.8636401,0.53391328,0.02768969,0.01706426,0.37862089,0.10523062,20.02809266,0.21205656,0.00872374,0,0,0.34046121,0.05304205,0.16915331,0.37091269,2.02249288,3.61351912,0.35089142,6.12962291,0.40521409,56.06826629,0,0,13.22944793,458994.16957599,2894.71078046,43.53895609,0,0,0,0.03230482,1.63083695,1.31094439,4.52200744,0,73.78287684,2079.74143858,0,0,0.22515142,1258.49341928,2.1127204,6.58339412,57.73033982,33.53494064,2648.50754091,62333.43526098,0,9.58444177,6.28944243,0,0,0,0,0,0,0,0,0,0,1.71148852,226.91614808,0.89713387,0,0.72812347,0.19500871,14366098.035818,4571312.89817701,5926424.79544035,402240.26985381,262846.95264564,306158.21025625,97533.08448786,303.0619028,20147.03512447,20368.66430967,1.10579529,2.79218325,0,0,0,1.20101884,0,1.21215682,0,0,3.27308521,0.01124132,0,0,0.37018769,0.32788546,0,0.59555548,0,3.87876497,25.1084492,47.55757541,2029.74838256,0,0,79730.34162941,302.5017106,0.17546296,121.23444845,22.03952493,7362.72986731,0,1445.51793228,102057.06700935,1043.88774184,0,0,0.66075107,0.59335221,0.69201842,206.68784822,1.30942889,155.96283388,74.11597308,31.77796908,23.91657328,0.84072357,0.21576831,0.02799094,79.95973179,116.38520656,471.36219913,29.02119573,21.56002666,79.94319008,29.36414816,0.32082756,0.66714716,1.11435837,0.80774931,0.42099099,40394.47152825,15.0812953,1.37854927,0.32754157,0.25005385,23.99965332,0.652013,0,13.10164731,18572.66575248,0,1.61100248,0,0,382.17319603,0.0216669,14.96856899,37525.94373737,1.37269874,0,18.45380263,20.94585576,37.85319161,0,0,0,0,0,0.46488768,0.25196465,0,0.447149,0,0,0,0.09502783,0,0,0,0.11357899,0,10.2029388,3572.36874584,40879.86665911,0,445.85558844,134.1374402,0,0,0.34029025,0.22872548,2705.21785275,817.83989368
"GMBC_053",0.71739536,0.53547521,0.52132718,29.74663256,0,0.11603447,0.1286528,0.05963865,0,0.24514627,1.89505832,5.9731824,0.93398538,1.36907213,11.04689713,0.20098876,2.52491663,0.08581042,0,0,0.53853692,0.26352256,5.94531253,0,0.03853878,0.03103876,0,0,0.03426502,266.66785141,21.05401876,0.41867934,1345.35978538,0,0.657108,9.42615902,15.61537781,0,0.16130619,13.97611675,478.04009598,0.14754709,5.61519227,6.07005617,0.46230022,0.51282714,0.9571372,0.10733877,4.11643616,3.67148432,0.07067165,0.00595771,0.29399548,0,15.01358475,0.15739589,0.00598575,0,0,0.26738856,0.02907871,0.14990513,0.33832559,1.51577329,5.85835711,0.27845469,8.64399169,0.18239274,23.91469243,0,0,0,103746.50973659,3054.16484507,11.93535974,0,0.05517289,0,0,0.20770003,1.08149359,2.12975478,0,668.44924725,1574.3160983,0,0,0.21241075,694.73346041,1.33925969,24.5793969,787.87279311,14.85954146,555.05005028,507684.87854109,1.38770715,26.09407126,18.65457646,0,0,0,0,0,0,0,0,0,0,2.45082891,208.69848142,0.68075416,0,0.29465076,0.16461462,8039914.54161857,1698577.84519191,1306603.240632,123029.31479194,71590.50532126,96397.92516779,128961.42229051,363.23097628,5431.20739563,2022.50155285,0.62559006,6.71778518,0,0,0,0.93390667,0,0.94267463,0,0,3.23828861,0.06042205,0,0,0.17599538,2.15147477,0,0.08182685,0,0,72.58221155,4.00294746,9655.85135619,0,0,23867.01048547,453.76064439,0.2641988,172.57366115,10.5688275,14247.6846349,0,7377.81175235,33036.83293854,912.33215932,0,0,1.49746176,2.81460907,1.77284491,674.74220589,8.38975389,95.690604,157.38564296,579.0838229,255.26325333,1.11813426,1.91764475,0.24663116,629.10362393,87.86203914,4280.74736151,128.14063563,51.10611009,338.81701235,298.90381986,0.38630697,1.54427103,4.53858801,3.12435494,0.33108456,10873.7141908,3.90051841,1.13171856,0.50527366,0.12355181,7.68060906,0,0,1.03039907,7478.53409463,0,1.36615243,0,0,105.82515159,0,15.59166648,14153.27174845,0.2953122,0,0,13.9235182,0,0,0,0,0,0,0.36199834,0.3546905,0,1.33015052,0,0,0,0.15186518,0,0,0,0.051557,0,6.0387076,835.46173863,11432.63797568,0,5.03826152,4.90150607,0,0,1.46838497,0,11227.98820863,220.82651257
"GMBC_054",2.39738994,0.97140048,0.48296277,7.02548718,0,0.04830238,0.0192734,0.03639104,0,0.15623703,1.24297589,63.57370996,0.64862774,10.17703686,9.6697326,0.08403793,0.71700977,0.01681263,0,0,0.39976494,0.18198345,0.3301684,0,0.02760365,0.00936115,0,0,0.12257169,528.48051596,100.28178649,0.0673696,355.39919037,0,0.1765343,5.22429328,137.76678773,0,0.1602634,4.14131226,62.1607443,1.07547875,0,2.82996848,0.24843913,0.24085453,0.65384809,0.03640861,0.47467751,0.19621364,0.10208732,0.00981427,0.13417841,0,8.22409571,0.07774523,0.02468466,0,0,0.1488596,0.02596491,0.09663588,0.18356441,0.63335792,1.41977613,0.14078679,1.6411399,0.05363703,1.01022225,0,0,0,106659.5797916,4432.80010972,0.59789855,0.4302357,0.08827294,4.4239924,0,0.61732698,1.15502316,0.95548776,0,186.92042963,418.07419274,0,0,0.08508426,289.58210025,0.42433754,14.29891553,31.75124572,2.96378835,620.14532073,509618.38697319,0.58412501,2.96257657,3.14902566,0,0,0,0,0,0,0,0,0,0,2.01478719,151.94868239,0.31298769,0,0.1867613,0.03879742,1387638.22380603,343945.86149925,452813.81530589,129430.43324716,110654.46777897,154659.06490278,164901.25278504,28.62343817,38573.99749693,1586.42961072,0.60295849,2.11812919,0,0,0,0.65352405,0,0.63443511,0,0,0.69105263,0.00970387,0,0,0.31942051,0.0599439,0,0.04011199,0,0,83.7268081,0.52647905,5994.25117777,0,0,22933.91455064,312.21775967,0.05646986,79.00622265,9.14974825,22322.52015804,0,4221.60240548,27293.55237866,815.02425225,0,0,0.04142038,0.83354922,0.93239297,160.20028919,2.35188758,49.98432046,52.36255962,27.43309823,21.73083385,0.27585002,0.58580938,0.19150517,71.0719801,48.06139055,608.15709503,35.86245128,42.46985406,174.27965305,33.82112647,0.29337888,1.81895984,4.73860922,1.19829409,0.41156708,6001.27094042,2.81757121,0.76365378,0.70924968,0.08720597,2.64416797,0,0,0.58473352,5097.4288298,0,0.45471619,0,0,232.78786003,0,4.87203844,10521.74802256,1.68898325,0,0,66.50787109,0,0,0,0,0,0,0.84893054,0.66362974,0,0.40563751,0,0,0,0,0,0,0,0.04538923,0,0.77169396,436.74697858,7561.98387736,0,0.86684615,0,0,0,0,0,16534.94886117,74.1596723
"GMBC_055",1.50510095,0.34061649,0.59877786,14.68354114,0,0.05371513,0.05265216,0,0,0,0.35538383,18.31571719,0.26676295,1.75757263,13.2703843,0.11579927,0.93927185,0.02149353,0,0,0.81180897,0.31071574,2.31553577,0,0,0.02649954,0,0,0.16787652,195.7136439,26.42405161,0.72583486,1000.67396382,0,0.32540733,7.30776321,83.02929977,0,0.19353505,4.99023574,49.73941278,0.47546598,0,17.66849073,0.21828875,0.0767792,0.90566995,0.06903283,6.77259444,1.79329327,0.0242429,0.00619711,0.17820488,0,10.37403776,0.08212712,0.01474254,0,0,0.17066448,0.0183971,0.26307636,0.16341964,0.76054185,1.12415848,0.12985616,1.4604869,0.10117945,2.63258801,0,0,0,237904.98652491,2944.93391645,3.44496658,0.19425955,0.25554781,3.03110871,0,0.55985781,0.92629702,0.93590718,0,514.71675219,622.33132478,0,0,0.25204236,685.95035093,0.84900741,15.78213126,35.02651971,4.07038042,1286.83728837,295543.86628349,0.13953954,3.37336413,2.42023305,0,0,0,0,0,0,0,0,0,0,0.97472286,124.97571524,0.97008911,0,0.48424211,0.11645111,3234762.68981287,447562.87133802,305843.55403502,101977.54786474,73934.64748871,109672.17612647,89231.08375535,91.3302729,38349.3129822,2025.7871315,0.67604545,3.29425647,0,0,0,0.27974221,0,0.27813112,0,0,0.62493426,0.02301917,0,0,0.14353633,0.19344424,0,0.05970943,0,0.2980215,69.98716386,0.9297199,5338.43675959,0,0,17193.09850019,371.95374132,0.10870472,9.32437792,7.72716004,10418.5507569,0,4002.73777701,22066.92043655,826.27363047,0,0,0.38335113,0.41758072,0.31741955,46.06058903,0.71686197,64.99369897,17.07806427,43.9707413,7.62677446,0.12379885,0.92395517,0.06279873,57.65046311,58.86393664,609.9358115,37.12228034,25.38181307,257.36761283,29.55180672,0.19139277,1.74592299,6.59048413,0.93752174,0.17595657,7452.952578,1.21214353,1.15389684,0.78299291,0.18689928,1.93759288,0.34697595,0,0.52788374,4695.77486952,0,0.61751877,0,0,127.79630448,0,7.60775948,6931.26501471,1.66833136,0,0,6.38777681,7.94711455,0,0,0,0,0,0.14999643,0.07561235,0,0.21682315,0,0,0,0.06221058,0,0,0,0,0,3.26419794,492.93159767,7096.80224333,0,1.77089971,0,0,0,0.08114614,0,7907.48264674,232.05258937
"GMBC_056",1.22630112,0.50022994,0,2.83852492,0,0.05311196,0,0,0,1.81347532,21.52410503,13.78907473,0,0.95223062,18.25680087,0.13131749,7.62622477,0.05558721,0,0.18963987,0.42298493,0.1813818,0.14155894,0,0,0,0,0,0.27159453,173.43771454,43.27243577,0.04420667,115.12851307,0,0,1.35455785,61.95108065,0,0.03009043,13.447494,47.58308082,0.2943158,10.21488415,4.44941662,0.30008975,0.17404628,0.47291449,0.05683323,1.96525115,0.61637953,0.04885648,0.00582279,0.17566587,0,9.75152287,0.08710066,0.00757635,0,0,0.1602942,0.02701822,0.60798097,0.15902651,0.44370877,0.79692853,0.11800314,1.24257862,0.06700083,0.35790672,0,0,0,38097.15155836,820.79220351,0.31842463,0.21881098,0.06868959,0,0.13788722,4.47508373,1.18183226,3.59833598,0.10148407,281.54217771,83.10925959,0,0,0.03762383,300.95006306,0.83080518,15.60840798,10.17177677,9.56773563,1673.49129551,420982.22317891,0.3163677,4.09780428,1.55024723,0,0,0,0,0,0,0,0,0,0,4.66501997,232.44846769,1.34411869,0,0.0830155,0.03400875,3244624.3123232,959621.26436226,522459.64118534,205378.94837568,145257.54624925,201930.77676293,141768.15386433,232.34287911,13831.44726251,351.47488367,2.36846639,12.39189884,0,0,0,0.27409784,0,0.21492343,0,0,0.23706351,0,0,0,0.15017669,0.08191161,0,0.04615111,0,0.07169858,16.53304498,0.07802915,6371.76607162,0,0,26205.58305243,158.29923135,0.2748728,24.4416007,10.43776276,18839.82424353,0,4761.27423625,35973.67624621,497.42778519,0,0,0.03407357,0.25163615,2.85056398,35.93031839,0.32899423,59.76538654,56.89600357,9.07168267,3.00157977,0.34120996,0.49173516,0.05186623,74.39169133,56.02442055,568.94907231,57.41948129,84.5004586,153.08728702,13.94131036,2.53271531,1.09425342,4.13509262,0.92997758,0.55254048,14073.04416211,0.88016399,0.2232869,0.49762957,0.15413285,5.73815729,0,0,0.62433518,6661.33382302,0,0.69812005,0,0,105.25839217,0,3.97100497,18069.77698607,0.24066612,0,13.46385403,2.84787176,0,0,0,0,0,0,0.10938312,0.05951603,0,0.02839334,0,0,0,0,0,0,0,0.02925441,0,0.08486957,647.86892723,4950.66098819,0,0,0,0,0,0.16924335,0,6523.48487277,52.24009724
"GMBC_057",0.77895815,0.40229992,0.17689631,47.81071542,0,0.02829274,0,0.02859873,0,1.18440901,3.16289859,779.93551298,0.36846093,0.3898647,0,0.3410405,1.242458,0,0,0,0.59439133,0,2.6774513,0,0.06278501,0.04037452,0,0,0.03393298,184.89373683,39.78024379,0.13533956,175.92690676,0,0.38450287,5.21862574,73.64961859,0,0.19810249,3.12411603,165.24728726,0.90931206,4.05774715,4.79367253,0.31932088,0.82859141,0.50924126,0.04870323,3.24327707,0.26304416,0.03536415,0,0.2311525,0,13.89136243,0.18144358,0.01233861,0,0,0.25119089,0.041511,0.10974207,0.18950174,0.73255893,1.15637778,0.16109228,1.73531062,0.1676486,68.54318897,0,0,6.06771799,52380.31726076,1764.89183697,89.23663648,0.26747611,0.25440363,0,0,3.90459494,0.86948701,13.86444129,0,120.44003607,2889.93761975,0,0,1.63763113,221.24988953,0.91246331,6.19713139,421.8751486,164.74593451,545.96555212,178045.76549372,1.82227947,3.05788588,6.55373649,0,0,0,0,0,0,0,0,0,0,7.18220699,289.6538435,0.6103654,0,0.75902455,0.04806449,12180531.6351693,2460067.34935046,5441110.72561973,216352.80776047,108787.80131187,160528.64264609,427841.74225706,299.9950284,510138.10842349,2439.64719046,1.17641767,8.16787201,0,0.07335501,0,16.08523104,0.44182224,12.01743709,0,0,10.58730063,0.48039316,0.03319417,0,0.21308562,5.27800341,0,0.29260841,0,0.28156315,303.71150289,3.32847004,5976.43200053,0,0,22217.20607913,491.7697432,0.79390107,56.07591639,10.82989683,12227.88426123,0,3308.16495196,27176.9148957,1142.48365633,0,0,8.07033051,6.71490985,18.36896326,1939.56748997,23.25147655,113.24935866,314.44052927,585.05910417,908.14009196,8.15471591,0.34765722,0.04391992,54.0893996,81.59897816,2423.02556818,51.52046409,154.63350835,445.36322008,1645.70980634,2.91726134,1.94141225,0.92654431,3.77908159,0.32915467,12064.68565027,4.58266848,2.73856473,0.52283364,0.23577411,19.52579373,0,0,1.84677868,8984.84423657,0,0.82209913,0,0,173.07010409,0.05931266,2.77490727,8037.34451943,1.52555749,0,0,31.30363059,0,0,0,0,0,0,5.30893461,2.66546476,0,2.36994816,0,0,0,0.33751116,0,0,0,0.0781581,0,20.55936694,889.84045789,10203.2698097,0,6.67857948,0,0,0,2.70448245,0.21745486,7039.65554239,92.47174758
"GMBC_058",2.43098459,0.33143623,0.25909457,8.01748879,0,0.10502125,0,0.0293302,0,0.56063808,2.52118827,20.26752187,0.8429863,0.61241424,4.69011535,0.21244853,0.26000921,0.00963316,0,0.26456067,0,0.12438238,0.60063364,0.47723053,0.007613,0.13474528,0,0,0.32248217,292.45058652,30.28746067,0.17179987,302.07557325,0,0.31380107,2.8823784,85.20122905,0,0.01203088,4.66659799,223.15379023,0.69618876,12.08827167,14.44297474,0.44548496,0.32281964,0.98657691,0.06351796,4.02477836,0.80015299,0.04554357,0.00516138,0.25691385,0,13.76702034,0.1499032,0.01203659,0,0,0.21355837,0.02937257,0.15730247,0.19443431,0.96613995,1.79719748,0.15622807,1.87299413,0.17988188,3.58715689,0,0,0,80537.31729809,1941.51586497,1.40624866,0.26276058,0.165603,0,0,0,0.5717224,4.08345904,0.10747768,560.85284142,256.67457277,0,0,0.25126401,554.36849127,1.22831147,11.87318325,28.00996698,42.27701461,216.91611607,216793.50949306,1.56016011,1.02741228,10.53320515,0,0,0,0,0,0,0,0,0,0,1.7334972,184.2037878,0.34883313,0,0.26959805,0.16296906,15758700.5121752,2834004.4137139,3216650.28008223,423140.58168248,262934.46454901,382962.62971927,512610.58456489,299.99876581,264381.01521545,2878.24395076,0.7020476,3.29194714,0,0,0,0.63849049,0,0.30043763,0,0,0.3688413,0.01558977,0,0,0.13845162,0.52096463,0,0.57652877,0,0.22148846,75.61930525,0.27126433,15924.97595959,0,0,16279.41317194,284.06868751,0.24257544,44.16735404,6.56106821,23653.54527344,0,4720.89936114,23847.17785204,713.97882632,0,0,0.97216863,2.32411241,1.35252958,207.72561433,1.15650187,95.46473598,65.99982687,55.65447766,33.45858326,1.68929259,0.49550563,0.06213808,298.72433792,84.43189865,1330.65730119,87.9324403,65.73284728,183.91200154,70.74896462,0.84742112,0.55893395,1.08161262,0.40569015,0.17086418,10884.65426692,1.6276351,0.34469153,0.25676274,0.14640219,4.55381939,0,0,1.83001595,5997.06296656,0,0.79681706,0,0,580.22943362,0,8.57593865,9997.87569559,0.4261497,0,11.33565704,30.39043231,0,0,0,0,0,0,0.21073323,0.09352751,0,0.08224189,0,0,0,0.15042382,0,0,0,0.05177021,0,0.28885766,569.74110208,9426.56374541,0,0.94918494,0,0,0,0,0.03800933,15413.43002973,126.29948594
"GMBC_059",5.67041513,0.90907348,0.15940222,30.82692814,0,0.09594024,0.02468935,0.05848656,0,0.46160633,1.89074389,3.42529176,0,0,18.09309768,0.27089339,0.50436952,0.03978933,0,0,0.45134069,0,0.73253035,0,0,0.04811371,0,0,0,539.20917276,70.18502706,0.19313621,1280.00925078,0,1.82252263,18.1770356,12.28068809,0,0.10848669,7.4485118,100.77401024,0.95641208,0,4.92384032,0.71601354,1.01078912,0.71793053,0.04339974,1.97198699,0.55212493,0.20729839,0.00701534,0.23990712,0,10.35947424,0.15871505,0.00552751,0,0,0.19488936,0.0241365,0.16227348,0.19542094,0.98325985,3.20919211,0.11989687,5.41001786,0.06862606,7.27395044,0,0,15.61941378,92097.17446089,1838.76440882,1.75977917,0,0.13924807,1.59525241,0.54281061,0.40376898,0.54670383,1.65262968,0.15133624,532.29764975,980.53076153,0,0,0.38419652,702.88911631,1.19246179,22.04279061,1039.20960814,18.19887043,551.95969849,812355.44845172,0,15.35346866,2.00634134,0,0,0,0,0,0,0,0,0,0,2.89878429,78.8922915,0.24926014,0,2.04915916,0.03874668,3487014.78450969,1558844.88612806,1267517.87262976,293734.26194239,222323.15001911,269342.5511474,284302.56558985,31.23830094,9818.40026977,5536.95411182,0.30409222,1.33533625,0,0,0,0.53844674,0,0.31339745,0,0,2.97460886,0.05353868,0,0,0.53804723,0.64231386,0,0.06031121,0,0.62863154,36.07453347,0.08248016,7923.10875245,0,0,45715.67674135,392.9741837,0.08062573,165.01118419,11.67074974,15971.31798118,0,8170.77896128,56259.29102047,979.76729883,0,0,0.46893654,0.32464727,2.21567624,107.24944559,1.32167345,74.69179941,63.99614972,21.26290605,38.07962138,0.3067728,0.35089847,0.01542788,166.5878957,63.66792774,1809.80216406,98.25534817,31.87020819,97.85797109,52.47819131,0.31915818,1.72319812,2.63616697,0.71479271,0.20722541,21910.07723154,5.64728568,2.96653063,0.65927935,0.18369465,2.48763452,0.85360992,0,1.14381367,9050.96059167,0,0.35708717,0,0,233.76069039,0,21.26339214,23110.07705569,0.30702725,0,0,87.13576364,30.69988514,0,0.03892567,0,0,0,0.2999083,0.07027189,0,0.33303054,0,0,0,0.07073552,0,0.02455688,0,0.03128715,0,13.06705496,1297.34767229,17795.91207123,0,9.41644564,0,0,0,66.81495355,0.13278503,22639.41407386,179.45294806
"GMBC_060",0.66109541,1.86455815,1.21719006,210.3661255,0,0.1108659,0.07461266,0.46131353,0,2.60445006,3.31631244,0,2.54110475,0.16871182,48.46780326,0.26783223,2.18217396,0.09848601,0,0,0.84824089,2.75908304,15.51975922,0,0,0.20104268,0,0,0.22883974,237.76237346,53.87562905,1.5782767,275.85892096,0,0.41352203,10.12238789,3.18635512,0,0.24830793,32.82716854,282.97890375,0.96552399,84.56317626,21.3858866,1.61752825,0.59913092,2.21824444,0.10135045,12.20528733,2.57847529,0.04574234,0.00266841,0.35741256,0,15.99116095,0.34084644,0.00590864,0,0,0.27217597,0.03499823,0.85511452,1.77777774,21.91748364,40.67594783,1.39383927,14.58823234,0,514.29774115,0,0,0,418537.0460189,951.18390864,352.00690121,0,0,0.63958599,0.87488378,1.59030759,0.53019158,2.29161399,0,25.47028541,4975.99970523,0,0,2.73600604,1033.70623563,1.92688881,7.05961029,1726.79198098,15.74759763,1241.83498877,10783.05241939,0.99673563,9.14610406,16.84043995,0,0,0,0,0,0,0,0,0,0,34.19831952,103.91747126,0.26366463,0,0.87041168,1.0764853,28581008.6509575,15198436.4550988,8288614.81460187,264243.84579749,120516.52116797,234752.09737149,577361.30934332,849.11408933,14331.44909939,9649.74297487,0.34803266,1.19759213,0,0.02998355,0,6.07952332,0.21728698,1.91297819,0,0,3.70610583,0.15046819,0,0,0.14993974,10.69073927,0,0.43342977,0,4.71520279,44.68907682,0.55277394,16017.48135462,0,0,29557.11354832,234.25761794,8.24275066,122.13724057,39.40138079,13320.24134135,0,1444.01728756,51354.36815224,1407.44261696,0,0,44.69563828,8.81394712,4.09738822,1636.59758687,9.71008906,100.16216177,418.84063255,705.78121916,508.76689124,10.00332849,0.51493785,0.09107826,91.86266116,90.7084504,3690.66510211,305.55112211,300.67582689,542.81992275,452.35951776,4.69454069,2.13833899,1.89808953,1.72547101,0.24159609,27266.48986012,2.55559812,3.77498635,0.32221803,0.13950543,3.4652247,0.43380677,0,2.0659383,13187.87389754,0,12.57768955,0,0,1737.49751452,4.42505972,4.7092879,11837.45012001,2.6846639,0,0,202.36534558,0,0,0,0,0,0,5.58676818,0.65898498,0,2.70208907,0,0,0,0.55248349,0.93464345,0,0,0.1962567,0,62.23514187,2189.52337725,24026.8555597,0,46.39540255,111.22518157,0,0,89.48025687,4.48148629,3015.88505418,493.16595183
"GMBC_061",0.29419018,0.31081938,0.27768845,2.04248635,0,0.00460039,0,0.05877023,0,0.23947831,0.50746544,0.63680865,0,0.01133174,3.46292185,0.04631856,0.26694847,0.10770503,0,0,0.37485332,0.17195475,0.3804947,0,0,0.01320953,0,0,0.11745504,110.44446953,70.30076712,0.26966274,188.8318967,0,0,3.03045732,44.3175182,0,0.0325177,1.35097791,32.39248393,0.33535011,3.4544481,4.45307872,0.12299031,0.03764037,0.83004217,0.03229733,0.98091857,0.14877276,0.01319605,0.00862767,0.18714742,0,9.65708293,0.07662831,0.00585075,0,0,0.184862,0.01976889,0.26941611,0.11649956,0.83023225,1.36867666,0.12493001,1.23252192,0.15226645,2.94845447,0,0,92.33506505,24283.93673231,1066.82319285,1.58170395,0,0.94925254,0.89441942,0,0.28599933,0.38346492,1.54341504,0,235.06919312,102.63412256,0,0,0.29321162,105.20411617,2.25810636,0.09543605,204.71947997,14.63004235,250.35386781,47519.78814999,0,1.3214122,2.30874533,0,0,0,0,0,0,0,0,0,0,5.84036896,70.7612054,0.17240226,0,0.07519826,0.02893571,1129051.47407206,254024.74243127,82534.22138972,53973.06775172,41940.85245772,55574.92537547,31750.38030192,0,3678.35885587,216.14100957,0.36282898,1.148065,0,0,0,0.08235758,0,0.04308511,0,0,0.07791715,0,0,0,0.06477897,0.15707918,0,0.0126516,0,0.04506653,17.91106273,0.24067966,2633.3329413,0,0,7559.23614172,146.58649034,0.075001,29.47073601,8.60771956,5676.46911353,0,954.94406094,10451.00439597,522.35105171,0,0,0.37088139,0.13604147,0.18632511,38.64606593,1.40764562,60.94318734,11.25306378,314.87266394,29.86538269,0.10490184,0.15708065,0,13.02462674,58.23786043,125.51697836,7.75514873,12.07966115,70.55007958,28.16146166,0.0322266,0.29958646,0.88737796,0.40133358,0.10575713,4329.16206027,0.22689537,0.20693262,0.0681399,0,4.31786829,0,0,0.24877899,3030.27102367,0,1.93004683,0,0,22.70229953,0.01913183,7.10625139,4516.41316463,0,0,8.91815542,10.85597216,0,0,0,0,0,0,0.08181122,0.05311365,0,0.03592769,0,0,0,0,0,0,0,0.02093669,0,0.50414416,236.14930214,4047.08409613,0,1.13144455,0,0,0,0.26885057,0.14287909,2720.07783284,27.54686461
"GMBC_062",2.35219203,0.13129556,0.68366624,31.37314157,0,0.07542968,0,0,0,0.12559106,2.06816798,0.30343598,0.43107033,0.02073946,0.34205912,0.71609347,48.64478144,0.0447428,0,0.02503046,0.25099008,0.46624154,20.98419895,0,0.01133456,0.00071353,0,0,0.0390456,563.76880949,1.06370002,0.77813843,670.09182828,0,0.17261846,3.10497968,6.41259933,0,0.41239979,41.80949172,47.89505682,0.948013,0,4.48012645,0.42100014,0.46095593,0.64323897,0.05540314,0.25248432,0.08134483,0.03092263,0.00663085,0.18415794,0,10.33236415,0.11955474,0.01280167,0,0,0.18537129,0.02355296,0.14308597,0.65692983,7.61449915,11.60567201,0.25649858,12.77748553,0.10453293,80.49896927,0,0,9.49557906,383802.89824107,2742.91753369,77.74418405,1.34796529,0.05875712,0,0.11582076,0.55065665,0.2329646,1.04372831,0,399.03492031,1173.52729345,0,0,8.23334954,847.21655063,0.9478889,4.17609111,147.40580461,9.98536484,1066.08568765,2739.47353318,0,3.48186618,2.10296781,0,0,0,0,0,0,0,0,0,0,17.91190497,77.5568894,0.25173188,0,0.12350599,0.0396135,2481981.32305288,803015.08746256,315631.63369615,75172.58669707,55573.74816128,67685.42503553,32773.47638962,357.10018618,23121.41137203,244.64528761,0.3854443,1.67402766,0,0.01994387,0,2.11412104,0,1.73352854,0,0,3.56471085,0.04577559,0.01251649,0,0.26266931,0.67863366,0,0.39288199,0,1.6982027,20.20108326,0.57802303,5935.59687179,0,0,28038.37966466,200.2357614,1.09913133,19.92935773,10.44024174,3935.4377547,0,2286.7029071,39153.75995093,678.02676074,0,0,10.34830088,2.01930631,2.3420037,481.78956178,2.12667869,63.91059944,130.01802199,21.69440993,17.07128645,1.00497557,1.03611318,0.14339716,154.77044713,59.06919103,2215.01751198,61.31969936,117.06964302,188.40889404,43.08086885,0.67256846,3.69532868,10.41026856,1.4283626,0.10893595,14511.87309184,3.04401849,1.57300192,0.16488707,0.01990325,2.71103362,0.22538724,0,2.23653343,7790.27345422,0,1.33772597,0,0,163.23831919,0.01270055,44.3173226,13897.42974673,0.47540206,0,7.38673956,6.22586649,0,0,0,0,0,0,0.56766507,0.71660502,0,1.10196018,0,0,0,0.07898012,0,0,0,0.12811577,0,5.04105222,1348.22109809,13136.75271857,0,6.12237156,40.31278939,0,0,12.48965784,2.65798632,5631.07343669,479.22740229
"GMBC_063",1.56055756,0.57409522,0.11862152,5.15986474,0,0.01961922,0,0.06633483,0,0.3213414,1.10802889,34.91475498,0.47596722,4.58827044,2.49225953,0.26275337,15.7791176,0.02210973,0,0,0.32944792,0.19889677,0.88576101,0,0.01165947,0,0,0,0.04425585,92.47872154,24.78007234,0.14360829,474.89563842,0,0,1.8751308,90.63618768,0,0.06900855,2.83966572,67.44076726,0.40333879,10.04714138,12.98823039,0.35060558,0.14231517,0.76700097,0.05143335,3.12212653,0.82785584,0.0309988,0.01284696,0.23611643,0,11.49830774,0.11604665,0.00423118,0,0,0.21629244,0.01752322,0.04880069,0.12039178,1.06911481,1.66493246,0.10469041,2.4405174,0.06764287,1.10922572,0,0,1.10808529,25891.15664779,1978.38466496,1.27060844,0,0.28429078,0,0,0.59791406,0.29439943,0.90548472,0,481.58617234,218.61676301,0,0,0.23322487,123.29690484,1.24664004,6.2893972,23.89481738,9.93375317,107.48929411,60960.1488214,0.8560396,22.00755119,3.36938511,0,0,0,0,0,0,0,0,0,0,6.57680478,136.80431911,0.16866327,0,0.09667458,0,2250049.44759179,524407.62558241,108691.70022918,66023.68633653,45670.50878983,59498.78858687,52237.37485476,14.44421296,1379.17383649,361.65384354,0.35942732,3.10940419,0,0,0,0.25142382,0,0.2143211,0,0,0.15631336,0,0,0,0.07487608,0.04440337,0,0.07262532,0,0,54.23002008,30.8120791,9968.63322853,0,0,16402.87259729,151.35335991,0.48515516,70.47688153,10.96410291,12728.20851703,0,2744.89728156,21487.79384148,628.67281948,0,0,0.40087921,0.22079355,0.39894674,79.73228731,0.77558946,83.25462525,31.59344443,28.58882048,9.33015385,0.35043276,0.21859598,0.03441931,215.84338191,66.29310286,2027.4333365,109.10595143,38.01726591,157.97537456,41.03893985,0.44422622,0.57425927,1.03017249,0.46484194,0.31299344,6491.88312057,0.58342994,0.20861342,0.09462576,0.19857582,1.5318944,0,0,7.72419153,5582.78849006,0,1.11280737,0,0,391.54090203,0.00851217,9.41636852,15040.92844469,0,0,10.3881368,31.80234309,0,0,0,0,0,0,0.23282516,0.06875765,0,0.0198695,0,0,0,0.04840777,0,0,0,0.03427393,0,0.33724673,521.35008247,6733.38155934,0,0.62125474,0,0,0,0,0.11290528,2927.2464824,66.41859551
"GMBC_064",4.01036658,0.2620156,0.17002516,25.67017521,0,0.03106948,0,0,0,0,1.82526895,6.38053759,0,0.59542989,15.06250574,0.22141626,10.28447278,0.06355167,0,0,0.29696354,1.11057192,0.99498122,0,0.04106736,0.08606234,0,0,0.07823287,233.89837478,72.19284936,0.28804612,1077.96057343,0,0.29216254,7.06391981,38.86417091,0,0.02686249,2.51513524,93.34923563,0,19.28916444,8.06756346,0.3444958,0.50991682,1.12776585,0.06051484,1.40298116,0.47442747,0.05825703,0.0120547,0.20674819,0,11.77246737,0.12484525,0.01539735,0,0,0.18523407,0.01623463,0.6206354,0.18496706,0.68521845,1.27476342,0.09189243,3.36650925,0.09854561,5.04033246,0,0,0,37476.53170895,1678.89011551,5.75667854,0,0.1693809,0,0,1.18719221,0.31322168,1.68846011,0,363.71840683,1420.68715845,0,0,0.18953806,227.19043201,0.81384542,3.17568832,16.34970164,11.11923114,333.08813029,217733.37114585,0.99302385,3.54263419,4.04893942,0,0,0,0,0,0,0,0,0,0,1.92733127,69.13741849,0.1835328,0,0.26588248,0.03015774,5289420.10473561,1261509.93292394,1352244.18092612,176610.4500509,115445.17394782,166456.46919148,249267.54297465,253.73427811,199578.29460421,708.24955857,0.3243753,5.36189866,0,0,0,1.13913607,0,0.71349811,0,0,1.55782637,0.04656977,0,0,0.19569858,0.46210481,0,0.22063982,0,0.27438051,130.81425696,0.65194721,12010.98820724,0,0,21006.27178381,346.30132437,0.03653853,192.42659801,15.47756657,14922.43352224,0,2793.14532397,28212.1277635,864.61833104,0,0,0.27000986,1.26243155,0.50183006,243.99305617,2.61876342,74.81913643,39.74483695,130.66045258,36.93098979,0.35775835,0.17606073,0.0263807,85.87574585,65.50668271,1293.59254295,43.57770552,34.6248575,194.39873539,104.73945663,0.66070576,0.47513576,0.89990025,0.54474698,0.09666949,11636.59649655,1.70684693,0.78113926,0.75142716,0,1.6953686,0.39430494,0,0.58970354,6707.14211202,0,0.61120935,0,0,300.53950993,0,3.4096882,13448.46676692,1.440056,0,10.77111551,8.61667349,0,0,0,0,0,0,0.21537787,0.11490532,0,0.18177463,0,0,0,0.1660763,0,0,0,0.04576742,0,4.93754327,794.15630157,11033.42572544,0,0.69206588,0,0,0,0,0.0417686,6986.16220198,86.09260946
"GMBC_065",0.79458126,0.2829239,0.02654039,4.9195013,0,0.01390394,0,0,0,0.16152248,1.35549973,1.67895943,0,0.23691135,3.98591468,0.09295547,4.2684532,0.01305249,0,0,1.98466848,0.2066262,0.28428807,0,0.01179706,0.01317282,0,0,0.09894748,424.8704479,46.9769384,0,854.54010479,0,0.21312614,2.41700226,99.01162612,0,0.07188164,2.69108457,50.45653647,0.32275984,4.71632355,1.96969252,0.30186449,0.33197927,0.379885,0.0129771,0.97024938,0.26710058,0.07645971,0.01851956,0.16477961,0,8.80069753,0.10185327,0.00824639,0,0,0.14839205,0.01291633,0.22841054,0.06619197,0.34162121,0.49982532,0.05734805,1.0507104,0.10871842,0.94929274,0,0,0,294987.19488994,3217.7432802,1.46098891,0,0.11216409,0.34061092,0,0.66119091,0.09242891,0.93215313,0,364.8901736,389.99955732,0,0,0.14604728,544.17685117,0.76841949,1.2899902,6.39954082,3.54845717,1282.96683178,152358.92953169,0.18421478,2.45896733,2.86836177,0,0,0,0,0,0,0,0,0,0,2.32765425,132.1594236,0.12668033,0,0.13512053,0.00866385,3661201.96478254,1425724.22163558,2270833.86204698,408822.82750747,340495.59639836,460714.74423798,486282.97563167,122.90609754,85988.37731359,2043.05972243,0.21167819,3.5858049,0,0,0,0.16452403,0,0.12639173,0,0,0.60579873,0.00455171,0,0,0.2046769,0.05952443,0,0.02955846,0,0.10274131,54.35918846,0.33756498,5175.35127314,0,0,16399.94828059,318.7301424,0.01241419,10.21899864,6.80504359,6779.73437827,0,3201.6000528,21131.60663883,754.86703213,0,0,0.17002195,0.33410576,0.43099576,55.2489176,1.13039394,60.19334795,23.76307053,9.9071944,6.59165009,0.14303248,0.18413144,0.06414798,85.35187249,51.04225638,532.04059705,34.6273296,27.90457901,48.61976502,17.28652412,0,0.70619786,2.05095253,0.3660214,0.11570471,6139.0203989,1.25752608,0.18444733,5.51471925,0,1.62818347,0.27666529,0,0.83285833,4147.89394351,0,0.21028526,0,0,60.48392878,0,8.64182306,7130.5932551,0.28955034,0,10.0884005,13.52305879,0,0,0,0,0,0,0.09682842,0.03629939,0,0.05640702,0,0,0,0.02403795,0,0,0,0.03011616,0,0.947262,312.57140122,5736.86419987,0,0.79984054,0,0,0,0,0.07131565,5251.3855095,239.03588343
"GMBC_066",2.73706733,0.58268214,0.12511333,10.34003112,0,0.09019733,0,0.11100744,0,0.53325231,4.73187616,14.00878626,0.28511964,1.55059613,36.19150535,0.17813453,4.99294698,0.10770462,0,0,0.55413925,0.18157228,1.14731472,0,0,0,0,0,0.32606456,481.13146793,79.50994404,0,1010.22335384,0,0.61098275,2.58938566,56.3330635,0,0.02426335,8.72420198,84.95954818,0.88017788,7.75970739,30.43230099,1.21156665,0.17453838,0.83088538,0.08669265,3.47818296,0.85729542,0.08818795,0.00596465,0.29224606,0,15.61933863,0.18778031,0.01854683,0,0,0.28306631,0.02250557,0.10148764,0.17174984,0.79183635,1.25518201,0.11280817,2.87836089,0.1247967,3.10257276,0,0,0,162001.94479552,1695.77369239,1.74734634,0,0.13613188,0.30686178,0,0,0.42943186,1.23234412,0.18281719,707.76171836,518.5285939,0,0,0.26023643,565.5732415,3.07656345,13.42229343,6.82032565,8.37896117,738.32749031,490593.50019802,0,1.30878674,10.63387747,0,0,0,0,0,0,0,0,0,0,4.39593069,351.46807354,0.210305,0,0.30068587,0.04859322,9384124.26851671,2274154.65800641,469438.1504197,341172.88192288,251845.30728138,344222.08107016,272415.45712997,161.25000926,63722.00585932,2283.8379494,0.4078993,5.63465007,0,0,0,0.50531537,0,0.43530111,0,0,0.94198113,0.01504327,0,0,0.20745135,0.30332922,0,0.05375261,0,0.15696523,52.18603631,0.90483192,7890.78160062,0,0,22470.52424036,293.67816917,0.03385883,12.09007653,13.80140418,16486.92346104,0,4521.7181059,31617.5066935,1073.91607618,0,0,0.76812565,2.82779419,8.72437564,359.78724715,2.41028435,110.74019449,234.17652731,94.6029503,38.57756084,2.26381027,0.37956686,0.07686936,430.13305573,93.12802231,4862.59968961,135.44220967,339.95677585,779.57613245,210.6121082,2.08710429,4.22050576,6.76646678,2.6241792,0.38005765,13234.31674415,1.46120376,0.18304612,0.57434858,0,1.80858982,0,0,0.69695413,7469.2482472,0,0.88589188,0,0,282.58421054,0,28.65952501,16904.99288337,0,0,0,11.6726991,0,0,0,0,0,0,0.12834251,0.05409939,0,0.05193562,0,0,0,0.01891794,0,0,0,0,0,0.78845378,670.55874783,6198.68356135,0,0.46545947,0,0,0,0,0.04135092,11487.80173913,166.58975463
"GMBC_067",2.21229786,0.2241024,0.13397986,0.7469148,0,0.05378814,0,0,0,0.70216325,4.21127855,0.21270235,0.22781184,0,5.05372538,0.07223462,2.90895722,0.05125809,0,0.24014658,0.60746163,0.17104378,1.16695191,0,0.00370815,0,0,0,0.07886977,400.85910652,18.01480549,0.10826729,174.54540676,0,0.20086089,0.81270822,62.33005532,0,0.01839127,3.73255406,61.38670384,0.11520984,10.50999654,18.02262089,0.32734927,0.09540234,0.78985117,0.06763936,2.29009778,0.49050544,0.04201578,0.00332156,0.29902776,0,13.55377036,0.16833522,0.00722818,0,0,0.2503766,0.01519611,0.15429236,1.01522133,2.3189541,14.43476879,0.3751928,6.31229426,0.19818071,1.73559733,0,0,0,49509.85120493,1772.5852699,1.24415908,0,0.22237968,0.54689254,0,0,0.41864313,1.09932837,0.14185832,688.30257232,37.9393271,0,0,0.10171119,293.91772159,3.00253059,4.79717016,7.312418,6.30419906,107.96571733,188342.30337794,1.155091,3.43829891,4.22103843,0,0,0,0,0,0,0,0,0,0,8.91316906,267.72118889,0.22016579,0,0.06019582,0,6914989.56309445,1434606.21786883,1019685.56060946,218127.49717187,148339.89143669,197024.69982684,255067.90574315,283.04568686,89089.5300411,4316.62342505,0.17175687,5.3450757,0,0,0,0.45980012,0,0.23767814,0,0,0.16759017,0,0,0,0.07988152,0.29398723,0,0.0212119,0,0.06974613,21.34935682,0.05170958,13164.19479193,0,0,21149.42027698,106.79934357,0.05733275,27.98816114,9.44783228,13753.49537273,0,5330.67451892,27750.51748176,458.97788285,0,0,0.09091242,2.27764698,3.54439448,139.71939163,0.58063978,112.39904978,126.28336538,47.80956358,8.19009172,0.32773445,0.09926614,0,128.67935517,81.94189412,950.56206357,46.06303454,128.91780323,208.65500484,77.0123923,0.34901209,0.85099651,1.43431116,1.73723995,0.24172468,11621.39944955,0.36124183,0.0864125,0,0,1.65058328,0,0,1.31514875,6817.68209154,0,0.70388507,0,0,384.40886073,0,39.43551418,22032.39431097,0.57882637,0,10.43736117,14.81405649,0,0,0,0,0,0,0.31287178,0.06584354,0,0.07063368,0,0,0,0.04680891,0,0,0,0.03406909,0,0.04795866,645.33148838,10497.72432392,0,0.18834787,0,0,0,0,0,12593.94027177,41.80677364
"GMBC_068",1.31543476,0.40930155,0.30636215,12.59790767,0,0.0779661,0,0,0,0.30763516,0.39108047,2.34503424,0.23485502,0.18294633,33.02683212,0.09251062,3.93755656,0.08274357,0,0,0.30909392,0.19148779,0.28464288,0,0.04868242,0.08912291,0,0,0.10916453,128.04491654,96.60250857,0.49899901,383.8224028,0,0.82267113,6.18308401,21.13501237,0,0.06379131,1.11495783,89.80119949,0.46640445,6.46173409,5.38760253,0.32468646,0.16368515,0.55440153,0.05017881,6.35465382,1.65961684,0.05022264,0.00397546,0.21790246,0,12.13762952,0.13752165,0.01247969,0,0,0.23039504,0.01686548,0.06473206,0.11447179,0.42287013,1.3325783,0.07388468,1.11697232,0,0.7536031,0,0,0,29032.54227801,1176.82256846,0.72580859,0,0.1554009,0,0,0,0.80467892,0.84043902,0,404.59665885,609.67420452,0,0,0.09505846,158.90191643,1.68572446,4.41482118,4.30602883,2.50499131,243.47690943,373661.65643412,1.04353316,12.91378881,1.72723298,0,0,0,0,0,0,0,0,0,0,2.56871387,241.21932835,0.13026624,0,0.06751788,0.00864577,2469547.48558177,435970.83941939,58786.106415,77000.620087,52943.53616545,81488.29614925,43899.08800036,59.52862902,7241.16048696,258.91118662,0.22728209,7.49275782,0,0,0,0.07828889,0,0.03786393,0,0,0.32936508,0,0,0,0.08384179,0.0196921,0,0.0291951,0,0.2806612,43.76442362,0.90010824,8666.87285794,0,0,11740.45409321,222.83080708,0.32181233,8.54848209,12.27684289,24066.15299798,0,2889.74021358,17381.42331671,618.49431255,0,0,0.10634847,0.4654751,0.90606751,124.82903559,0.94016724,83.85743236,39.51991542,29.23292841,27.22650284,0.20586681,0.23958128,0,191.76147987,70.35993956,1789.7879988,240.01988175,119.89580461,173.05652371,87.8201669,0.88153295,1.10211474,2.27671495,0.72123506,0.37662551,4545.43336807,0.38740832,2.25141504,0.44820374,0.19802391,1.56291133,1.02837625,0,1.7861406,3683.18663781,0,0.5612155,0,0,85.50133087,0,8.39849804,7840.38806896,0,0,11.1536089,10.08308491,6.6050272,0,0,0,0,0,0.05401041,0.04362338,0,0.04234754,0,0,0,0.02047216,0,0,0,0.03411699,0,10.23593829,370.09302165,5028.98135089,0,0.87059672,0,0,0,0,0,6126.33947684,59.95711201
"GMBC_069",4.91662582,0.63947623,2.38781309,160.70579073,0,0.211406,0.00885997,0,0,0.46474386,11.8046659,23.4599824,3.59455554,3.73957804,0,0.19931647,1.87394703,0.13942925,0,0,0.46813327,0.98108809,57.6389542,0,0.02455366,0.28537031,0,0,0,826.09984315,10.66083042,2.60296286,2053.60296931,0,0.61315315,39.85703112,5.75350516,0,2.72029081,160.48642476,262.55520038,3.36358613,39.20587027,26.02959069,0.4793882,0.10647986,2.04619083,0.20487415,2.16931094,0.58621268,0.02904612,0.00716181,0.30190173,0.04168338,16.77787004,0.11763066,0.01009089,0.15141252,0,0.29503773,0.1160523,0.48494769,3.75107857,86.3458402,76.25812054,1.06896323,41.95517455,0.60020629,237.81538519,0,0,27.7476491,784535.73562067,6200.37269111,412.34605735,0,0.21278241,1.52735979,0,0,0.59129843,1.3530462,0.8581249,832.50145355,6917.87188421,0,0,2.26631918,2774.1132089,1.72799403,4.88579791,1856.78434977,2.67823304,1230.001381,182332.11208036,3.76815981,10.23881636,13.08632863,0,0,0,0,0,0,0,0,0,0,6.93381367,281.99163807,0.61827822,0,2.58970375,0.25912756,4566856.9454619,1484388.94728642,487696.94926997,148658.85516714,96812.31495089,114138.86742102,166803.51584243,187.20709256,4268.37139505,2754.10583247,0.47873232,5.70506099,0,0.03056358,0,15.59152809,0,8.93967528,0,0,27.16202896,0.03763406,0,0,0.63432031,2.34372444,0,1.07054421,0.00760356,4.28761681,37.15298679,0.54128587,10054.30272342,0,0,30324.01760532,522.97469582,31.91149016,22.62646277,13.34195397,6450.36858409,0,5398.0458828,42941.61284075,2027.70254619,0,0,11.47371748,0.8097023,2.61358748,471.43818575,18.23752446,111.07278748,283.4366976,101.18158133,23.8469761,2.75372034,0.62442447,0.29932303,206.69734364,96.89336473,4054.2982858,237.79301047,127.07854664,250.79323049,44.29962163,1.01176717,4.39298833,3.72241301,0.89911148,0.26807645,14354.90210452,9.67759333,3.69862286,0.92885833,0.30922053,1.50156079,1.49629923,0,7.95127596,9052.14095936,0,0.40781605,0,0,626.84364328,2.26208257,40.8727997,18284.8461277,1.13753046,0,0,62.58836977,0,0,0,0,0,0,1.08382789,0.33546219,0,1.60632007,0,0,0,0.23589302,0,0,0,0.10092015,0,44.59747689,895.06324381,13581.79128988,0,321.7500403,165.85937015,0,0,308.47981767,8.14789882,14996.9218843,1495.46166246
"GMBC_070",2.6479531,0.47747701,0,126.14701294,0,0.11329048,0,0,0,0.34221021,7.7246022,15.70199202,0.59865745,1.63242629,21.61572283,0.05854983,0.65262128,0.11174331,0,0,0.30494692,0.15824415,0.61502763,0,0.01504589,0.58375445,0,0,0.44696169,274.23325958,2.18108993,0.06268201,178.08548243,0,0,1.41865878,164.42894339,0,0,3.09653573,88.51943824,0.42735005,0,4.01392516,0.47931326,0.06639763,0.49088455,0.06581385,2.14723814,0.17461339,0.04479023,0.01057299,0.25784337,0.04453302,11.15271397,0.09511771,0.00923947,0,0,0.20222287,0.01918652,0.17479873,0.16443333,1.30726741,1.69982627,0.08916574,2.05212209,0,6.51645329,0,0,0,67586.70754337,962.11767522,8.22596525,0,0.17891168,2.27461897,0,1.04690961,0.36087714,0.52795601,0,633.80543496,74.2310177,0,0,0.59877755,188.81467731,0.76511496,22.47828841,299.87789773,1.92566064,536.412326,222898.96617668,0.37174379,0.65541591,2.61536692,0,0,0,0,0,0,0,0,0,0,1.91198065,211.87984015,0.45430981,0,0.03468279,0.03114728,2797692.87806388,594849.53986997,247599.49301062,99150.80511619,61979.2049394,89278.34294821,90566.3958165,120.61779995,26954.99162497,624.64446962,0.31745205,3.18319353,0,0,0,0.97858444,0,0.55997284,0,0,0.79029563,0.01405776,0.0030266,0,0.10086048,0.48459913,0,0.02684518,0,0.16516848,21.1544377,0.11787797,9675.02726847,0,0,10439.44725107,214.41210528,0.20006787,73.76905232,10.19629029,16325.14105401,0,1797.74001143,15388.1827394,546.82963469,0,0,1.63726121,0.74151238,1.07720542,330.16300276,1.74909755,67.62453682,66.82082652,188.95400282,128.41441,0.50533722,0.21220683,0.09312621,250.22252306,66.36340721,1894.55729896,131.11399211,90.72623356,179.82011573,139.53215123,0.83036365,5.11652425,3.72337298,3.64772491,0.09337092,5510.81656549,0.72345183,0.28535851,0.1581952,0,0.87084313,0,0,1.13211751,3052.16340967,0,0.18130706,0,0,114.07676851,0,20.86033354,6122.0743415,0.68839378,0,0,10.50577785,0,0,0,0,0,0,0.73829267,0.27630336,0,0.34536504,0,0,0,0.07052647,0,0,0,0.02926927,0,0.44563863,315.22998002,4344.60296037,0,1.58273356,0,0,0,0.87988032,0,6244.28858391,80.90871576
"GMBC_071",94.21258885,2.57363754,0,24.12907364,0,0.02475773,0,0,0,2.24934455,35.32752343,1.40761237,0.42990951,0.17981356,5.01700363,0.03055544,2.1759066,0.09526373,0,0,0,0.14453763,0.42004436,0,0.00961173,0.09329322,0,0,0,185.68553902,107.38386994,0.06084843,163.63592819,0,0,2.9401808,70.45596539,0,0,1.79228049,305.52935204,0.71394598,0,3.13958035,0.36306059,0.31380318,0.79919114,0.10212255,9.45277743,0.9576021,0.08527525,0,0.32978242,0,15.0750495,0.13204085,0.00589218,0,0,0.25962884,0.01850212,0.05524529,0.12148252,0.72675043,1.08744932,0.07462184,1.64126638,0,11.48009058,0,0,0,25373.79724329,1296.79062431,2.43490705,0,0.82881176,0.63961683,0.74054615,53.45362361,0.25173549,0.48097167,0,313.90601109,371.75332995,0,0,0.3759723,201.7959449,1.59328303,5.83619076,54.27007227,2.87616557,213.73983403,584416.74276763,1.78713081,3.0783398,1.24095036,0,0,0,0,0,0,0,0,0,0,6.26944742,260.00750892,0.22784771,0,0.05241728,0.00722225,4933624.38257992,1286699.35293113,1490432.57634159,321450.40278254,245773.38132041,321148.40691427,248178.20084262,287.1728809,42565.05679016,842.97975964,0.34417543,6.40587501,0,0,0,0.30590408,0,0.21006431,0,0,0.86335948,0,0,0,0.2753622,0.05812053,0,0.02767329,0,0.1962862,43.41837732,0.39432409,4670.64641538,0,0,29972.69371764,166.97372094,0.24685101,224.98236554,12.51176413,12267.47415652,0,4415.06842482,42398.81484903,751.96156572,0,0,0.08256445,0.57572534,0.76053505,75.00683603,1.10007427,103.76513377,22.84252217,31.19715667,11.41937405,0.16519654,0.15161373,0.04290576,224.23239342,85.60726996,1569.84780877,122.06876675,34.25472107,95.31141913,32.37656932,0.38369181,1.18692207,1.65414771,0.24307094,0.12729134,13402.59915509,0.62358607,0.41427839,0.79097227,0.4108601,0.91639097,0,0,3.58572946,8683.87643868,0,0.52613414,0,0,630.69438592,0,18.81373232,19857.89718681,0.23417606,0,0,41.19373012,0,0,0,0,0,0,0.18935086,0.09256151,0,0.11266352,0,0,0,0.05235837,0,0,0,0.02734871,0,0.98426814,582.29032687,12442.63792286,0,1.13590141,0,0,0,0.52140193,0,10220.34882111,83.17668743
"GMBC_072",1.48889511,0.33121445,0,22.25881748,0,0.04325796,0.00391278,0,0,0.3640098,1.01745908,3.33561797,0.1354598,0.33739074,6.14858767,0.37596188,0.62154949,0.02764421,0,0.03180776,0.40883907,1.72642209,0.77395435,0,0,0.05609877,0,0,0,264.48660952,32.78995387,0.08093032,489.35886344,0,0.2828997,3.16983205,7.59750935,0,0.07183595,4.61744766,126.44814764,0.13552309,0,3.01477502,0.75024235,0.9599014,0.54600936,0.09439389,0.66716525,0.52178201,0.15270376,0.00224517,0.1540267,0,9.64133924,0.09314276,0.026549,0.01350657,0,0.18054111,0.01666992,0.09627875,0.45431013,1.44520704,27.92524717,0.93712915,12.5347924,0,6.74545794,0,0,0,51489.209525,1687.26575557,2.55287474,10.46657345,0.15377501,0.68433363,0.03867198,0.49801607,0.24422612,0.57659012,0,202.167414,1471.79517004,0,0,146.13342123,288.11898927,2.23362114,2.0912632,948.2851292,1.75491218,345.3292007,407364.42925652,0.3903664,11.26346141,9.50968827,0,0,0,0,0,0,0,0,0,0,3.63646254,98.24733933,0.15172175,0,0.09184951,0.19085751,3260901.13797327,1153301.75738185,786069.98074512,200884.83937237,162658.3723826,210148.99849339,242667.20617878,427.47522927,50167.06044395,4742.20558217,0.16067944,2.44175666,0,0,0,0.26121301,0,0.14326106,0,0,0.36824673,0.00630476,0,0,0.08363267,0.03785971,0,0.01599724,0,0.36736008,46.86846819,0.38224773,2285.88172015,0,0,6574.0695509,379.56954189,5.74844899,49.14669375,9.16174383,16611.64584989,0,3332.17597091,10393.1694684,1154.11331278,0,0,8.10600241,0.82943402,1.22582388,451.50979756,2.59436698,61.35671052,109.34030159,77.58924132,33.63371557,0.86267254,0.55381566,0.09418316,149.48844014,57.18841736,1735.28434391,68.77530931,103.05334644,338.92519988,127.18398178,0,1.40154386,2.84387014,1.43262143,0.15041078,3703.09326042,1.97998782,1.53975374,0.13170647,0.05365647,0.67818466,0.14874,0,5.47409161,2309.97913034,0,0.22575656,0,0,131.32990595,3.98413931,3.89161757,2253.92502126,0,0,13.08992842,345.76673084,0,0,0,0,0,0,0.15089304,0.052361,0,0.117748,0,0,0,0,0,0,0,0.0190983,0,10.74244095,152.12375278,3365.41614801,0,5.36644629,14.1331629,0,0,100.92187832,7.48556616,8010.41736914,48.14125784
"GMBC_073",5.19812663,0.40422557,261.37588362,56.13698319,0,3.07980417,0.78592237,0,0,2.03914846,11.12280986,0.97500977,2.40783586,0,70.87017639,0.49376019,1.69663545,0.05440073,0,0,1.21981416,7.91386878,1393.21406389,0,0.31246564,0.15208416,0,0,0.2064729,1051.02911555,3.47935602,297.76929815,1071.28385928,0,2.41233744,30.63584987,2.11081699,0,14.74442272,2399.35509604,1256.15798288,54.40569638,223.84353622,92.69653673,19.11543911,1.91106755,13.24551215,4.88293175,77.10099848,31.42765427,3.05883869,0.32534925,1.76052324,5.79723855,37.74951306,9.88719768,0.70721285,3.0779969,0,2.38884407,10.68051492,61.64783548,61.55426917,281.64119548,335.90433816,17.23801017,83.4462586,7.31294138,4012.37708389,0.09222759,0,20.20692853,1588648.9099411,3654.20587737,4679.51095795,249.61635923,0.49965288,0.42264406,0.66284965,2.30842944,3.47914429,6.96363798,7.45685292,122.92021807,2525.00475149,0,0,348.44437891,3716.4154774,10.95138545,12.11833057,3630.8222394,1.85443636,1610.36348274,18919.02427722,0.7861277,170.17526037,26.14092469,0,0,0,0,0,0,0,0,0,0,11.73339528,426.84104497,3.64473165,0.19354442,5.00785339,2.50232059,50613347.1626444,11842364.2336335,4909486.02969526,237897.97222108,17892.28617428,78619.20590931,632006.16163052,410.37006696,27374.50228382,442.22501883,0.75924351,4.89258275,0,0.70521168,0,48.43046959,9.3723708,28.31904212,0.29943997,0,12.09743595,7.93523601,0.16763775,0,0.49864516,112.15644693,0,14.50611089,6.13147534,56.29525665,3264.75708296,1.04821473,20016.8560001,0,0,43267.07821479,149.42939336,38.09933716,32.22035007,58.00914553,6082.54098588,0,5076.68807896,55993.35639942,1249.96272908,0,0,758.22950848,116.74675724,155.95136932,8673.09773323,106.96953467,273.61455998,6934.24777709,833.64685921,2270.68600412,112.8127974,33.71242574,3.51631082,1257.17317991,226.04215684,10564.83332545,303.37116031,710.58030988,378.9722282,1383.68114474,7.8675065,17.63323564,53.09470303,15.95868715,4.87834276,28442.26563207,40.06629736,8.4503818,0.15966113,0.35203458,6.96383053,1733.23658844,0,17.78050263,15360.98103539,0,53.76096292,0,0,2024.27743053,7.77492112,22.17728381,21773.2384472,71.40072952,0,26.86099319,65.8640602,0,0,0.49287831,0,0,0,5.44005042,5.29352913,0,3.35304484,0,0,0,0.42377156,0.2842762,0,0,2.44992293,0,48.16683682,3139.15522614,24809.39330437,0,2796.76340477,0,0,0,229.94935743,511.56475084,16280.84325372,2016.69784067
"GMBC_074",10.48585208,0.69036176,2.6340614,31.98934876,0,1.16901966,0.13430572,0,0,1.14608271,5.6307735,7.66891861,0.2908333,0.70713543,14.70450524,0.69761777,0.67366606,0.02072998,0,0.43718019,0.71690145,1.58346539,67.06692411,0.07693702,0.02514945,0.07332545,0,0,0.02430457,619.70817956,4.65279056,3.60892766,1911.5775069,0,0.81329308,18.632661,1.62036423,0,5.67515507,125.89213296,1244.17433864,1.08941346,28.62012346,16.82944809,0.57177248,0.39367829,1.41011268,0.42865377,0.99733161,0.5470845,0.08132113,0.02602876,0.33878279,0,16.21069611,0.16379926,0.00978329,0,0,0.28660488,0.07388118,0.78957187,1.69496834,15.07244746,22.74371353,0.44340736,19.46733239,0.24334798,56.05933786,0,0,18.7368243,561780.86671847,3333.95779998,74.44907966,26.65029642,0.16274076,0,0.06759769,0.56409172,0.40953663,1.17964052,2.07860511,736.60075141,1595.15566238,0,0,342.70500311,1189.41158867,2.70034857,62.50669386,1617.80137017,2.43293612,1682.25594827,12130.76263878,0.71045083,14.37332298,62.37232821,0,0,0,0,0,0,0,0,0,0,18.37645916,369.55544303,0.49839262,0,2.04618429,0.40379083,3937115.81223654,1398965.92631931,531376.96873829,138023.01983834,81292.58878967,109835.81833065,214566.57034721,244.93309278,3362.85306555,3034.69223589,0.28549596,15.16099017,0,0,0,3.7067087,0.20100144,2.13901359,0,0,7.11424998,0.42269671,0,0,0.54359913,8.07543327,0,0.40148683,0.01999793,5.20440438,158.1481295,26.6210456,6026.38455429,0,0,35121.46624827,281.13185943,0.51269313,50.93621918,17.93057367,4041.5297248,0,1514.54485729,49559.6359243,1013.79342324,0,0,216.05267271,1.79105719,3.97182667,753.30866139,3.07309023,119.93147931,120.92027677,126.59947821,53.83873111,2.62486882,0.49880253,0.09960958,240.7482978,92.55592885,3420.7333688,113.25644764,52.72295362,154.39749179,80.93934632,0.68582758,2.76832416,4.73454535,1.5032191,0.66955149,18343.28272231,6.13912631,1.28152342,0.72378144,0,1.50266516,0,0,13.57414717,10493.64141555,0,4.97034839,0,0,220.79271315,6.20672828,1067.10948001,21642.54393521,25.63773886,0,15.75839911,155.31412285,0,0,0,0,0,0,0.79530909,0.51799561,0,1.09151252,0,0,0,0.42540674,0,0,0,0.12316367,0,12.14260461,1601.53449809,18836.26552417,0,198.15689976,0,0,0,54.01654943,27.87084165,4561.12566635,900.39279567
"GMBC_075",2.1344436,1.99633772,0.09932731,31.05193646,0,0.18684274,0.06650427,0.03037568,0,0.06119438,8.30102151,19.72883732,0.43305315,7.30682061,45.13573686,0.07629105,0.33665123,0.00347628,0,0,0.37754821,0.41969369,1.52220833,0,0.00252871,0.03745951,0,0,0.33329369,604.75413223,52.57011225,0.0677701,839.21383384,0,0.3116843,3.5944793,50.81827673,0,0.03702669,8.67337485,65.02481367,0.71298343,0,2.52623863,0.15917929,0.1542575,0.36314471,0.03211919,0.23791753,0.21224579,0.07088649,0.00150955,0.12769567,0,7.40278869,0.07159162,0.01448881,0,0,0.13970438,0.01609328,0.11355386,0.18796383,1.68744178,2.72826593,0.0591399,5.25537249,0,5.38334943,0,0,0.05936562,85557.95567719,2287.72209009,3.94097,0,0.00453698,0,0,0.29947601,0.19855914,1.12358411,0,389.70019205,2134.27669802,0,0,1.11439818,1180.20042556,0.65639555,40.6463231,217.19704753,1.29715106,496.72240039,550015.42978907,0.25126597,0.55536801,13.72274708,0,0,0,0,0,0,0,0,0,0,5.95552214,238.45868474,0.36168797,0,0.29398711,0.1499509,2078040.54107847,418997.36590531,627848.82943006,271079.57950055,203471.98511462,274315.98347514,244369.69326046,146.15821449,69042.25128622,2054.45351876,0.15571442,8.50344744,0,0,0,0.25552616,0,0.21770705,0,0,2.04454775,0.00269642,0,0,0.64696619,0.06867618,0,0.01478549,0,0.24868176,192.6293686,0.24838529,2472.33888801,0,0,16588.4281635,378.15506122,0.0105626,3.49722345,3.45832956,13609.10338905,0,9028.92712162,21956.86437442,1308.37361901,0,0,0.75688611,0.65205157,0.49159679,93.48928047,0.94323336,49.71201448,59.22623204,17.73413413,8.89354414,0.34899071,0.25109249,0.04598214,17.03648576,42.18606025,147.78662336,11.39718422,28.71711168,106.32129823,19.56077837,0.1394408,1.73630156,4.21411469,0.70073525,0.44478374,5177.96691392,5.31527205,0.16926824,2.37872255,0.15670296,1.3844678,0.1465159,0,0.70412947,3366.34735392,0,1.3696822,0,0,36.25109139,0.0218768,45.32047177,7863.63201074,5.00374921,0,0,12.81619588,0,0,0,0,0,0,0.31442389,0.14011095,0,0.25963892,0,0,0,0.10659569,0,0,0,0.02018912,0,0.18385332,279.03994566,4153.1982063,0,2.26580706,0,0,0,0.26356781,0.14791308,19661.24452325,242.61133588
"GMBC_076",8.14590016,0.81817459,2.15775126,52.66599351,0,0.17044829,0,0,0,0.88294071,2.63747579,7.40361957,11.65971849,1.59109874,20.86347397,0.18122323,4.01467655,0.18369604,0,0,0.602466,4.69729064,36.68449637,0,0.04764359,0.90249451,0,0,0,297.67091297,3.12946434,2.46366311,2419.14765068,0,0.4110389,19.86954502,5.0980803,0,0.44409598,103.57721127,1126.10086214,2.02293207,18.82975143,20.35127771,2.29420319,1.53334631,1.83983149,0.14558534,1.57303906,0.95230993,0.1340509,0,0.49296564,0,23.38164448,0.32449368,0.01059714,0,0,0.46117945,0.02998619,0.25669615,2.10429392,28.44722225,32.27284801,0.58963392,13.0355747,0,128.03315429,0,0,1.08676507,712975.74722119,1656.14578756,42.20604112,3.61576265,0.09886094,1.24921954,0,0.53583531,0.31493565,1.77962905,0.40500781,798.22326063,1706.57818068,0,0,17.74166732,2000.23786881,2.87472268,44.93697865,1641.42745313,4.64660347,2915.67857828,23572.59848302,0.96018999,7.03784563,10.1579971,0,0,0,0,0,0,0,0,0,0,12.58047278,526.04474391,1.94772532,1.4485432,0.37980029,0.15729221,17858709.6368746,3343999.68194697,6317438.73534934,115883.08526825,68238.31988375,85036.70780974,318811.69872475,976.3020069,15868.25341297,3133.81405719,0.39644908,11.01270838,0,0.03505377,0,15.8530867,0,2.54788964,0,0,8.18322713,0.31614323,0.02144466,0,0.36718279,8.86469457,0,2.21426082,0.02512726,2.80000382,38.44423826,157.91437575,15170.25647686,0,0,32375.62945916,357.04400178,2.59751968,305.60830323,60.99838542,8451.04349292,0,1203.6521247,43421.0909325,1371.13108703,0,0,62.45336945,12.03464468,15.24057778,2222.95935313,15.9840229,168.32413897,826.8061897,1497.76156196,1248.94220166,11.84301588,0.53062843,0.06225533,327.21935534,136.27337652,4172.29010631,102.71153555,171.50563156,1009.21664152,1388.1322852,3.0958238,2.90284792,4.12312705,5.75857392,0.45280428,20750.71845497,9.19480087,1.56616758,0.59234934,0.35349481,2.25008101,0.88633218,0,11.30804806,12522.34213712,0,2.77815177,0,0,167.11812256,0.43707191,49.73802842,11085.18979242,7.48193842,0,0,110.49330735,0,0,0,0,0,0,7.86873841,0.27192982,0,1.72834343,0,0,0,0.34145963,0.36336156,0,0,0.59208171,0,12.64559523,1640.22271094,20468.17405207,0,18.65662154,82.21399236,0,0,42.34308161,2.30310184,3913.50909724,1239.35397569
"GMBC_077",4.14504085,0.20220961,0.16371004,6.27517261,0,0.03510474,0.03252928,0,0,0.41280287,1.04788312,103.76787973,0,8.09781753,29.40808562,0.24787851,17.49349697,0.0342888,0,0,0.60655328,0.30056799,0.89174373,0,0.01444429,0,0,0,0,226.27004613,4.26307734,0.20281773,241.97995598,0,0.11891175,1.48895616,17.48350681,0,0.10754597,4.33931933,336.83659377,0.24703826,4.2243446,6.20743185,0.59345522,0.45955985,0.72121043,0.19603746,0.60641507,0.21101154,0.07704518,0,0.23140818,0,14.54504019,0.24531554,0.02469543,0,0,0.23574048,0.01677815,0.07864699,0.21249326,1.90797892,4.7318733,0.13498812,2.50033695,0.11236257,6.71375026,0,0,0.09986668,39304.15118589,2371.1317359,6.69941577,0,0.06353763,1.23350778,0,0.14776966,0.30894624,10.50215668,0.15450543,611.65658751,302.87529587,0,0,0.19267869,211.46859159,1.42080348,24.12800695,167.28675543,6.10141586,465.14305563,78022.11048033,0.64675708,6.60105884,4.61881713,0,0,0,0,0,0,0,0,0,0,20.29682644,483.75215674,0.59366973,0,0.15097088,0.03498047,7107847.72637849,1186848.99239199,1521649.28628517,96803.35357205,54641.82184862,79161.76878084,190002.10438178,225.9728429,226943.99927306,443.23161445,0.08963013,7.20349482,0,0,0,1.74373764,0,2.43466099,0,0,0.73050442,0.01448099,0,0,0.10591602,1.50635066,0,0.10367858,0,0.16749867,27.84052608,1.97659392,12122.69849554,0,0,25088.75154833,204.28333636,0.15985541,203.47395039,14.23228294,14889.26836364,0,902.00245319,35358.05997202,612.63669735,0,0,0.84886544,1.83065549,2.06074013,585.0249767,3.74844857,89.83397178,144.11749433,367.40404251,253.04796721,1.95542131,0.17453813,0,253.06649361,82.88089233,1933.80057228,66.97541523,58.06443297,210.60599487,238.3203354,0.89208336,0.35229057,0.51526285,0.59593672,0.38666351,17345.05587258,1.09869164,0.57402474,0.10761776,0,8.8832838,0,0,1.26212293,8485.63206551,0,1.88202256,0,0,53.6221255,0,11.59232903,7324.54918636,1.03612318,0,11.63301433,11.81698779,0,0,0,0,0,0,0.39639217,0.36640619,0,0.19521976,0,0,0,0.04038982,0,0,0,0.01190794,0,2.58980247,868.71219208,13698.16032689,0,0.69056838,0,0,0,0.39436616,0,3725.24808684,100.75180461
"GMBC_078",8.49520114,0.12676976,0.09189663,18.50624593,0,0.04559287,0.00123273,0,0,2.52922256,3.45264981,0.78902273,0,0.12189688,1.48144414,0.09613041,3.54818258,0.2487106,0,0,0.4258553,0.73870615,0.16945688,0,0.02323626,0.06510466,0,0,0,568.85026357,20.84326592,0.1938569,682.44534778,0,0,7.11983309,30.14189401,0,0,1.5535596,41.56720154,0,2.55924431,4.39856602,3.33208759,0.12286214,0.5343525,0.03661275,0.71889483,0.532788,0.02850088,0.00076632,0.17303176,0,9.72412516,0.08424897,0.00734645,0,0,0.17212537,0.01025305,0.04685011,0.05800572,0.62227957,0.86174248,0.04966275,1.33380215,0,2.06177988,0,0,0,545599.52564959,3793.98354647,0.70425626,0,1.00030964,4.71701259,0.26270051,0,0.20965629,1.91530563,0.32663751,126.78106518,1211.79757854,0,0,0.37277945,2498.02472709,1.0065272,2.73585747,750.86779814,1.64958563,3142.32889445,65824.18801729,0,6.70166886,2.77851501,0,0,0,0,0,0,0,0,0,0,3.83515337,233.4470805,0.37970871,0,0.2715273,0.06436602,2843338.55802905,1133725.46597952,1007938.22064049,189121.97377929,147963.11890863,185173.55693326,186272.38901998,171.13393308,71060.87678193,5495.11184034,0.15307754,3.05769339,0,0,0,0.16272008,0,0.20541477,0,0,0.83151602,0,0,0,0.0452623,0.0493461,0,0.01485854,0,2.07266366,217.685223,0.11224543,7412.48995254,0.06868419,0,10876.59890359,217.1285254,1.12705279,7.67121485,6.47573754,10947.46847294,0,5802.53840071,15098.94500325,788.0036563,0,0,0.82758647,0.22706028,0.31763936,56.74181532,0.86282558,59.95613062,41.70571002,22.73080049,15.43706114,0.38424647,0.22340367,0.05791933,99.73236856,54.63687225,1643.39081514,112.37409722,44.83216641,141.63648064,41.20419052,0.18258337,0.8540673,1.06924229,0.64710523,0.28472361,4671.93420182,2.91550169,1.40457235,0.74569649,0.13710641,1.75171174,0,0,0.92618197,2852.94688732,0,0.5658191,0,0,53.75920625,0.15169827,359.45618864,4631.64604031,0.55871775,0,0,42.54899759,9.78340166,0,0,0,0,0,0.16369444,0.13355002,0,0.32326223,0,0,0,0.09437143,0,0,0,0.02842845,0,6.25859328,330.16820369,4042.94086683,0,2.2411115,0,0,0,297.33640096,0.69564141,13335.89186919,1369.70055257
"GMBC_079",5.08858819,1.62267257,0.03399109,13.39106417,0,0.44458847,0,0,0,0.34310618,2.8280169,1.69168435,0.50852943,0,2.08460843,0.11729647,2.33272525,0.02900243,0,0,0.3133102,0.28223583,0.51816778,0,0.00895474,0.01370489,0,0,0.26128356,522.02009805,35.60413596,0,1079.73712249,0,0.53334695,4.82358047,45.36474713,0,0.27653105,3.3220478,83.16442852,0.45288344,8.80598811,3.44733577,0.40421211,0.33924242,0.4629348,0.03676619,2.22455951,0.44926791,0.13971763,0,0.19908642,0,11.61241072,0.12985177,0.02068342,0,0,0.19215107,0.01429811,0.56540699,0.31566,0.74713413,1.40118679,0.08594882,8.43209854,0,1.25200075,0,0,16.28520163,126584.25660013,483.59676708,1.13111853,0,0.34690376,0,0,0,0.17375647,1.60697201,0,599.99024304,970.08206578,0,0,0.17068725,1107.14540686,1.15875866,6.92275784,121.54512757,2.85807669,471.05025076,984855.38927447,1.14218804,14.17710126,10.26646622,0,0,0,0,0,0,0,0,0,0,2.82501846,268.77093473,5.25043888,0,0.36438526,0.45906755,5052508.71484252,1538412.55938354,951072.09394532,281669.4830511,195239.89401499,251710.8201428,376296.47310099,1126.38237651,102618.78438387,4466.70889942,0.2484573,2.82488289,0,0,0,0.30979832,0,0.12590301,0,0,1.33484475,0,0,0.17678171,0.53620854,0.06009722,0,0.05851333,0,0.26664517,137.50411012,3.89293255,9098.95685295,0,0,28648.60124759,345.28970305,0.26502512,244.40266899,12.13685719,16103.08582299,0,8390.40789848,40801.46829917,1113.27061856,0,0,0,0.3027116,0.72781794,60.59102853,1.07937042,81.21886551,80.54707118,11.37350777,6.77466356,0.67962125,1.29771193,0.12797857,108.87135785,61.79103847,1404.04587214,146.77195503,109.08419836,449.84588901,45.63470535,0.70946927,6.09697352,10.50607106,1.34294955,0.1870768,11665.41684302,4.21890097,2.70713609,1.23595827,0.23521157,1.84983971,0,0,4.54571079,7518.455196,0,0.469135,0,0,301.56195336,0,23.17856889,18895.29984999,1.78336664,0,0,106.71257629,27.36604685,0,0,0,0,0,0.25280168,0.11533726,0,0.13577613,0,0,0,0.04431712,0,0,0,0.04407901,0,6.70566724,788.30145907,10010.65981248,0,0.52544598,0,0,0,1.93815347,0,18296.83949426,305.44520091
"GMBC_080",0.69430811,0.15263255,0.13665778,15.54592904,0,0.06431759,0,0,0,0.39583154,1.50893729,82.49194538,3.32178083,19.84726693,43.15215895,0.10196625,1.70488596,0.0544224,0,0,0.36271227,0.65390434,4.71238128,0,0.00595729,0.05018013,0,0,0.02880006,381.53326535,92.35003796,0.13544876,227.05324706,0,0.71631626,3.96709257,66.85002199,0,0,7.61734098,335.56895407,0.81983645,10.58444563,26.75355345,0.93158221,0.17989886,1.19365366,0.07816086,2.57143187,1.85651798,0.01345528,0.08279546,0.15138853,0.12788319,13.06738109,0.14546308,0.06915735,0.17383148,0.36656914,0.05959293,0.02698087,0.07568224,0.19221204,0.80718123,1.85102993,0.19649151,1.74979575,0,8.02997618,0,0,0.14083977,113589.62048811,2677.65539587,5.49573404,0,0.043734,1.60512114,0,0.37643336,0.42639767,3.45055981,0,374.23910793,489.81365708,0,0,0,377.24634702,1.54212232,0.7450447,39.1037684,5.49542306,944.41501593,394134.15911519,0.32551424,1.00496365,4.52355771,0,0,0,0,0,0,0,0,0,0,4.73407376,340.43943226,2.24235625,0,0.28726595,0,4400310.27445862,941832.76644563,786971.90208159,104859.01409896,66332.87443544,92196.10545009,123800.3427602,296.30123429,50903.91368474,747.84389165,0.10715446,5.17775773,0,0.020271,0,5.76857783,0,5.59321902,0,0,1.32043889,0,0,0,0.15651503,0.50151657,0,0.23295062,0,0.36699062,60.40316014,0.35158093,6065.61937971,0,0,10211.02687837,331.82567686,0.05526907,114.73109243,12.6317334,27812.82911042,0,2673.46114308,15069.80374693,887.17269838,0,0,0.25278824,0.86530687,3.50153637,237.75733211,5.98066501,97.96405469,204.80626492,144.21643122,67.93390049,1.70969742,0.39350418,0.215948,129.06785878,78.47225192,1022.90074948,100.24061389,83.11835179,169.20999637,84.08584594,0.17990123,0.89910751,2.4685417,1.05442011,0.58098325,4912.46834639,1.16251505,0.04372216,1.32043547,0.09349269,4.19766361,0,0,0.3598848,3308.67775163,0,1.02813424,0,0,104.91087074,0,6.54504542,7913.65198004,4.31711916,0,0,15.49407723,0,0,0,0,0,0,0.82739829,0.43612429,0,0.14482826,0,0,0,0.02033303,0,0,0,0.04532345,0,2.22113124,275.80285476,5023.75586053,0,0.45394945,0,0,0,0,0,9489.61788606,178.23072643
"GMBC_081",11.98007233,2.01404831,3.27229024,25.10838638,0,0.06796214,0.00594997,0,0,0.5489027,12.74035706,0.93852591,2.27109572,0,0,0.38093204,2.6141168,0,0,0.3781519,0.7610153,1.53175967,4.75360509,0,0.40240885,0,0,0,1.00417317,1400.54273704,26.28161142,3.69125116,1935.53093042,0,0.53826321,13.4388742,215.97559602,0,0,33.68794158,70.29775213,2.52823179,125.4410502,42.1450402,0.33413643,0.2378758,4.01565213,0.06129785,9.59813625,10.65221322,0.06194531,0.01110846,0.18364351,0.44130741,16.54435865,0.12863463,0.02254212,0,0.15833409,0.05073603,0.03122203,0.08005992,1.27569386,20.2774191,11.90480348,0.24399912,30.98477688,0.22161487,9.38582186,0,0,0.90394748,1404473.24012634,6798.80140622,9.70764758,0,0.17240615,0.37589232,0.57720995,0.2069391,0.18732728,3.03195532,0,1357.17243065,1533.52142475,0,0,1.39479852,10709.10832292,1.55635786,27.42480638,46.78246911,4.56206861,3276.66763309,127738.93733839,0.35675917,11.86984285,22.9797864,0,0,0,0,0,0,0,0,0,0,5.02711457,270.50261696,1.81621755,0,0.74976161,0.08623182,3431087.09872457,664188.92629677,432253.07943167,126904.78052987,69417.62341228,100970.56030072,115657.63999713,341.97572394,4259.11037316,1087.82281712,0.37026136,6.60377502,0,0,0,0.70567128,0,0.25301494,0,0,1.3068265,0,0,0,0.19625447,1.27001608,0,0.69901211,0,0.36573637,119.07487815,0.14893761,15261.03095796,0,0,34892.81957314,607.70739079,0.28005692,18.10769062,24.90852524,26464.88741451,0,8328.57869169,43025.9902186,2497.33984389,0,0,4.84996675,1.74763193,4.3890519,2209.44607562,3.60160171,116.41574572,943.21198407,39.31765336,11.37645097,8.45321294,1.13420136,0,445.32395948,104.09309772,7973.09294991,442.71214146,305.66981198,351.33676284,55.19741925,3.09972472,3.58066551,6.2871583,3.90341335,0.15984749,17969.35050567,2.25336208,0.37945124,2.59467453,0.17150105,3.16434495,4.84954252,0,3.80019769,10410.77197778,0,0.86717081,0,0,857.47893328,0,94.69710031,24900.35681036,0.85534874,0,14.34284546,56.05696758,0,0,0,0,0,0,0.07669008,0.08881458,0,0.06118787,0,0,0,0.06660071,0,0,0,0.05109289,0,0.66087905,1189.79187917,16213.31481051,0,2.46766438,0,0,0,0,0.33469787,14123.341092,6778.67951194
"GMBC_082",5.93581212,0.18834717,0.25263928,0,0,0.01960923,0,0,0,0.22815411,3.61899829,25.08181266,0.41490766,3.09752091,30.23472671,0.08035569,0.41412141,0.1549343,0,0.17139482,0.48676709,1.38683799,1.05999748,0,0,0,0,0,0,452.48177052,49.30194074,0.26229557,33.21780689,0,0.27647229,1.15499692,56.67113532,0,0.00625225,13.65928419,1207.97433351,0.67085372,43.52738063,15.79726925,0.93949781,0.94800898,1.41670557,0.2435038,0.7174467,0.87796645,0.12158805,0.02881202,0.16997218,0,20.10281394,0.20958772,0.09189051,0.06556963,0.16870539,0.05753003,0.03534257,0.10139532,0.27565303,1.5179357,1.90012556,0.15983046,4.51049343,0.18015124,6.42288418,0,0,0,849368.51013232,2905.3654598,4.80040583,0,0.05104726,1.28338185,0,0.47050924,0.23440522,5.5544362,0.48105661,831.79144846,24.16023341,0,0,0.08490792,1832.57687283,3.68805112,3.97221325,16.04604385,15.5789033,4085.9773617,69982.81772816,1.44045232,12.77476677,2.46988009,0,0,0,0,0,0,0,0,0,0,12.02162327,494.74461494,62.50459886,0,0.21502339,0,14574329.1404468,2143842.55256787,2017123.91064052,143149.11814433,87307.54896769,118714.83893119,329982.90211486,377.276966,270560.40500021,7395.45388584,0.45142183,7.22453403,0,0,0,3.21623547,0,3.06931398,0,0,0.33621556,0,0,0,0.09650053,0.4173906,0,0.11701896,0,0.2556247,10.54593148,2.1995414,16115.1899776,0,0,19424.73761247,126.24728177,0,288.77711362,14.58698531,13409.72716293,0,8364.99272943,25074.68784704,621.84042808,0,0,0.28605129,1.71954039,6.59753306,819.58293525,6.14007373,135.75555288,179.37289461,81.728,83.80672289,14.93281753,0.42403032,0.06649691,276.05824788,117.82341239,2713.61788871,160.73778876,128.67918297,269.94971702,113.09456703,4.49586637,3.20782366,1.05073378,0.85707246,0.68040774,9374.70060597,0.93368755,0.22411835,0.04567789,0,14.34895352,0,0,2.56846003,6815.54021623,0,0.88591798,0,0,441.70917222,0,49.14102049,9201.36871036,0.56573591,0,0,8.84541028,0,0,0,0,0,0,0.75646146,0.38557048,0,0.02275369,0,0,0,0.18109966,0,0,0,0.05691946,0,0.40449762,543.71755738,10232.27911368,0,1.42636318,1.85155419,0,0,0,0.06007645,11973.52199825,721.19092082
"GMBC_083",0.8973251,0.17936866,0.84567086,17.26956806,0,0.53614166,0.12646162,2.02841621,0,0.4228955,0.90123907,0.08484764,0,0,2.16453835,0.14531103,0.5676331,0.03485085,0,0.24629036,0.53096671,1.43348301,1.68111009,0.14194353,0.0037388,0,0,0,0,108.41501019,0,1.02554426,170.4039055,0,0.67426407,4.44336358,12.48459384,0,0.0636265,3.21141809,7298.48841931,0,7.38177891,4.24358769,0.62022735,1.29454812,1.16182545,0.09422441,0.44873307,0.26236855,0.03771618,0.01102835,0.14091843,0,16.06785065,0.13578292,0.01517469,0,0.10885381,0.06263077,0.07624144,0.09299875,0.14766294,0.75693164,1.17517574,0.22899088,1.75258401,0.30096352,12.2451105,0,0,7.26691646,544953.58806702,1144.95671366,10.59426816,29.12375648,0.16960878,0.3411779,0.34656212,0.51963357,0.21415782,3.23477231,0,229.02200211,1397.73742496,0,0,310.4383379,1575.58995923,1.61250927,1.53573638,1368.67960834,8.71307206,2392.67280199,4093.35684251,0,11.07008534,10.62976925,0,0,0,0,0,0,0,0,0,0,1.9517277,244.46415488,8.30958503,0,0.53112126,0.56509146,7023984.78996411,2149289.12136746,1575519.32717624,247976.13230934,173826.70206107,205361.39120542,33605.42163741,1758.61318305,6471.81419714,190.0118492,0.28671617,4.25730198,0,0,0,3.3714563,0,2.17637194,0,0,4.03833573,0.18007214,0,0,0.25795611,1.0050935,0,0.13211809,0,4.14107033,40.55213456,124.79904163,1402.5701667,0,0,62736.40189984,416.77632484,3.39526816,225.41023223,28.98219996,4426.94125892,0,1826.77106269,76707.17501945,974.92557175,0,0,13.80319697,0.64764255,0.86086889,171.97863705,1.8216611,103.98046045,94.25216464,47.3500924,41.8775208,0.54458673,0.27500264,0,178.75815191,95.26416064,3234.95832037,67.53390329,28.21923566,181.75573832,68.04047456,0,2.62315026,3.84509978,0.97897597,0.16090313,34817.20698687,2.78935418,2.19349116,0.14931497,0.12450853,3.14731985,0,0,98.25203077,14756.18333603,0,1.47658333,0,0,183.43044446,1.74401414,31.65776479,28238.12185314,0.26540597,0,0,111.25369521,0,0,0.20055418,0,0,0,0.42287511,0.25640069,0,2.68252476,0,0,0,0.86982532,0,0,0,0.08288117,0,9.63592677,2406.59260536,30453.5235678,0,5.57290638,9.6684858,0,0,183.6015678,9.73053629,4582.81261468,1194.3509684
"GMBC_084",1.9080864,0.46713571,0.0851743,37.64352659,0,0.04544717,0,0.10017933,0,1.46794256,1.44663381,32.66827311,0.59197409,3.79349755,3.59677996,0.15384226,0.54153581,0.06157776,0,0,0.40269377,0.22664052,1.28090667,0,0,0.11687732,0,0,0.02169122,213.41741206,37.76065756,0.19520643,1304.08817851,0,0.19961443,4.72007416,22.90808069,0,0.15678394,4.81299851,160.16380461,0.67460444,6.47457122,10.24857417,0.50010132,0.35853655,1.38632545,0.13436217,4.31323585,0.952124,0.01160449,0.01830927,0.1709143,0.33345693,13.33237748,0.12706432,0.02129101,0,0.08494141,0.06588681,0.0610616,0.07489819,0.14865611,0.57646938,1.98948954,0.1897222,2.24120263,0.14061659,8.83234346,0,0,0,47223.01548676,967.48926964,11.2356616,0,0.19675186,0.83655813,0,0.35800812,0.19334247,3.72580616,0,639.1312405,2341.92879577,0,0,1.15148143,363.60555027,1.99186369,35.96765223,674.71267684,21.94435478,357.85738697,407379.57138406,0.75121107,10.12077777,5.56752353,0,0,0,0,0,0,0,0,0,0,8.26805449,374.60545464,7.33904874,0,0.8993292,0.21280848,4084997.69060665,1089408.46146504,694156.84573758,88057.04134416,54394.59161031,71237.64057154,99085.29825554,89.39673059,2334.56140749,1312.39139393,0.17336992,4.19932404,0,0,0,1.02034112,0,0.51999322,0,0,2.44107291,0.03682492,0,0,0.22694612,1.93444964,0,0.0400755,0,0.18977266,112.05359446,9.63430285,10860.26495789,0,0,20043.23486819,399.67269333,0.1054355,229.0835996,12.33444094,14411.56806962,0,4059.05699889,27120.27258333,1293.62555887,0,0,0.57288345,1.04261208,1.21201285,364.47190617,2.57847659,95.64618714,87.75505151,96.09416905,63.24601746,1.80181638,0.18996524,0,224.44779426,83.10901569,4356.43506824,299.85877506,131.67593985,328.58786058,181.95463121,1.95883941,1.21091074,1.45942737,0.97605008,0.21789755,10587.98436542,5.43497998,1.12701886,0.56541364,0,19.89938848,0,0,1.09896762,6223.37744288,0,1.13429595,0,0,372.27161988,0.39616576,17.84738352,15204.78164936,0,0,0,287.36218811,0,0,0,0,0,0,0.28131209,0.07522825,0,0.43920686,0,0,0,0.1386023,0,0,0,0.04730538,0,6.81929275,563.59299566,9377.5635561,0,0.75150938,0,0,0,0.6698639,0.19857147,9446.07686749,132.35404621
"GMBC_085",0.84355487,1.10647359,0.24572231,11.4267677,0,0.1993975,0.01284565,0.45982633,0,0.92992305,2.25414141,22.11456563,0.39300425,2.0387943,4.57345476,0.18016465,0.75639409,0.09381447,0,0,0.69819311,0.48587701,0.97574746,0,0.00924137,0.03988666,0,0,0,263.24588978,15.80802216,0.3728742,782.92845388,0,1.2115798,1.90626514,2.30564105,0,0.01913313,5.68479321,372.64882314,0.2095801,0,4.26618305,0.66923962,1.45533784,0.54253027,0.44580932,0.60030554,0.33370855,0.39626511,0,0.09824894,0.05529224,9.61350152,0.30016687,0.01976546,0.02146403,0.15420546,0.0604677,0.05799282,0.09840758,0.25372882,1.7109194,23.75579498,0.2085702,8.38725518,0.14526435,11.18526408,0,0,0,180307.73875318,1092.61026194,4.77989035,0.63200821,0.27411478,0,0,0.5580451,0.38065186,14.13564279,0,95.81984969,636.58463928,0,0,0.47146918,723.13846811,1.20904712,34.23935611,979.08898749,80.39136403,812.1312694,379608.33501835,0.65272547,22.12442744,32.42571687,0,0,0,0,0,0,0,0,0,0,2.77655476,197.86551631,4.39362025,0,0.37408094,0.42523325,3044653.5226499,1182875.89265947,1274263.94229687,160794.70638967,127815.24325637,177215.16576353,211585.7288883,155.95664307,5446.69259828,2240.48546688,0.12362819,1.23335086,0,0,0,1.14909296,0,0.59592001,0,0,0.54751262,0.01075311,0,0,0.03458428,0.14910906,0,0.42348596,0,1.89798494,19.77746678,0.24326614,6625.09623256,0,0,15418.07683098,174.94422415,2.68366213,58.48176187,9.5553851,6847.38129833,0,4781.38973469,22518.08844726,918.95755089,0,0,0.62272655,2.13597769,2.89409415,730.75835134,6.31244247,67.06965168,235.48691226,450.77937841,91.59671833,1.17477821,0.40991696,0.9000481,168.70053767,59.039855,3383.49589056,79.79691904,81.93927549,181.5835266,88.0998232,0.61353849,1.34684712,2.76816025,2.04359162,0.04020938,10721.60484699,1.36620761,0.94158901,0.47549266,0.17905162,123.71471472,1.07458392,0,12.81326539,4644.87195704,0,0.51066297,0,0,621.73622782,3.73842779,7.38105213,3536.28973305,0.40361889,0,5.94763011,678.01073384,0,0,0,0,0,0,0.33331795,0.14344846,0,0.16121342,0,0,0,0.02544653,0,0,0,0.06778281,0,5.49466056,564.01514941,7413.76188193,0,2.06118088,4.37377654,0,0,260.26374817,0.67715602,10284.34201595,244.00431837
"GMBC_086",1.59186481,0.55795345,0.42788616,42.11660895,0,0.00372674,0,0,0,0.74182191,13.30751145,4.61477125,0.43954379,0.74746604,19.55299842,0.03352048,0,0.00161879,0,0.55726351,5.66352348,0.05082172,0.56457339,0,0.00467222,0,0,0,0.70649379,279.47571206,41.29145372,0.54163465,1754.8802633,0,0.9341788,7.39863014,284.0002484,0,0.21861057,5.33342576,34.54760898,1.02398911,6.83707848,29.58342853,0.22849729,0.05968573,0.70684619,0.04400694,0.48858838,0.49579525,0.03505937,0.02200279,0.09668782,0,9.81915964,0.09041156,0.02487798,0.03386152,0.07939259,0.03097285,0.01816763,0.05992989,0.32923087,1.43093565,2.99447289,0.11580001,3.87900696,0.13904209,1.59882928,0,0,0,101557.02301148,2615.93161126,0.70676975,0,0.53784197,1.25085817,0,0,0.12623011,2.99135964,0.45440441,797.09246257,893.83001735,0,0,0.43319451,417.37219959,0.52568012,1.64520094,272.84826753,29.34374063,599.84531071,592092.94877996,1.35802961,1.63107761,5.22309145,0,0,0,0,0,0,0,0,0,0,4.88917756,242.82944602,3.3938955,0,0.36546183,0.07611475,1492373.9168135,287438.39926579,27285.36969036,78688.84927871,63122.94898708,82556.76594943,35001.14095493,109.79047588,9751.59174239,524.03482996,0.19790627,6.61024998,0,0.00697654,0,0.51978486,0,0.27031112,0,0,3.30225426,0.00632451,0,0,0.73346475,0.38153006,0,0.02761413,0,0.25138997,127.67556728,0.26377705,6248.84309094,0,0,15523.4584638,460.84923473,0.13161076,20.65313657,7.87870384,21803.75018207,0,5215.45702693,22758.41557187,309.39779826,0,0,0.99728188,3.00575613,11.3932377,381.65255746,4.41511426,75.44845095,146.31598499,67.68786886,47.89136398,1.14072675,1.11174906,0.17413294,178.83784424,60.08679527,1137.40863901,102.3950816,109.07335503,254.46459462,106.51665177,0.94436116,5.68275046,9.89087615,2.31180257,0.25780443,4823.61161818,2.07416097,0.0558057,0.33986745,0.14504694,28.77698008,0.40444797,0,0.38967689,4156.75361263,0,0.49283441,0,0,278.2767142,0.03134536,49.67319407,10266.24465002,1.76744972,0,14.68624482,26.22469849,0,0,0,0,0,0,0.1049636,0.04440903,0,0.14281663,0,0,0,0.05063248,0,0,0,0.03034626,0,0.23802834,276.9530181,4704.23423569,0,3.97647167,0,0,0,1.79913703,0.13235527,10814.6600072,132.08218639
"GMBC_087",0.69946362,0.58536297,0.10412513,112.88200068,0,0.05337442,0.02045779,0,0,0.50468628,15.9924262,61.47263215,1.14158026,9.84552907,4.28080024,0.42039314,0.23938455,0.00039195,0,0,0,0.30116447,0.62760668,0,0.03262937,0.06201476,0,0,0,404.78224179,102.2926192,0.11485021,918.46889066,0,0.6218024,4.94781503,50.57773176,0,0.03461489,3.13630888,34.36676452,0.50395623,5.45517974,5.11717747,0.29730413,1.10881821,0.68233655,0.30992394,2.39844243,1.99640208,0.1808501,0.00719953,0.08190342,0,8.13150731,0.0751534,0.02815762,0,0.07033365,0.01119411,0.01345297,0.0453142,0.13216624,1.14503231,3.76645419,0.08344465,15.63373943,0.06758477,33.34335952,0,0,0,124385.43094097,1939.32603524,92.66919992,0,0.07165422,7.19338433,0,2.22396666,0.0840303,1.88713527,0,443.09168524,7515.3370245,0,0,0.07607281,416.20694147,2.85656392,3.65741266,504.78400236,12.97432897,304.2297875,570856.49424291,0.69219671,11.26908426,4.56821391,0,0,0,0,0,0,0,0,0,0,1.59280865,145.12623861,2.39110579,0,1.25265924,0.27697971,998197.00278712,247114.42665448,698857.80042839,117494.95561735,101959.46970618,140662.21247902,147233.51452045,180.48779455,28125.36038293,2796.93815614,0.09799008,2.67115457,0,0,0,0.23299205,0,0.1236479,0,0,1.68316789,0.00539856,0,0.00119876,0.4707232,0.01874886,0,0.0229312,0,0.20172566,105.3249817,0.8864728,1097.0514662,0,0,10943.97243077,530.39790096,62.27725646,16.15796332,9.37111317,6954.6890547,0,8874.94586649,16065.46713725,1090.73178978,0,0,0.09367165,0.20126405,0.28418067,36.75997035,0.49572467,57.66939925,12.39110021,3.4502326,3.22122735,0.09753058,0.24495636,0,23.345637,50.77211327,195.2124057,15.15445568,10.95673366,40.29094239,9.24116818,0.14410457,0.47162953,1.1312054,0.52659506,0.19836268,4969.60782282,2.23203558,2.8288565,1.70005068,0.14233391,17.4113355,0,0,0.28030904,2562.32041483,0,0.47252244,0,0,1518.83273031,0,2.49695694,3743.88248737,0.67293505,0,0,7.21408789,83.18595357,0,0,0,0,0,0.18838187,0.03557102,0,1.17803184,0,0,0,0.05735169,0,0,0,0.02322983,0,20.61989786,245.08223604,3548.17594911,0,0.87556958,15.55315572,0,0,626.50526953,0.88509794,13210.27755127,80.95644836
"GMBC_088",1.93940502,0.54816878,0.14335506,81.62493413,0,0.01979093,0.00780413,0,0,0.48485901,1.36960031,2.29035976,1.29340161,0.22755323,0,0.2660905,0.32676477,0.02547593,0,0,0.55215869,0.65966638,0.94394912,0,0.01082368,0,0,0,0.03046276,553.41499829,8.19033095,0.11676881,1595.08347389,0,0.46667362,5.0250857,18.42942179,0,0.40645405,2.83952439,110.79972626,0.55491037,23.53014387,8.61890113,1.70402192,2.06343603,0.64818454,0.54355606,0.42401013,0.25586888,0.1986222,0.03440538,0.12011172,0.10030574,10.45285189,0.29964484,0.01278882,0,0.03121414,0.03008481,0.01962697,0.0535524,0.2040319,6.56882193,8.34600507,0.19565513,9.56195125,0.11758348,15.68165346,0,0,20.02701259,223894.65473217,3181.16234303,40.30101004,0,0.13253604,2.04860383,1.34774909,4.83366204,0.21695412,2.81220306,0.60063738,186.45601973,2649.07246534,0,0,11.09938941,483.329739,2.84174605,8.46682272,897.78667926,18.273296,477.5557324,184372.121164,0.4658519,6.65183135,3.8057824,0,0,0,0,0,0,0,0,0,0,1.21514952,173.08992843,1.82312383,0,1.05544517,0.10871348,9609902.61904634,4576742.90872262,4412382.85376159,189991.85597688,124642.44762021,221425.92242695,472315.42560909,308.95400007,6605.3634037,5281.94607001,0.05650863,3.21446546,0,0,0,1.63923672,0,0.62053703,0,0,2.4286549,0.01917271,0,0,0.20763087,2.67111779,0,0.02743624,0,0.28148695,77.58810683,7.15582363,5727.07790205,0,0,22781.76284039,672.17193002,74.1855193,133.01763856,24.60958455,4854.20337996,0,6227.03896395,40191.58985566,1606.52425168,0,0,657.06885904,1.32651561,1.19543354,470.38993209,2.32366098,77.7089211,56.91213705,116.15284735,57.87306734,1.43289371,0.12873822,0.08387665,147.82554827,68.56347464,1769.35886051,30.55333399,25.1361024,192.07996178,125.25923654,0.6786796,1.54164039,2.80685216,0.96811954,0.19161762,4317.49558906,7.79775038,1.14558258,0.51586936,0.13851811,13.11309031,0,0,1.36203888,2675.76031595,0,1.08345661,0,0,529.59245072,0.41682795,8.93578468,1984.23670126,0.23157512,0,0,13.13677016,0,0,0,0,0,0,0.38092201,0.16272155,0,1.85115472,0,0,0,0.65149778,0,0,0,0.04143429,0,26.01199603,407.86479999,4688.0876532,0,0.56842748,15.96072106,0,0,517.98649459,1.65609249,10940.87269191,168.0455311
"GMBC_089",0.80165771,0.77889864,497.57772101,64.20389327,0,0.39017736,0.02762147,0,0,0.45308859,2.1226699,1.63761591,1.41730865,0.65127196,4.30446779,0.24822371,1.49588773,0.07193629,0,0.78230396,0.95822601,0.93295518,1196.81765979,0.14400568,0.06435341,0.13238181,0,0,0,610.37933551,6.54047564,554.83759043,1872.02477762,0,0,46.69856937,2.88700966,0,1.59386373,1424.3175863,2848.89858153,24.16452702,242.39849075,188.58337465,4.37778987,0.67234332,1.49363736,0.15774213,11.90370438,7.68385484,0.07949912,0.03446225,0.26034631,3.52268452,26.08713689,0.47809269,0.03175879,1.63027041,0,0.0687388,0.04321326,0.72511749,6.00958594,122.80374301,249.72112281,7.27176496,57.73757094,2.12375259,620.13919509,0,0,37.58433086,898916.21779669,7609.70772863,2096.85553379,213.44278419,0.11827785,0,1.31043321,1.80218908,0.19400878,7.90471109,33.35472409,1007.58443896,1766.88109446,0,0,624.90567635,3375.46597575,3.83991211,3.56803009,1979.82289093,22.89148743,2873.2875612,10735.56898811,0.74058794,218.35688276,15.10112839,0,0,0,0,0,0,0,0,0,0,141.48005487,654.06215917,3.73129566,0,2.67859841,0.53260032,10503788.9734484,3975563.13347347,738549.64134546,210785.3547181,119874.95472864,192330.80809727,241634.07987359,221.17485318,6543.17794228,2172.02853242,1.21444614,6.70387976,0,0.09551814,0,3.788669,0.81429489,2.5643939,0,0,1.38836516,0.28555005,0,0,0.23758382,1.35957671,0,1.72042664,0.35909039,13.81545925,8.09489391,2.01651392,15760.51830157,2.99925683,0,31837.31151307,288.16766198,30.34819382,56.60458258,37.90381904,8597.42890184,0,6488.62560504,47346.59340311,1068.79476623,0,0,267.62300235,6.92530291,6.90435786,2019.06073415,9.02752467,191.50854228,1633.69873104,129.52787091,96.61694896,9.21889498,4.31093511,0.46264019,685.0767013,157.99532427,8774.4776963,358.39369134,183.88445273,386.42511916,234.36039976,1.3756094,42.88406814,71.25639301,7.21979282,0.17268594,21305.37892685,8.4547267,8.9080639,0.1938266,0.19921074,41.73751637,1.89767412,0,242.63032928,12719.31317032,0,0.9738649,0,0,690.28239301,2.1044211,45.83264821,17240.36578223,30.43530083,0,0,11.90495687,0,0,78.28675284,0,0,5.76844573,8.07707174,45.98900542,0,46.90884766,6.2445645,0.2786172,0,7.90951196,1.08718141,0,6.26293061,18.73938132,0,20.18448918,1536.23245183,17033.68087639,0,2428.99574377,1202.69663199,0,0,1323.14868276,751.58122227,9543.11115878,1886.18825134
"GMBC_090",4.43321235,0.45255634,1.10804102,1.77224743,0,0.28094771,0,0,0,0.34018999,3.57083173,0.94091664,0.10244756,0,0,0.08939345,0.87928981,0.01603998,0,0.11416109,0.28359528,0.15275818,9.47330104,0,0.00684163,0.05067582,0,0,0.07865893,337.52812072,35.43467065,1.54589516,279.98552197,0,0.1998891,1.07088849,44.27782325,0,0.17979665,11.86266604,71.56916439,0.50359066,10.02209112,17.77837318,0.18620288,0.03646201,1.16129899,0.03616807,1.9143239,0.41929794,0.02875614,0.00480393,0.11381871,0.03016734,12.22776373,0.06668788,0.01240745,0,0.03657774,0.02761308,0.01895323,0.05317216,0.16385672,1.9932582,4.25641685,0.19621791,2.00438495,0.11053319,3.07195231,0,0,0.10459695,90176.99311586,819.58023884,13.11184251,0.58093263,0.14312925,0,0,0,0.0941644,2.93257812,0,523.72432196,73.09512196,0,0,1.26979582,263.60829668,1.19478279,9.65725443,75.16683062,12.13244846,425.39770624,592140.96066471,0,6.73098573,6.63502555,0,0,0,0,0,0,0,0,0,0,18.03154148,253.03275956,1.54988277,0,0.0511571,0.03624271,2176904.65842236,663782.09316572,125390.99301228,95848.32858657,76277.02904097,103126.73639838,98375.91343658,158.42906624,4797.16162024,397.21494051,0.21432021,5.65011353,0,0,0,0.55703305,0,0.33121753,0,0,0.2645264,0,0,0,0.07260078,0.06440755,0,0.20888588,0,0.26751681,17.61284096,0.09492269,3618.11488757,0,0,7576.97001652,119.29400743,0.19963971,158.08935309,6.43324841,20702.77076811,0,3432.64458552,9673.33272312,616.53897421,0,0,1.25047315,64.22456991,84.22095911,342.74269462,3.62804247,89.47201402,520.86847522,79.81977844,19.43448984,2.15199776,0.34551926,0.1355354,265.82644278,73.15588313,1878.25716009,68.56088325,225.01942806,201.1630218,35.07742923,1.14152263,1.12251867,2.22255934,1.15614956,0.16168501,3741.18406013,0.87298647,0.10583029,0.09954045,0.13368267,13.34508594,0.03318842,0,4.36946463,2017.05894659,0,0.40114929,0,0,345.91506799,0.01428587,33.21410569,5835.04869288,4.08559552,0,0,202.61680759,0,0,0.13081069,0,0,0,0.14403539,0.15716826,0,0.14508549,0,0,0,0,0,0,0,0.09860521,0,0.15795115,137.2560771,2471.97087984,0,20.15418205,3.82469304,0,0,2.40790771,1.56293567,8983.80298932,54.7684215
"GMBC_091",1.70091476,0.22652638,0.16464878,5.14061063,0,0.04068841,0,0,0,0.58836672,2.39697162,30.85539961,0.8966069,5.80395899,13.58010735,0.0324745,0.85576395,0.07617183,0,0,0,0.38130115,1.64205628,0,0.01084548,0.01834802,0,0,0.03037707,229.15223683,6.8074398,0.17133627,110.42359767,0,0.20059978,1.48569759,49.20372337,0,0.03715495,1.82168659,211.74699928,0.24488401,5.64737376,3.39142994,0.1825246,0.16540448,0.69799988,0.07410355,2.07848282,0.47062772,0.04628728,0.00622229,0.10161504,0,11.07134497,0.09426656,0.01783358,0.02406603,0,0.02160339,0.0147294,0.03482536,0.07389153,0.53436946,1.11832602,0.09172762,0.71141176,0.12315003,2.61354867,0,0,0,89844.6809537,1518.68446239,2.92714605,0.2436024,0.09464646,0,0,0.51544714,0.09626119,1.9612978,0,324.00557848,187.30182031,0,0,0.24875424,350.50989797,1.15031917,3.80345557,11.02049878,8.02047056,665.4025589,389782.97520384,0.61079379,0.63434835,2.23166654,0,0,0,0,0,0,0,0,0,0,13.52574592,331.89243971,1.11156649,0,0.03573351,0.0067252,1851271.45929748,563670.63242724,367502.5758768,80237.59023221,55620.27130299,71318.18709093,81658.28446971,44.66067757,34630.55732293,878.84095241,0.21572276,8.42268263,0,0,0,0.42736448,0,0.19482764,0,0,0.37100828,0,0,0,0.16875687,0.2644641,0,0.01505442,0,0.11051221,44.30881614,4.26819584,1040.69487829,0,0,23838.95846561,183.64363289,0.10658362,24.43605618,11.20956841,15107.77581773,0,2809.26789849,31023.809017,577.03638371,0,0,0.3727144,7.2767481,13.55415444,212.77409057,4.32463834,77.82952462,197.59422389,44.48026616,17.67475886,1.49175436,0.34204675,0.06897387,265.77060416,67.25663393,1652.09813963,86.4246901,161.79665048,142.08199597,39.1966183,0.41937336,1.01595884,1.60311828,0.73557755,0.11092252,9501.79088942,1.04484976,0.17991049,0.09546667,0.16264438,8.99853441,0,0,1.84288611,5514.47099844,0,0.44285989,0,0,224.04795246,0,18.20887467,14197.19822643,6.71480526,0,0,26.86868013,0,0,0.01937068,0,0,0,0.15293257,0.08119649,0,0.06350747,0,0,0,0,0,0,0,0.01116644,0,0.77109965,409.23329349,8182.14153138,0,3.62757376,0,0,0,0.4066809,0.2132471,6445.27664519,109.72892785
"GMBC_092",5.66627377,0.44204105,0.28256906,5.18610882,0,0.10710398,0,0,0,1.27706466,3.69689246,20.66039975,0.6179894,2.44671506,157.27928826,0.03139939,0,0.02598194,0,0.31576535,0.42114873,0.6424924,1.68486862,0.91858467,0.00253019,0.03438371,0,0,0.65573078,198.32250336,41.89387714,0.2882358,582.15327702,0,0.63866204,2.44404856,145.78459672,0,0.01676584,8.62863928,81.44637664,0.99306545,12.45580734,12.91709109,0.21188766,0.07507184,0.85299324,0.03661433,2.46465273,0.7275161,0.02808836,0.0129609,0.12153896,0.05419455,12.60273609,0.11165316,0.01113499,0.03595043,0.02946276,0.0282068,0.01975083,0.05009323,0.1138336,0.87053824,2.72438186,0.14680788,4.45725949,0.14236749,2.81933067,0,0,0,92762.77113279,1386.26544418,2.62781753,0.14974878,0.18355515,2.47041558,0,0.36196917,0.24596836,5.99357739,0,956.76766347,91.6825862,0,0,0.56781223,531.27247502,1.10152823,15.42069011,43.99304048,11.8371624,581.07011743,677046.62985307,0,2.19520461,24.02558944,0,0,0,0,0,0,0,0,0,0,10.45741374,366.2210529,2.12585454,0,0.13409369,0.04754121,2587924.05887059,445578.06609067,175526.66361025,116499.50046841,76530.36902237,111784.49163405,78984.50242354,52.8216249,13502.80991564,249.52376126,0.25558669,15.39214931,0,0,0,1.25642062,0,1.16943379,0,0,0.5867246,0.0138101,0,0,0.12524848,0.22635438,0,0.0966963,0,0.25221625,21.35814692,0.14658387,15488.83066063,0,0,22380.38847036,634.54081876,0.22026544,7.71079968,15.45073022,30834.06709003,0,5269.29594964,30686.45647669,1146.73263199,0,0,0.26363465,0.73454462,2.95038607,126.77564449,2.04422287,88.98941221,47.98040398,32.45098244,20.70306595,0.50786854,1.00489946,0.2297115,143.2275755,77.96954357,1209.17827094,124.29552702,79.73441677,154.67297054,55.47376581,1.63967674,1.71585349,3.73137399,1.19608252,13.16158715,11633.58100447,2.45661143,0,1.04955856,0,12.6305377,0,0,1.76233023,6758.87481344,0,1.11622953,0,0,657.76118136,0,82.88490926,14051.4361726,6.52376932,0,0,26.59782439,0,0,0,0,0,0,1.4901753,1.04401554,0,0.57805858,0,0,0,0.10686311,0,0,0,0.05975923,0,0.1260499,599.84568276,9863.30723803,0,1.45765681,2.79542932,0,0,0,0.1447383,10786.13317082,99.55215108
"GMBC_093",7.82490258,0.31631405,1.12953685,21.01836251,0,0.13407119,0,0.25956564,0,0.92360381,7.89405858,24.70713609,0,3.67641195,58.02759225,0.60836048,0,0.06816704,0,0,0.75009326,0.4385984,10.15931105,0,0,0.28359074,0,0,0.1475991,295.08208926,46.61787201,1.57520414,514.1216396,0,0,8.82365749,30.22710463,0,0.04702314,29.55797609,432.16519597,1.32021579,19.33002885,13.26650651,0.47005968,0.47161606,2.55726039,0.16946248,12.87509678,3.35846433,0.05062692,0.0192013,0.20738574,0.06312677,20.87995453,0.33023362,0.04494364,0.44281893,0.58137729,0.0542139,0.02465221,0.0666992,0.11878469,1.12054403,2.59993477,0.20218472,3.90579735,0.1836601,37.60158664,0,0,0,281805.6990183,1631.37918043,20.69969731,0.32070823,0.04862137,2.00315974,0.01236474,0.77423834,1.96760516,12.91017148,0.47873682,840.98447943,770.52893897,0,0,0.65127522,555.0459057,1.68060423,14.33610921,53.22462837,35.37826416,618.21665989,414785.43985672,0.17957275,19.21598437,4.56511604,0,0,0,0,0,0,0,0,0,0,11.06674045,808.78672167,11.55271015,0,0.24666514,0.06545959,3953424.17002199,734500.2397269,635248.03898826,44889.81822087,20965.83409958,29545.31358273,74846.56554191,69.09762859,69320.10530035,1554.42059052,3.44751349,89.26406877,0,0.03506513,0,3.72896127,0.21176301,2.53584408,0,0,4.22103303,0.31803879,0.01777056,0,0.20324874,9.42392666,0,0.15375003,0,1.28692941,55.33751046,10.24450904,20022.58900956,0,0,34676.50073946,475.46565797,0.28050534,242.76359619,23.99005152,15223.07514571,0,4154.27855359,46451.18604545,1225.28684551,0,0,6.04310268,3.17333515,1.85942196,676.47355173,5.12858525,147.21136212,115.30141258,124.04817585,120.55000143,1.17845688,0.5300539,0,289.9900529,125.05136411,2825.1668985,185.28042166,79.08538208,255.93624771,248.98919289,0.70521451,0.81393381,2.02814246,1.02393081,1.15765698,20587.80208253,7.34066655,1.97796532,0.34392568,0.34939155,51.64357381,0.5241829,0,1.52947589,11193.52429415,0,3.86083988,0,0,393.25347022,0,74.83768677,19880.49591751,15.33808765,0,15.55917792,19.78547391,0,0,0,0,0,0,1.99268911,0.947861,0,2.07684282,0,0,0,0.42488953,0,0,0,0.09472576,0,1.2108017,1404.91248494,18703.06722458,0,4.86403384,12.74740323,0,0,0.53533748,0.39592075,8822.48848678,209.46990028
"GMBC_094",3.69030222,0.52402616,0.330413,15.14604106,0,0.08189173,0,0,0,0.82068465,15.14372693,93.32562248,5.47700347,18.30815433,54.73057867,0.32969131,0.29963654,0.02811674,0,0.13000972,0.40231543,0.59864315,3.06705836,0,0.02253119,0.16312535,0,0,0.14727516,312.41465168,6.45667828,0.4318268,971.08205858,0,0.26077738,4.14971661,19.36341182,0,0.03451423,9.40579311,118.42223549,0.62950544,11.06419544,27.32083056,0.90101988,0.21768554,0.5731671,0.12867362,6.23787368,4.24554926,0.06613456,0.0575391,0.11440781,0.07943769,11.75828438,0.12534512,0.02709204,0,0.0924193,0.03106771,0.02804723,0.11504175,0.73176831,4.71658042,11.38949775,0.21678587,15.77806447,0.11785355,17.89084458,0,0,0,535099.34691261,2679.27408001,9.60179381,0,0.16709706,3.57911019,0,0.5662383,0.52988876,2.86601507,0.45444179,635.98260892,942.69434581,0,0,0.18058277,1205.69590564,0.89962154,57.8836877,87.56171054,4.85609065,2883.8279069,66059.01505383,2.46513468,3.30400005,10.53426998,0,0,0,0,0,0,0,0,0,0,1.81050734,169.90334734,1.77422051,0,0.19410237,0.10028903,3517827.8423386,725442.77254541,375712.74539092,97614.13472935,58801.46831682,83916.92508522,120230.4338515,315.80340593,49196.32632822,895.02535237,0.96867828,12.48842121,0,0,0,2.9347527,0.04393594,2.58932899,0,0,4.71359494,0.04906828,0.01123983,0.01808138,0.37662908,4.20014398,0,0.13260212,0,0.46162869,52.23830125,0.22861011,10555.15652355,0,0,19354.126608,231.67565865,0.08403626,15.15805829,11.45193325,8275.83137745,0,2527.86044649,30948.15977823,827.98676397,0,0,2.50613689,1.02521632,2.66398279,434.93444944,4.73448824,79.21579307,142.22857237,114.96797445,54.53244958,1.21415145,1.85743872,0.16407141,392.75491722,69.5116572,2991.78213893,147.69002561,161.13920679,355.89648071,94.8528711,0.96824939,2.7357797,7.79383982,1.3116277,0.0740887,8692.51029499,4.52045699,0.25543615,0.48346457,0.05137709,5.52966459,0.4449463,0,1.08691516,6396.1355154,0,0.6703208,0,0,316.42160993,0,26.04847098,12438.64159105,0,0,0,6.89213426,0,0,0,0,0,0,0.8483096,1.16801283,0,1.26452527,0,0,0,0.0823578,0,0,0,0.05434517,0,3.49674705,600.15819579,9400.68358042,0,0.71178476,0,0,0,0.31186352,0.04128789,6627.22670044,608.42530716
"GMBC_095",1.01776548,1.29880369,171.77680153,72.00199097,0,3.62388559,0,1.31733643,0,5.30230217,3.41628638,2.42172541,8.67244833,1.37631626,27.93125405,0.32795015,1.24016282,0,0,0,1.17768205,1.77769606,177.80232952,0,0.20482908,0.11258484,0,0,0,1062.17390885,4.31064425,192.90429572,1052.82008318,0,1.49377202,71.57688851,9.89763213,0,1.94174373,163.55211416,2828.32512927,36.26725399,439.72647814,635.73473495,602.39870826,26.74766165,14.07176154,7.28048659,18.60053547,9.01521565,17.36083801,1.3695091,0.90186641,11.88749742,37.37221204,10.51915944,0.68052897,3.38819416,0.77079672,0.66436133,5.91790899,28.39694894,15.07702014,90.42512417,117.72107372,8.66881846,69.56433218,5.34174986,3982.27328805,0.40432796,0,68.80201832,634051.26522708,4222.36104048,4859.21990291,87.70451722,0.59225618,3.35961141,0.94244405,2.85822152,1.34548079,1093.46459042,0,69.35581467,4119.60443821,0,0,650.19559565,802.89275571,11.62390321,10.05272666,3370.73487105,30.46907662,5032.72110665,9193.58062654,0,14.58362339,109.61117063,0,0,0,0,0,0,0,0,0,0,4.75705404,488.8983815,6.78839917,0.57232092,1.15975236,2.44203351,14389428.2741093,6227248.32946956,1388612.04869727,54908.33677382,3558.08628985,27649.51056712,165497.93408709,251.84139116,3491.47687793,3197.42215788,865.20488784,202.21247553,0,0.56381159,0,28.78637128,4.34727805,12.19456727,0.22850343,0,32.68366087,7.13687113,0.05459176,0.07371959,1.17210044,87.28019203,0,1.17614297,0.60269123,14.67947674,39.76562035,42.82309418,27864.79715809,3.19147871,0,61149.84497983,199.27773274,81.90371007,106.5222195,79.13545611,5940.36761338,0,5406.84027453,87752.68367915,1534.58195674,0,0,1068.53388913,18.82879607,39.73794807,2981.6740082,53.41402403,271.42024487,1424.5220004,242.09912409,760.60941764,8.65848926,14.94194953,0.90844576,374.48654127,234.94876535,5485.28352489,608.68482251,1094.11762387,289.97139407,579.92533571,8.383353,11.57740744,29.92553035,4.78940185,48.50477673,52977.09616743,11.41552214,8.79518934,0.80327355,0.37046436,407.26246421,0,0,22.41465781,33449.81756251,0,30.10677129,0,0,601.95057985,3.53508448,7.62113263,35553.9975904,33.54997242,0,0,77.89438295,42.33208166,0,0.13244404,0,0,0,4.71828426,3.47556852,0,5.54332062,0,0,0,1.21899719,0,0,0,0.19353582,0,54.89477873,4575.66345155,45791.00743376,0,160.36204888,143.93224458,0,0,651.9856536,33.04903912,4580.52440698,404.04923303
"GMBC_096",3.00296271,0.37440222,1.43009308,272.42850368,0,0.18008818,0,0.2103384,0,0.88506944,2.73048583,0.23756202,0.51479903,0,5.17767861,0.04169385,0.94219212,0,0,0.13261318,0.75355038,0.56957204,2.652703,0,0.09889054,0.01065965,0,0,0,440.19166758,99.69035039,1.76139885,1179.79641439,0,0.77378865,3.55868477,38.63389411,0,0,3.71694624,313.08505858,0.47829128,17.47361838,18.12200293,3.81735887,0.73417678,1.02016113,0.20357805,2.35554783,1.93048614,0.06351754,0.01809807,0.1822152,0.05642705,15.08128018,0.15818103,0.01473067,0,0.07041486,0.04450904,0.05845904,0.26994412,0.26595735,2.71353172,4.56701237,0.20078583,5.00301453,0.09401061,37.23984623,0,0,0.38484815,208914.43481196,3147.65712069,66.20707616,0.41959388,0.21059075,0.17017071,0.31373114,0.19073483,0.49161541,195.7327928,0,908.92950739,730.98685514,0,0,3.53025901,421.06555127,1.55993426,30.15669163,394.6527669,66.86543686,727.22834342,248343.35625756,0.28012546,27.78331406,4.88322078,0,0,0,0,0,0,0,0,0,0,16.0514734,544.79503469,0.68446714,0,0.22922014,0.10593398,6666113.86174474,1661029.87133229,599191.19845232,111982.41558576,62267.42679247,76272.29682543,101838.00858048,952.45326372,4697.33624197,2769.33481934,148.99403859,46.05429611,0,0,0,1.30867343,0,0.86605818,0,0,2.69860156,0.06399985,0,0,0.16330127,0.60449827,0,0.19407154,0,0.28053823,55.12646474,0.19693838,19188.2873415,0,0,24739.00991483,266.75564432,0.78620537,340.45260853,15.7220999,26349.70088057,0,5881.97109521,35591.32171761,852.55292786,0,0,6.98714547,1.06355263,1.48143983,293.60207804,2.12714892,103.15834118,143.16459559,181.03229051,168.98753238,1.1185984,1.37808429,0.36534261,286.61413825,89.88044546,2938.49777296,173.12362768,68.86089951,262.25913409,145.81960913,1.27837951,5.24834353,8.68551494,3.44189029,4.49814422,14431.83521434,4.37202807,0.95325596,0.59224601,0.61543406,167.1912264,0.19770868,0,3.57690815,7826.46884173,0,3.58096418,0,0,110.37158642,0.02112371,32.44454371,18105.81487628,18.59853734,0,40.53389808,26.38595487,0,0,0,0,0,0,0.43679528,0.30538587,0,0.81839319,0,0,0,0.09560524,0,0,0,0.05825325,0,3.97339432,626.31476384,10689.57272068,0,1.5439075,0,0,0,3.94342501,0.33264213,7778.38461567,180.81396808
"GMBC_097",3.50065637,0.39226107,0.23583059,4.7306449,0,0.15783856,0,0.04756258,0,1.01240707,1.61807146,0.48971529,0.07479595,0,8.98366161,0.05093393,0.12283057,0.00023264,0,0,0.32428727,0.20567461,0.73195744,0,0.07602407,1.52052409,0,0,0,312.94866319,3.54703693,0.30420123,560.12360705,0,0,2.69055315,16.21877623,0,0.12800989,3.54616419,4117.91432183,0.08255323,6.88721357,10.55895008,1.01004851,0.66645246,0.79124152,0.30070924,1.71563362,0.55049297,0.14390092,0.01277164,0.12566025,0,11.59602077,0.11415935,0.01983273,0,0.01217747,0.05882838,0.04890257,0.07130178,0.08883686,0.57077676,1.05467029,0.04327535,1.58782145,0.05492366,8.12192719,0,0,9.30342428,108122.74955353,1339.65340057,8.57785617,0,0.15101664,0,0.11725011,0.31947344,3.3535791,62.43224521,0.08654315,804.47150655,293.01430466,0,0,0.48065501,471.92580604,0.93795105,1.79531085,1124.47393892,28.46692537,283.84042037,366292.32081388,0.59240874,7.44733393,10.84849564,0,0,0,0,0,0,0,0,0,0,23.22384708,395.31945841,0.93181056,0,0.36687724,0.11871786,4475774.81409146,822256.60804478,529294.88936118,112847.48027703,79977.90611328,106182.79430505,101804.40237099,224.28616911,20393.54148708,689.17801582,35.75285415,21.22796382,0,0,0,1.25597767,0,0.63542649,0,0,1.96073783,0.01709343,0,0,0.26509364,0.60467034,0,0.06121266,0,0.12409859,23.56364251,0.64752293,14826.81574584,0,0,42349.28157395,182.43446932,0.10080674,193.34663046,13.82751505,24485.3443204,0,1598.98918762,68112.90018962,586.30599443,0,0,1.35249003,6.52414833,1.64590543,244.57764167,3.47533776,85.75662154,60.63024922,108.19341021,84.29728254,0.49203484,0.69224961,0.5422776,532.35172245,76.77647065,3099.97116824,356.66041863,103.60502415,809.90659815,349.57800503,0.66632683,1.87470684,6.73747404,2.26904356,1.62970902,27285.67217174,0.79319605,0.80823336,0.25916511,0.09140292,62.21001145,0,0,3.27646872,11426.20148117,0,22.48710811,0,0,185.79478679,0.24785206,28.68595236,28338.92318125,2.84345785,0,0,57.17636255,22.33427705,0,0,0,0,0,0.57920898,0.30533931,0,0.67962994,0,0,0,0.30011827,0,0,0,0.05175454,0,1.45091577,1459.8122642,21572.42758523,0,0.34011315,0,0,0,0.34724418,0.98710817,11188.97256956,119.72661395
"GMBC_098",7.82414483,0.52631426,0.06431931,5.29219526,0,0.11178038,0,0,0,0.38985657,2.11594034,2.72003813,1.05783341,0,31.72648948,0.06100759,0.67903108,0,0,0,0.38568986,0.18369556,0.29907258,0,0.00464453,0.11494768,0,0,0,144.0234944,91.25038644,0.16726962,135.33434075,0,0.89389645,1.20698979,34.14973678,0,0.05692371,3.2304291,528.2926259,0.34657978,12.7842384,3.94866037,0.58992202,0.32563029,2.22495748,0.20383745,3.48896483,2.54338988,0.09244387,0.01313212,0.14128048,0,14.12241425,0.18720601,0.08142831,0,0,0.05648978,0.0513444,0.07316399,0.10419547,0.43137547,0.73821585,0.11142462,1.10576293,0.13926262,8.18988619,0,0,0,73310.6377051,1701.45476035,4.99633535,0,0.10585961,1.08823569,0,0.54575456,0.83755833,23.18037464,0,589.71636892,133.29997108,0,0,0.30733556,201.94325337,1.2157088,45.90195682,219.43231675,9.09098246,452.57516974,226941.10912527,0.43279141,6.91227334,5.52245642,0,0,0,0,0,0,0,0,0,0,4.40311656,383.85506932,1.07246807,0,0.10157988,0.07072611,4201024.30729127,763732.12318013,333704.98571967,78945.00853911,43227.90134893,51123.05751343,125525.70108263,138.69629044,70641.62704231,1681.5666261,18.55064432,44.6283263,0,0,0,1.22614594,0,0.46270185,0,0,0.77936833,0.00967705,0,0,0.30496446,0.76518716,0,0.06418581,0,0.16973647,19.15420817,6.58808431,9811.52655879,0,0,49348.99154151,297.72011742,0.17442649,359.23460056,16.17888029,7829.38646543,0,2455.66937931,63880.1003995,966.23773879,0,0,0.46817083,0.37552968,0.8833165,149.04930607,1.86745852,111.68523802,40.17054899,50.66501101,22.61304039,0.53544085,0.21456364,0.03526578,138.99348166,86.58265581,927.35496306,45.60734333,26.03549507,97.73556346,34.72890535,0.24514455,0.81389207,1.39210595,0.48885715,1.6513437,24654.19401404,1.04887889,0.28595837,0.54929599,0.14494409,20.62585941,0.09723333,0,1.72672287,11810.25007217,0,7.93926152,0,0,175.49395602,0,44.4800929,36813.68585614,2.68069677,0,14.63485005,43.58773339,0,0,0,0,0,0,0.40291777,0.14119852,0,0.1401476,0,0,0,0.04448005,0,0,0,0.04534531,0,0.1902289,940.34466624,18895.51431953,0,0.61623607,0,0,0,0,0.10584363,3452.3150413,132.09646882
"GMBC_099",3.00842888,0.18710878,0,3.30045854,0,0.12689506,0,0.02615328,0,1.29694709,0,0,0.14980999,0,3.66001758,0.31499297,17.09199864,0.01504916,0,0,0.52806042,0.25043396,0.33834658,0,0,0.05046874,0,0,0.07690123,75.85901449,20.58880508,0.08941404,49.1219903,0,0.22260508,1.83347023,27.75202136,0,0,1.76253321,124.41655963,0.99229323,12.25781817,9.71214632,0.23214978,0.13157442,0.87476912,0.05594504,3.32083198,1.53489566,0.0323451,0.00668028,0.15368477,0,14.12795785,0.10447944,0.02562695,0,0,0.05774363,0.04954405,0.07329817,0.11716334,0.51877467,1.65800775,0.09182263,1.51362877,0.21472902,4.07310943,0,0,0,31299.10388746,297.59012546,3.26943487,1.84295105,0.1998241,0.81578949,0.1886468,1.39047825,0.99751746,6.79198169,0.20591182,444.45008496,91.48529299,0,0,0.06493628,253.23936582,3.01163301,3.13026351,33.49089004,4.29620498,248.30707622,111188.62178444,0.28304321,1.02309519,4.94854466,0,0,0,0,0,0,0,0,0,0,9.72399626,321.256058,0.52962378,0.17595606,0.07703662,0,3778044.40016074,835580.06109747,704823.74285203,123562.58821071,80851.57925126,103605.56846523,120862.03255968,86.11012959,45077.58659077,595.56096851,3.91133395,7.28763395,0,0,0,1.03921869,0,0.62292562,0,0,0.27515211,0,0,0,0.11870811,0.47317095,0,0.05538882,0,0.36216465,23.74716009,0.3343815,13952.65399899,0,0,30632.02576393,128.41264266,0.06150036,27.49268408,12.47219845,11955.94767666,0,1671.3523164,38233.50521558,538.46999473,0,0,0.20080368,13.88887674,12.51740315,464.72064914,2.81368773,96.6508898,168.10897457,196.58780894,38.72764628,2.83837458,0.23892211,0.03202927,187.05639853,84.93462987,1484.04335873,80.47364235,124.91426547,225.60345457,87.03762451,2.05877107,4.18735335,2.32410273,1.76024763,0.33641606,16736.04405563,1.30261096,0.63789476,0.10115759,0,11.75777028,0,0,4.24411467,9114.23675184,0,0.87868012,0,0,437.04314241,0,5.49038504,22182.91069112,10.43969084,0,13.75710589,1.26437475,0,0,0,0,0,0,0.33886747,0.18084075,0,0.07625337,0,0,0,0.06421966,0,0,0,0.043021,0,0.82136459,233.23936744,14566.30884871,0,0.26886778,0,0,0,0,0,2647.95206431,76.97228364
"GMBC_100",2.07944009,0.22509586,0,7.25367592,0,4.29310523,0.09402715,0.53419926,0,0.38329643,0.79019814,30.50729831,0.67281465,4.48688183,23.16198618,4.58522968,4.10569868,0.06921425,0,0,0.71755853,1.53655298,0.30987223,0,0.0560062,0,0,0,0,207.10136025,59.4106386,0.09233946,84.82237082,0,0,2.89987047,49.25827316,0,0,3.47949462,156.00844236,0.45288153,18.56455843,18.86284814,0.7690205,0.43422829,1.42356437,0.05880704,3.32192072,1.40925026,0.04155389,0.0184162,0.14259756,0,14.57113904,0.11508497,0.02144084,0,0.05912609,0.0391394,0.03259525,0.06313538,0.10712375,1.42425589,2.15069404,0.1395949,3.19155127,0.15942042,4.94431129,0,0,0,128876.99102234,2247.55450797,2.09941021,0,0.02862075,2.06581907,0,0,1.84126541,7.95029373,0,144.10070551,303.49428696,0,0,0.05411302,347.33164376,1.55908096,3.15759433,25.10472775,17.39467003,788.10824742,356688.5939433,0.50388386,10.12431931,60.42297786,0,0,0,0,0,0,0,0,0,0,29.2326233,534.72974747,1.45533552,0,3.00365379,1.11115395,5014427.36125722,919214.84296596,1581027.42868179,75573.59131688,40549.20417818,57906.68096699,153541.67281698,173.15777369,182005.89276898,1361.86189825,5.1930572,35.91986645,0,0,0,0.55073746,0,0.30727504,0,0,0.35695561,0.01362292,0,0,0.06193575,0.40696059,0,0.10172452,0,0.36754814,41.84365324,0.85287504,13350.03445037,0,0,17152.35546497,238.84768223,0,155.37050749,19.54106009,17079.63213058,0,3545.67667526,24508.5871447,684.63549092,0,0,0.34668703,1.21173145,1.8767461,448.33872449,3.3777337,92.00784469,134.14641899,80.40906173,69.48830636,1.03523582,0.34170872,0.24181491,121.80624383,86.55059297,1618.32040127,63.47975734,77.58059674,185.89589006,64.25649073,0.65887823,2.16072137,3.60970354,1.98318549,0.91066559,11274.74123585,0.85795926,1.43123723,0.09821845,0,13.98118972,0,0,2.67212278,6162.9990568,0,2.56983542,0,0,196.04952818,0,4.40920301,10300.329449,0,0,12.95365036,35.8997709,0,0,0,0,0,0,0.34536504,0.09162187,0,0.08742796,0,0,0,0.07066875,0,0,0,0.0347994,0,2.44995765,654.9038155,9867.35305911,0,0.21354645,0,0,0,0,0,6986.55518328,98.99696449
"GMBC_101",0.18215905,0.51292738,0,29.54780051,0,0.01601681,0,0.21775529,0,0.18830155,2.26122393,0.42020146,1.2763223,0.05863881,1.71493263,0.3924672,0.89251689,0,0,0.23916951,0.31701338,0.11176259,0.55026967,0,0.02375516,0.66012864,0,0,0,331.76036878,4.87917722,0.09588331,1003.75633186,0,0,5.00398663,9.00445996,0,0.03322469,2.21565145,78.81153805,0.48530209,0,3.58400161,0.74415817,0.48065767,0.49680742,0.50352246,0.80120406,0.47717361,0.25046834,0,0.09438254,0.02962163,7.98219574,0.10638697,0.00638557,0,0.08090041,0.02184161,0.01832499,0.06342155,0.19210027,1.44316424,11.22138643,0.50434909,7.37028365,0.12478051,1.33656626,0,0,2.73161978,162727.84850049,2478.00030923,0.81366063,12.45822806,0.03834666,0.02388843,0.64279248,0.77706491,0.99876745,4.97884659,0,229.45632385,1094.91810287,0,0,137.80821467,427.32652023,1.12503803,2.96587093,679.56835422,9.06086794,400.71398442,190402.20115748,0.29111019,9.70195267,7.0224289,0,0,0,0,0,0,0,0,0,0,1.40478297,233.37272671,0.11415713,0,0.34236213,0.02774846,1396705.34844264,604355.40785742,595595.65023845,123162.48034139,100177.08737231,142003.79090115,150736.44138808,153.36818341,5778.120337,2369.50487332,3.02815059,2.594074,0,0,0,0.12125408,0,0.09692951,0,0,1.03362244,0.03617403,0,0,0.18187347,0,0,0.03400448,0,0.08994179,15.71954034,0.17537413,6314.52328241,0.33314059,0,22257.06944591,372.8218957,2.64549174,15.28878243,11.86570176,9822.07233886,0,5331.1289346,28233.97366862,996.36638463,0,0,6.25047426,0.58869456,0.33743914,119.97264024,0.94899914,60.48291892,24.33885445,21.1306491,20.41444551,0.28213033,0.34963571,0,12.22400385,51.96056842,163.16313944,11.95759779,7.07241562,35.75986134,13.55821726,0,1.04451935,2.44030835,0.74960979,0.14947931,10210.31937614,2.91710658,0.2910504,0.17857546,0.08526997,35.38231935,0.28867217,0,10.59742689,6303.68994591,0,0.47381067,0,0,77.64123828,1.38466417,6.11634867,9486.89510879,0.38026126,0,19.32152229,135.10979715,36.87520876,0,0.03057372,0,0,0,0.23138671,0.14775331,0,4.48024918,0,0,0,2.26761804,0,0.0591402,0,0.04767561,0,7.60551841,693.70274973,9509.19199964,0,4.85676034,0,0,0,201.47680546,10.33690957,6974.99877151,134.85435652
"GMBC_102",1.32814135,0.37924907,0.21104292,3.47232091,0,0.06246894,0,0,0,0.20571928,4.84194453,13.67676548,0,2.81026559,34.69347659,0.20104936,2.90192984,0,0,0.01098244,1.14050683,0.37452972,0.38886601,0,0,0.01302179,0,0,0.31516577,613.69846361,56.44434372,0.11992958,701.28560894,0,0,3.24389763,355.61373713,0,0.04416981,1.25399352,45.81303575,0.57181576,4.18701975,6.39866289,0.28447029,0.1096247,1.05917525,0.06111544,2.80500624,2.04557233,0.01360508,0.02751491,0.09693173,0,9.17016232,0.05431805,0.01088687,0,0.08090181,0.0245704,0.01795429,0.0382523,0.09418556,0.3430073,1.00738153,0.02291477,3.75231085,0.02926646,1.36186687,0,0,0,109338.59832302,2624.32952768,0.64842321,0,0.13920108,1.58938744,0,0,0.38483364,2.32392282,0,633.09079308,212.31855867,0,0,0.97148571,598.87726465,0.92453875,1.53076866,82.14228004,7.01347599,397.86122258,374076.45482398,0.3609712,2.46043238,10.97763841,0,0,0,0,0,0,0,0,0,0,1.5583498,265.51911158,1.42727976,0,0.05739919,0.1036718,1984628.56462198,397948.72899175,200510.90114254,104063.67073441,92300.90106109,120943.15799058,79724.94755277,89.03178703,20544.90597221,385.10272597,1.52802581,16.73827093,0,0,0,0.34662789,0,0.16675316,0,0,0.36176114,0,0,0,0.1447963,0.0648942,0,0.03184882,0,0.16472994,86.1012332,0.05444013,9477.49497689,0,0,21441.20319882,358.69265101,0.09072579,6.0026273,8.85003792,11395.35400967,0,6637.52749747,25705.76013328,797.11444935,0,0,0.13287857,0.51865381,0.54588012,129.91856296,1.83619905,71.69360307,50.81761687,36.2307934,25.3518465,0.30503403,0.41815048,0.26902106,183.76699862,57.60974371,1002.85754508,52.07719163,36.56365913,127.63134626,90.09122944,0,1.04520222,2.13504141,1.29566075,0.47072337,9266.06848555,0.79264531,0,0.7420185,0.0683833,7.40112908,0,0,0.44825526,5586.08076222,0,0.57265514,0,0,178.59331746,0.01503037,17.66920893,11012.00315604,0,0,0,6.34076707,18.59700991,0,0,0,0,0,0.14928383,0.10762338,0,0.11591041,0,0,0,0.12147,0,0,0,0.03000985,0,0.28756245,436.83838713,8073.18960322,0,0.23972046,0,0,0,0.76283692,0.04454289,15113.93122596,162.32171747
"GMBC_103",6.07874952,0.83118096,0.12801119,93.28411488,0,0.26250242,0,0,0,0.37187392,38.16418632,12.05527475,0.56491895,1.10730686,30.29051053,0.39448452,0.51535527,0,0,0.21316769,0.90923573,0.55042881,1.03994342,0,0.02209731,0.01588437,0,0,0.06826371,401.2037487,11.0784689,0.16169175,1776.18292556,0,0,6.87774861,66.72953385,0,0.01926368,4.25892093,54.12479903,1.75075616,13.49779002,7.22195542,0.4017667,0.15669484,0.67777019,0.11395711,3.11939655,2.42469017,0.05696774,0.00800781,0.1175717,0,10.70691128,0.10397505,0.05745009,0.02754543,0.05587872,0.02775637,0.01263587,0.02747246,0.08579403,0.43052731,1.57753846,0.12017594,3.887445,0.07913304,6.37394013,0,0,0,401790.3948991,2348.08206711,1.99886381,0,0.06303547,1.90731088,0,0,0.22715529,4.460937,0,726.69066706,2250.40853571,0,0,0.24146341,1008.87506137,1.40617245,22.36575919,38.8434624,2.29382998,1314.61703765,128602.25418348,0.64342309,3.77565023,11.53391301,0,0,0,0,0,0,0,0,0,0,8.70989755,336.95487152,1.58610233,0.26572263,0.50691687,0.01173605,2588580.27120505,794519.12448498,502621.4005302,106310.99648048,69057.41205294,85103.53618569,179496.94149222,503.75300562,117558.21955809,2042.24097093,1.47612715,56.45114036,0,0,0,0.41256236,0,0.19719634,0,0,1.5415675,0.00710093,0,0,0.19735697,0.17975898,0,0.12528436,0,0.47298546,170.96708645,0.08798108,11997.13180657,0,0,10492.82940214,424.10118929,0.32620371,15.17451229,13.23773489,8856.98528812,0,1835.91809445,14579.54277994,1241.75082463,0,0,0.48560573,0.67019802,1.61189882,441.88072146,4.2123884,77.21652764,62.83200658,25.06416874,131.8944706,1.96086248,0.80351554,0.06001952,103.77927026,67.50667646,1329.58576576,92.39652079,61.24927478,153.8055376,124.24688991,2.51031973,2.14274851,2.86501944,0.79946038,0.16511841,4690.22121047,5.08294029,2.95864767,1.00327051,0.45116997,5.29051168,0.59407556,0,0.90534566,2925.64098395,0,0.9573013,0,0,127.44364898,0,36.8640602,5617.98607179,0,0,0,85.66217599,0,0,0,0,0,0,0.13982913,0.07252859,0,0.16925336,0,0,0,0.04394641,0,0,0,0.02011419,0,19.65107913,261.82643623,3947.79352957,0,0.69836854,0,0,0,0.60923062,0,6136.83498648,529.07296027
"GMBC_104",2.22247867,0.57695212,0.2465201,51.97631404,0,0.34170894,0,0,0,0,8.1669388,86.13243849,2.63015474,11.88840862,0,0.36854452,1.08725894,0,0,0,1.53240524,0,0.47705468,0,0.00931663,0.04770087,0,0,0,577.43359964,122.69688221,0.3100925,1367.29990718,0,0.46361221,9.32805708,135.82530444,0,0.07338339,2.54811421,72.8146215,1.88356188,0,4.6798484,0.53296012,1.03512449,1.04889875,0.29380235,3.06213607,2.13736946,0.15706254,0.01398549,0.11149235,0,11.30777187,0.15653487,0.04308628,0.00854455,0.10904286,0.02389581,0.01503567,0.02934015,0.07392346,0.32270854,0.49835745,0.03687265,0.76537891,0.05368425,4.07820495,0,0,0,214190.72709813,4583.08239477,1.12850889,0,0,4.75441802,0,0,0.25370274,3.09964376,0,490.88027306,3215.954741,0,0,0.26800846,714.14538156,2.23449793,223.2269198,89.35974491,2.57229147,1084.17524575,523577.33267231,2.52077794,2.00108906,11.96667889,0,0,0,0,0,0,0,0,0,0,1.61117717,220.49088471,0.47525945,0,1.82124109,0.64016821,4362037.28151407,1848768.29438029,2615039.49275724,451876.16778891,342318.8977191,455624.38976974,470141.16371313,808.21432185,219496.58805541,4648.90110298,1.5429582,7.29570161,0,0,0,0.60603037,0,0.46341952,0,0,2.00597655,0.0136013,0,0,0.38210848,0.02369551,0,0.19049786,0,0.23141165,261.07368919,0.45570192,11589.12196427,0,0,33736.47367878,523.73169383,0.04927149,32.35109819,17.04095705,20502.37174214,0,9061.23725837,40300.32362319,1503.58645872,0,0,0.31864629,0.94413647,0.84804406,225.39749021,2.37721324,79.04416667,99.47539143,83.33824585,104.63666414,0.29934947,0.75474944,0.10498427,75.64059006,67.06664722,661.44017299,60.47682755,47.4915534,104.14723263,104.94954249,0.23260505,1.19911676,1.59487846,0.81569448,0.91510579,14085.64279176,5.60187576,2.39694563,2.10751348,0.43814395,11.28364025,0.53612905,0,0.88538574,7937.82774436,0,0.89436676,0,0,327.97785173,0,18.0472403,16443.62945119,0,0,0,69.51670209,0,0,0,0,0,0,1.32585523,0.46869211,0,0.53462207,0,0,0,0.23327895,0,0,0,0.0735023,0,10.85703653,794.9023412,12646.24695364,0,1.04317071,0,0,0,0.30173728,0.03128323,18087.21697369,203.61341781
"GMBC_105",6.61253532,0.25878929,2.23124547,52.85701074,0,0.33690534,0.01504455,0,0,0.33491905,5.46679969,1.86556028,0.5332004,0.21657079,9.72556061,0.79275193,0,0,0,0,0.9606297,0,19.02913069,0,0.22583402,0.18476828,0,0,0,680.19155375,10.45054515,2.95468335,717.43171663,0,1.99006872,6.04369383,40.98623623,0,0.17405181,60.79459479,538.30421369,1.69890354,34.290384,8.50535036,0.84443737,0.58927393,1.44501115,0.07543707,2.67045511,1.37591065,0.03933846,0,0.22887215,0,23.25163118,0.32436893,0.03200122,0,0.11811633,0.05682114,0.03174899,0.05239513,0.12932691,2.52724422,2.72957089,0.09842763,9.78447995,0.08920573,247.03442906,0,0,0,521446.87646226,3540.5731629,109.29898024,0,1.65464498,0,0.10338592,0.47916954,0.64404431,16.37211388,0,665.87960119,1583.68772262,0,0,2.03722927,1450.31062357,2.70121188,19.86832305,162.40938527,11.48891878,1310.18314399,353227.4822601,1.19049495,25.69538998,9.33329629,0,0,0,0,0,0,0,0,0,0,5.21863368,589.38399525,26.44717891,0.24506194,0.43764724,0.0626661,8436740.09667294,1804938.39160898,1781842.29181822,85895.32914051,31929.13678111,55692.96304861,199541.86469356,197.02314809,102433.50828841,5574.54703699,6.45942261,17.67921045,0,0,0,1.44265308,0,1.00141634,0,0,2.56360259,0.08748002,0,0,0.21308668,2.4752293,0,0.09432792,0,1.20248279,202.19214964,2.19255931,14693.86147681,0,0,33558.37696692,616.67585416,3.03942646,213.36184355,21.49175426,12242.44913735,0,5447.18342991,52312.84014442,1395.78433917,0,0,3.04191029,0.90904231,2.99865694,222.84724288,1.97779239,156.11656912,251.64574369,20.97041043,117.28348796,8.39887175,0.37159518,0,224.77866945,139.12854381,2193.83152639,64.99400995,174.17465372,72.77738772,172.41608237,5.68132854,1.33898177,1.94318013,1.0278857,2.13895156,16519.16486132,14.4281937,2.87196504,0.67539618,0.26168429,11.75325674,0,0,1.94844383,13300.16676497,0,1.61739821,0,0,243.66677713,0.08168585,40.27810653,25645.25492933,0.66936798,0,0,128.40128308,0,0,0,0,0,0,1.04265394,0.37560418,0,0.82936208,0,0,0,0.15354871,0,0,0,0.05073178,0,11.09266702,1723.20863514,22647.03419581,0,12.57162674,107.3194392,0,0,31.41016739,2.04876799,13519.05470646,745.18548688
"GMBC_106",7.62066027,0.73956358,0.36698544,72.88855488,0,0.1595892,0.00186878,0,0,0.34365948,3.32734088,0.11605312,0.36176471,0,0.95207696,0.3182658,0.71066218,0,0,0.09262496,0.63060199,0.86749041,2.2830333,0,0.04324088,0.07137478,0,0,0,793.21168996,45.13304517,0.33977397,1448.56607183,0,0.54761662,5.85231181,10.90414703,0,0.06893584,25.59458168,195.94950242,0.99477721,0,11.62505523,0.27063006,0.25207465,0.98135224,0.05188271,0.63828881,0.48226596,0.02446437,0,0.11706602,0,9.89007413,0.09608987,0.01631835,0.01314606,0.05166222,0.02397308,0.01079554,0.02722868,0.25267068,14.96452364,41.83427318,0.33134936,32.35015637,0.18051753,24.42271229,0,0,0,779007.05694345,4347.3939208,25.67808833,0,0.06894453,0.20844123,0,0.08912004,18.95049967,5.52066193,0,705.21892732,4050.91251938,0,0,0.38436907,4067.73272018,1.19264611,8.62773846,129.14636676,2.24026512,3363.48636659,211049.60856191,0,6.91718044,2.38569313,0,0,0,0,0,0,0,0,0,0,28.83071092,269.31611825,2.60138784,0,0.35138006,0.09262815,2527172.00288955,309029.70331846,91754.95675882,33043.39838195,19517.38072266,29624.2228479,48144.66606653,73.46871179,35530.71415899,1234.89313764,1.60322505,7.53035761,0,0,0,0.82133106,0,0.53039398,0,0,5.53874602,0.00680793,0,0,0.39788677,0.16870922,0,0.27523901,0,0.95702457,108.99560953,2.38174366,11662.53313149,0,0,37296.48247965,531.95394503,5.63879959,58.43131523,11.70302393,9838.51516575,0,9621.7089779,47608.3759334,1846.88978912,0,0,1.14747473,1.13890924,1.43735029,282.33132273,2.30428483,74.82136176,103.19778288,69.11385741,34.92287766,0.93969423,0.9400209,0.17963764,190.04610908,63.58699432,1892.7813171,149.18489178,125.75154047,238.87767602,60.5810827,0.96433221,1.75738856,5.17029394,1.06517991,0.13748058,20300.6048695,18.89669409,4.66127411,0.62991208,0.19896452,5.65548024,1.55967628,0,0.63088147,9109.98110524,0,0.66492653,0,0,440.66601955,0.14468882,44.36376172,21871.01797976,0.35174662,0,0,224.59152421,0,0,0,0,0,0,0.21540332,0.07848957,0,0.26459866,0,0,0,0.03725221,0,0,0,0.03867765,0,22.90597791,918.20723688,15736.79031522,0,4.63968316,14.37074242,0,0,1.93331968,0.10943139,14511.06231069,2449.90996263
"GMBC_107",15.285699,2.85281164,4.32291187,63.1022312,0,0.38126881,0,0,0,0.82682198,3.20575331,87.31075561,1.19449105,7.36829628,54.11039333,0.85591069,3.11693136,0.02347336,0,0,1.40642841,5.42609267,36.67779739,0,0.1993941,0.0478789,0,0,0.08091997,1055.61726305,12.42437934,5.49112641,1338.80620561,0,0.90461829,7.41611714,21.96044983,0,0.26908716,153.18200725,3446.11674328,2.17749555,91.21784468,20.36218925,2.19379725,1.84739223,4.80446912,0.24032772,10.43127537,12.4038619,0.13530646,0.02697332,0.36993782,0,34.51008244,0.40789079,0.01701949,0,0.30159927,0.07086444,0.02752955,0.08042147,0.27873614,6.37385093,18.99949049,0.32311255,20.57825233,0.26259559,128.24908071,0,0,0.53160226,1193345.59699473,4456.34119829,75.6664189,0.30372641,0.18948907,2.87547506,0,1.19512384,22.59095165,7.33123625,3.09868607,782.58356338,2625.63559213,0,0,0.21044792,1836.00242662,3.21113303,39.79511249,138.45014685,11.87401843,3959.96073045,19915.88001456,0.64785823,18.30827871,16.53981478,0,0,0,0,0,0,0,0,0,0,118.33115902,601.20105103,2.22547724,0,1.47746109,0.19851094,8172608.8339975,2298711.89886386,1966086.50186419,122489.31467889,60109.98960663,95172.38511484,173908.55002864,432.13455209,4077.46738069,3286.14070147,7.87368271,23.62971108,0,0,0,2.85903631,0,2.22998959,0,0,3.67837037,0.07521101,0,0,0.4421849,2.18643243,0,0.77145712,0,11.3527999,101.23830599,88.95547239,24475.48164842,0,0,97728.13977621,523.49337223,1.02378726,137.13512747,48.4820111,6732.379986,0,6678.80663231,129524.26628686,2175.0667611,0,0,1.63675324,2.43724442,2.71363797,2257.16188631,9.83281732,222.9877914,485.08859654,605.25994637,922.64355312,5.65575743,1.45723143,0.1495975,162.04198788,207.97189798,2947.27777485,154.12080491,96.52406541,260.46688251,377.02408243,2.63168153,2.07115391,4.18423595,2.89721992,0.72812315,75231.01436707,14.27869439,5.92360708,0.64361632,0.71841902,4.13219782,1.41492284,0,14.29806042,29836.61310542,0,3.67142959,0,0,229.78567052,0.13527301,46.09745049,59212.33261315,46.27299273,0,0,320.47655613,0,0,0,0,0,0,0.80842567,0.28257889,0,0.47423364,0,0,0,0.02828598,0,0,0,0.19620231,0,21.86943044,4482.19249204,60070.08688515,0,166.21079942,99.16598271,0,0,1.93102523,0.18081269,12141.05237228,928.15787867
"GMBC_108",1.79449153,0.32970395,0.19284227,1.05648396,0,0.04665741,0,0,0,0.13452248,1.25720465,2.64090491,0.29863981,0.29086226,27.06871186,0.08655615,0.19509077,0.02686998,0,0.28515651,0.26941881,0.08514707,0.43400279,0,0.01072143,0.04694706,0,0,0.11011364,393.45913806,35.27345525,0.19921954,368.62209081,0,0,1.88046083,84.39787773,0,0.01223896,1.50351206,45.95090557,0.27912283,5.91165637,8.16880152,0.20726949,0.03908233,0.48076019,0.06687204,1.95797068,1.44398717,0.07434631,0.01637517,0.1140905,0,9.58767795,0.06069171,0.00810864,0,0.23585318,0.02120249,0.01277219,0.03641743,0.09257732,0.6904632,0.86786337,0.05484912,1.55200321,0.05635392,1.14098807,0,0,0,40724.2772666,1657.1152896,0.79628229,0.15977168,0.13305402,0,0,0.15121136,4.04082496,1.5483115,0.24437768,749.57230146,59.63675367,0,0,0,161.33086943,2.26643067,1.23603923,8.18956983,1.00347984,284.96544968,220224.3611849,0.39343179,1.33098626,4.41950153,0,0,0,0,0,0,0,0,0,0,10.36991198,299.24111123,0.99138889,0,0.04487231,0,646350.52392997,78664.59956841,4147.74385015,20298.19538925,15294.23020925,21081.26175607,2570.17397613,42.41392901,1148.51818565,90.60743571,1.3306002,11.35993509,0,0,0,0.35256069,0,0.21887712,0,0,0.36361291,0.00851266,0,0,0.05636715,0.02741451,0,0.01959116,0,0,11.59466135,0.5091748,7621.83447271,0,0,15238.00942083,139.13406189,0.21393423,27.76444374,8.92689295,20205.50673939,0,3707.99767298,19503.14600656,467.09892797,0,0,0,0.33218912,0.70835391,97.21917157,1.03698689,80.59889953,47.85003906,48.10799972,20.8490551,0.21161232,0.51582338,0,138.71888721,62.60088074,917.20456536,43.23075366,54.67243922,268.48233085,92.26359992,0.12829632,5.85131993,27.22717998,3.29856658,0.26712841,6512.85326239,0.15580532,0,0,0,1.51791893,0,0,0.14975568,4758.17947357,0,2.31596123,0,0,202.03469339,0,30.22105373,8845.14430079,0,0,0,24.38536199,0,0,0,0,0,0,0.1836709,0.07620328,0,0.12192855,0,0,0,0.03042698,0,0,0,0.02994159,0,0.06222153,363.2198862,6095.82254015,0,0.22306252,0,0,0,0,0,5303.55393862,28.5279692
"GMBC_109",3.13444816,0.15879623,0.12909848,3.04992341,0,0.0263766,0,0.1341353,0,1.80516133,5.46512457,145.76890332,1.66468969,20.22761353,29.01539973,0.05731833,0.89775118,0.00613633,0,0,0.34251379,0.1991018,0.30208293,0,0,0.91300439,0,0,0.13671423,161.05018674,38.8666697,0.20462492,247.98942899,0,0,2.51159801,96.2830588,0,0.03865764,1.7164197,62.563957,0.43437628,10.17107154,6.36677377,0.21376162,0.1461615,1.06767041,0.03356071,2.72653495,1.21018007,0.04601824,0.01449737,0.13785239,0,12.03749596,0.08418174,0.01349871,0,0.07366426,0.03664472,0.01837588,0.03015814,0.27827524,1.27764784,4.21278683,0.09406268,4.96031261,0.05502853,5.44122435,0,0,0,14937.40255562,1236.62858282,2.72594578,0,0.2871231,22.09949303,0,7.42620361,0.2056403,1.06031679,0,658.82127488,291.17222404,0,0,0.39004205,171.78691354,1.83051558,4.52240807,33.228305,0.59923422,156.75540067,47201.11829343,0.46626559,12.06032094,9.28423758,0,0,0,0,0,0,0,0,0,0,2.95752376,297.93737687,0.29857631,0,0.03728092,0,1721838.33820757,487843.86641305,365862.03871797,78273.10544838,56691.42273721,83445.00727303,77486.98820997,37.16893341,15530.98145238,435.48936393,0.1102651,4.54763874,0,0,0,0.58961557,0,0.21220472,0,0,0.52688323,0.00394482,0,0,0.13177986,0.1812321,0,0.05001683,0,0,42.82319923,0.27560186,7860.10600053,0,0,15024.59303792,394.51231542,0.39591432,10.76638283,14.86388077,7723.69740682,0,1752.76260348,23380.07981333,939.13257403,0,0,0.18960824,2.12808495,1.35749993,113.89716673,0.91429377,89.22305184,150.25434031,42.29167061,22.8328633,0.32411694,0.15221827,0,32.1649458,75.84096324,309.60800851,21.79619304,121.03480365,83.95835569,58.27739019,0.28432316,0.69895288,0.86950388,0.27920781,0.35784846,8047.02665434,0.78064341,0.30266136,0.15822004,0.18152203,0.20217438,0,0,1.66561554,5819.18715776,0,0.88930869,0,0,188.71514539,0,5.45804805,11289.58562972,0,0,0,4.44449331,0,0,0,0,0,0,0.19364536,0.089259,0,0.09640547,0,0,0,0.03593386,0,0,0,0.03910243,0,0.88637102,500.00654449,8489.43743524,0,0.30519954,0,0,0,0,0,3651.81254335,55.69657655
"GMBC_110",0.67444572,0.92472128,80.33990986,250.41620778,0,1.58471931,0,0.86989327,0,1.68809356,1.49444606,2.45852594,3.45188638,0.18826825,126.78689038,1.41854521,35.99371293,0.0099555,0,1.16062319,0.67036124,1.13452242,867.58144022,0,0.01106631,0.20390747,0,0,0.27112022,443.93853499,2.07524719,88.72360839,458.96277745,0,12.25118154,24.3172143,3.02958821,0,3.02952416,270.46463575,382.78241604,15.68991931,53.91646169,22.49128739,1.2714343,1.23397782,1.62300449,0.21761901,24.06841051,14.73335808,0.04499441,0.01357879,0.22719434,0,25.11164504,0.36864496,0.01738489,0,0.09339149,0.06714859,0.06163337,1.06634014,2.07721531,36.88508307,46.14518383,0.30787788,34.64892156,0.05267789,492.62590831,0,0,34.74338995,570903.00956848,6546.56186403,2366.91815214,753.84293263,0.40220284,0,0.72101498,0.89720606,1.51287946,5.71850841,1.02994593,39.14819318,1589.60321321,0,0,573.12289865,637.59606914,4.73683433,9.25841087,2000.58625906,3.55284452,4356.20022483,6600.70134655,1.91827703,61.41099825,19.87783592,0,0,0,0,0,0,0,0,0,0,140.9923246,255.95772285,7.18890846,0,0.69826505,0.69743153,9874387.20487089,3359061.68543984,1846582.65474577,241989.57319336,47682.49566405,172168.20005408,330707.93622085,0,4985.21658284,10825.47128241,13.99912529,90.68822816,0,0.26382281,0,1.79297513,0.84765925,4.80431374,0.03276659,0,1.01662255,0.26157524,0.02419803,0,0.06804723,0.40113858,0,1.39086727,0.34618677,42.95489697,6.81711592,4.58240094,26758.23513839,0,0,52548.10765341,63.25547313,1.87323243,75.58165144,54.02601371,8878.76777227,0,5703.1924864,78626.87888697,355.09590524,0,0,42.94932548,10.08806858,4.15860481,630.89683765,3.70018198,163.46539521,310.93764553,106.48188067,91.72640074,4.52691949,0.8561597,0.14267358,88.84388936,133.05578203,2009.72832196,119.23415077,142.63100561,122.13159508,76.71073142,1.6329927,3.25205847,4.66052377,1.26157282,6.12958176,40491.69336243,3.82926319,10.99640779,0.06700431,0.64891513,2.38589354,11.43102897,0,400.81165308,21073.16729746,0,6.27528318,0,0,943.89459964,4.04490407,19.27759347,19447.48757412,285.39529369,0,0,485.04574399,0,0,0,0,0,0,0.64913215,1.01991283,0,0.32317133,0,0,0,0,0,0,0,0.33218313,0,38.30895919,3470.3819528,40215.6537933,0,2426.20189301,795.57978176,0,0,13.96753276,748.34698996,3968.00938716,324.70843225
"GMBC_111",3.87635685,0.50922631,0.55002776,3.17461566,0,0.01213137,0,0,0,0.09376042,0.98036398,7.00776134,0.14127314,0.76767636,27.51046895,0.15952983,0,0,0,0.22218625,0.33933092,0.78487086,6.69631888,0,0,0,0,0,0.30292864,470.91974083,80.02346713,0.63402136,797.36747744,0,0.36842856,2.92374826,140.12482073,0,0.17611152,2.68573729,36.75555469,0.599673,10.94157949,30.4188105,0.17648978,0.04913861,0.71855251,0.06318208,0.96971788,0.87790956,0.01256401,0.01863645,0.09793297,0,9.61853972,0.04796707,0.00721854,0,0.05581639,0.02648193,0.01799519,0.03992832,0.07140124,0.83985046,1.19208901,0.0502506,1.59536142,0.07149039,2.46790701,0,0,0.07485345,426132.96456384,2853.18182357,17.4597357,2.18973406,0.02559987,1.63527949,0.0553793,0.34704279,0.56734004,6.63711261,0.24418064,620.0425716,158.44602107,0,0,1.79649135,761.81419406,0.71485052,0.96495177,209.98846004,20.255076,2365.02700695,110869.21536346,0.23366618,3.25784753,3.62056719,0,0,0,0,0,0,0,0,0,0,18.95218357,357.9419404,0.971093,0,0.06723579,0,1060356.33699445,205404.55641836,18330.8496255,35878.31763084,31024.16729082,44511.08260793,24807.27818688,89.56859793,2011.63981692,330.88163136,1.87009495,17.73722456,0,0,0,0.43474374,0,0.61885385,0,0,0.87829918,0.0060004,0,0,0.0992716,0.05875232,0,0.03371585,0,0.31000167,42.76457638,0.43106754,8896.23712728,0,0,16036.87410399,349.28043756,0.12084427,6.85687488,7.41328164,14467.88371681,0,3998.97579962,20514.03040665,850.44575894,0,0,0.15039795,0.62705491,1.12338373,140.72806723,2.13639585,55.3448689,53.21039767,22.76755821,12.95146506,0.30410457,0.59418134,0.07708356,217.87691473,53.29176108,1340.06045772,107.20459602,79.74707164,191.97808389,63.92860688,0.36998514,3.91205234,8.53684366,1.32314726,5.49938285,6910.41316623,0.30781793,0.03472261,0.40629118,0,24.06965686,0,0,2.44754084,4323.25456254,0,0.89611911,0,0,53.00515561,0.01733536,29.74264737,8928.88623532,16.07694646,0,13.61861454,15.25475348,0,0,0,0,0,0,0.33652664,0.23213713,0,0.37754946,0,0,0,0,0,0,0,0.02566327,0,0.17690159,342.58538469,5944.54782775,0,38.61461948,0,0,0,0.30475853,2.22265092,4215.22568268,379.15084387
"GMBC_112",2.99301002,0.10924836,0.90680966,26.93758961,0,0.35276797,0,0,0,0.19292576,9.29254578,12.8109832,0.07440182,0.12962876,48.64741575,1.02404738,60.34105987,0,0,0,0.60955297,0.04950294,6.23800613,0,0.231853,0,0,0,0,330.00438158,2.35182566,1.01274247,885.00675635,0,0.61962342,3.38413407,8.96829342,0,0.23393865,23.22384037,475.66745755,2.46265597,34.18268058,26.84316474,3.07742987,1.28103355,2.01736795,0.28398128,5.21738516,2.62414709,0.15632762,0.00868464,0.2360096,0.64440144,24.48540865,0.34329898,0.00990314,1.09020888,0.27375664,0.04578606,0.03106625,0.06708811,0.13022466,1.69946249,4.21540995,0.140823,8.124504,0.28759171,49.42350822,0,0,17.1040041,527307.58879237,3691.26416103,46.67694513,0,0.06475314,0,0,2.04892627,0.70456643,3.88137364,0.36617967,890.58067036,782.09622882,0,0,0.56786878,909.60924744,3.17569542,21.54130034,1849.09255268,19.36861919,770.47596279,191150.74895841,0.40441444,8.12913177,13.48625355,0,0,0,0,0,0,0,0,0,0,68.51558952,688.9990222,1.75710975,0,1.61287765,0.07162307,11062301.7182401,1902724.1203263,2585938.95470129,104517.5403911,47783.22278108,65295.84436965,151274.08752355,364.89277886,9015.59772996,2765.54890523,2.26213207,39.04245038,0,0,0,2.50188493,0,2.1504483,0,0,2.29063959,0.07719516,0,0,0.26869366,1.36574601,0,0.31168944,0,3.71064239,35.5012984,14.3110493,10147.58259186,0,0,36152.70449236,487.0445924,6.70491105,69.04790673,27.5839116,4256.49512645,0,3249.70243677,49188.16771121,1302.98937885,0,0,0.75277564,4.46269331,9.92854245,1548.82426025,12.63823057,140.85912673,745.58022047,209.90467883,277.15702246,5.88113197,1.59010762,0.06937525,160.57604794,124.72311237,1870.72527576,93.63855197,294.00521769,229.69548816,195.91486123,2.83201628,5.18480871,10.39645748,1.87608526,6.21197132,19788.65760725,3.24662135,1.01114248,0.19987734,0.94890157,9.57163523,0.48979386,0,19.02521492,11226.96036582,0,8.25321839,0,0,609.80514998,4.81266163,32.85793219,18252.46519541,13.192863,0,22.92656576,770.66021985,0,0,0,0,0,0,1.05063829,0.43477584,0,0.47757595,0,0,0,0.08817485,0,0,0,0.13355847,0,6.35219733,1276.42919865,14849.59029225,0,32.56145853,21.97597251,0,0,305.64603954,1.52026765,5727.53090937,402.43739719
"GMBC_113",18.19586208,0.60636542,0.3405643,20.75525428,0,0.51539013,0.04263007,0.11426507,0,0.75338825,4.56721258,0.28831797,2.28595938,0,0,0.32746816,6.68569277,0,0,0,0.32514442,1.10600666,4.01126981,0,0.0736953,0.03548984,0,0,0.05845285,348.64932972,1.74607406,0.72013566,686.70366925,0,0,2.71877709,34.12707942,0,0.07288502,15.28049144,214.35360825,1.09872614,16.38161226,10.12679092,0.64916671,0.44633719,0.84738372,0.08570621,2.6583519,1.16636034,0.015901,0.01168377,0.1409576,0.06012982,14.28960585,0.16073712,0.01218545,0,0.09998689,0.03414114,0.02593292,0.05341857,0.15926628,4.50481603,27.16568666,0.21318552,20.0176308,0.09147893,29.73168483,0,0,0,433228.22503348,2224.0321767,14.49075944,0,0.13093575,5.44330113,0.28765532,0.95023806,0.93066374,1.79881673,0.09407109,600.24999529,708.95807868,0,0,2.76239386,801.49135199,1.35237089,46.41697698,409.65124531,8.60426693,2117.34556278,106010.79367312,0.44202472,6.51793094,13.8750037,0,0,0,0,0,0,0,0,0,0,4.04210791,340.44855504,0.68608513,0,0.37778356,0.10535578,8108242.13402568,1936651.68855982,1749268.38849632,98694.494136,53249.31325122,64872.02754568,168970.56990555,285.52298347,6966.23795025,749.61018194,1.18888733,6.99203722,0,0,0,2.53342324,0.08807471,1.21670401,0,0,3.00367882,0.08613762,0,0,0.16470655,3.49881438,0,0.07786675,0,0.33941994,72.03658679,2.54034684,15706.33694207,0.36039998,0,32921.53674066,333.79737714,0.21943638,96.47579706,16.82574267,8621.50957401,0,2634.96131707,41196.99744034,771.69361304,0,0,12.43943111,7.38804478,5.01933523,1547.32865303,25.30433685,104.1584073,395.12538365,341.17442982,567.83132672,2.74214022,0.42692063,0.06014128,53.90976648,83.0963459,1274.61807233,52.30540376,117.92477275,220.89429299,584.62797499,0.82341414,0.64286839,1.38102452,1.75159386,0.62698842,16602.40811026,2.97256129,0.76886916,0.40854745,0.38229851,6.69612429,0.10659609,0,16.31689495,9523.47789392,0,1.06618103,0,0,270.96144066,0.05137909,18.84092557,12272.37766215,4.25806971,0,0,43.23577135,0,0,0,0,0,0,0.54407026,0.39058684,0,1.14879091,0,0,0,0.18029519,0,0,0,0.0427317,0,3.62068427,1406.1967522,15897.92446557,0,3.92890372,0,0,0,1.35151369,0.25237748,5219.21361357,362.13967814
"GMBC_114",5.16606261,0.48610636,1.04708622,49.28429292,0,0.26286558,0,0.13813266,0,0.90240395,4.42558586,2.06176195,2.17891313,0,8.85291939,0.23831727,3.10350399,0,0,0.16193197,0.58795042,0.49865376,32.73326801,0,0,0.01059859,0,0,0.05448942,608.46001179,30.21435961,1.56716089,4541.68292553,0,0,22.85864777,9.09722471,0,0.56564304,251.35106202,1179.69975687,0.63098121,185.67242547,213.17007838,27.66624261,0.93508646,6.09356672,2.10453555,661.22999757,10.15201829,0.41445923,0.11497319,0.64029025,2.50962703,29.09381262,4.05749335,0.02727939,0.66315636,0.1624264,0.08394386,0.12815264,4.1607273,14.34837295,51.23155348,66.14615229,2.27669552,38.47825811,0.78011552,143.7951897,0.02193591,0,56.00833069,670652.23497905,3741.70168799,47.73730403,108.26561853,0.41780066,0,0.76217922,1.38402289,0.80505386,2.16858685,0.88632441,1326.6793586,918.27622945,0,0,1329.83429988,1169.34821241,3.0865769,27.55274249,1953.1882769,19.8584899,1883.85969094,120694.19617601,1.10779272,9.34719235,7.44981403,0,0,0,0,0,0,0,0,0,0,67.32148539,338.29134045,2.22614649,0.7520889,1.02678592,0.23398,11342575.5715182,2424304.90295072,1157391.30376239,46987.34841736,12431.79330743,19135.58569158,178934.13026118,581.71550173,2043.2588311,843.18028397,25.03466607,31.68783922,0,0,0,2.45759989,0.52474834,1.77169353,0,0,3.20167888,0.96594734,0,0,0.5163701,20.91893529,0,0.86118191,0.07982814,3.67165119,40.23851995,4.45717401,28225.84550663,0,0,77264.54585935,269.34385557,63.42808389,91.49688058,33.70435964,12264.34981666,0,3745.44190021,111486.03201285,1999.89454504,0,0,1449.42799966,49.84663584,31.45864623,4611.69355146,451.77581108,245.68181245,1004.02263932,735.96261909,333.44405056,11.54186903,3.07972991,0.37424971,328.28531239,189.56849156,6140.99885062,157.75895173,305.12667768,515.54884983,352.91344309,3.01276271,6.45413769,7.64826904,2.82989432,1.17964649,49889.54351248,12.23205027,2.63947573,0.56962576,0.40374969,5.04880537,0.92636074,0,0.99426522,23865.23126806,0,22.61826391,0,0,618.84570438,1.57709823,145.95000559,53921.3306196,6.37784988,0,26.78244082,27.83150864,0,0,0,0,0,0,0.53069397,0.1619904,0,0.69412554,0,0,0,0.42240791,0,0,0,0.20424523,0,10.36158122,3362.97155871,42575.43273404,0,199.46269111,74.56704786,0,0,985.06275455,82.0584231,8597.80834861,635.14687009
"GMBC_115",0.78207494,0.68633385,0.62108768,54.35993718,0,0.07318937,0,0,0,0.76604746,2.51831493,21.406241,0.74398975,2.24421647,6.22603519,0.12138424,5.38617168,0,0,0,0.51983059,0.10187111,15.32551669,0,0.04043294,0.0169968,0,0,0.12136673,1989.94142284,44.03986411,0.74807997,603.65794676,0,0.59360822,8.22257057,67.6221505,0,0.07720642,33.00624112,92.68859557,0.40486418,14.67827245,33.97858883,1.11959263,0.94107524,1.09607458,0.26583579,5.08964442,2.6291907,0.12852749,0.00932706,0.14760924,0.13743786,14.25415674,0.10338211,0.00697675,0,0.06332755,0.03256713,0.02516926,0.08140488,0.69403279,7.23530845,9.98972231,0.23583567,14.62623029,0.07951995,15.81468939,0,0,0.85723871,956791.07388858,4604.55265959,7.91707731,0,0.092354,0.84758854,0,0.26335906,0.30761624,1.01681667,2.36924061,479.4144294,2862.98774578,0,0,3.90331766,3987.24274356,2.31641899,0.7756735,76.33261028,3.17036231,4121.56151158,199086.14277618,0.60818667,14.88457148,1.79599626,0,0,0,0,0,0,0,0,0,0,62.59450047,410.76072023,2.89722383,0,0.28294519,0.08099931,2841774.86154629,1219758.61368152,711151.89050239,133099.50370782,90893.93158426,116279.83227331,106246.0206992,128.1990073,1845.02188269,1732.43658164,1.83285842,26.15369731,0,0,0,1.21779316,0,1.8214894,0,0,5.83346506,0.01839301,0,0,0.4281427,0.46314141,0,0.04446566,0,0,209.84538691,0.56980751,15033.36682064,0,0,33314.03477258,617.5474209,1.02394544,16.67274675,18.86301283,11021.49710718,0,10800.69916003,44484.52682851,1960.3705693,0,0,18.57724478,0.27335101,0.59297254,78.60737077,0.99436822,102.40530069,56.70306295,13.75447089,6.26942567,0.26859798,0.27450529,0.0305838,106.22698283,80.39177554,997.08409088,69.48916133,46.07352817,79.01848761,13.33787796,0.39292823,0.55865877,1.91570656,0.43265736,2.58336888,14805.16101879,1.94700959,2.41114215,1.01572358,0.22020147,2.11618012,0.39403585,0,0.64824928,9275.06447481,0,5.61814972,0,0,220.77626443,0,12.1698595,25119.21277865,3.40797815,0,0,79.85360326,7.88493162,0,0,0,0,0,0.27261126,0.22805451,0,0.2719111,0,0,0,0.12313735,0,0,0,0.03728873,0,11.20801036,1019.91546758,14137.29644064,0,3.02360328,0,0,0,7.93027852,0.26851063,13358.2752969,2283.41880375
"GMBC_116",0.87796758,0.37451765,0,68.96371264,0,0.13700462,0,0,0,0.04731776,4.48067223,35.99338834,0.33687188,2.31726631,23.30987399,0.45209852,0,0.02481704,0,0,0.25951017,0.19941445,0.40393692,0,0,0,0,0,0,627.72102432,41.80212453,0.09673974,512.08871974,0,0,5.17447304,16.5691886,0,0.08556747,0.98681869,1301.9157503,1.00566467,20.94118505,11.14115112,0.5111414,0.34373808,0.88324765,0.14046689,1.92929579,1.73777189,0.0559878,0.0248912,0.14996658,0,15.36282567,0.08925766,0.00936442,0,0.37736766,0.03257583,0.01811395,0.0429676,0.13449758,0.96730805,2.42097443,0.08961524,7.6796566,0.10786869,1.33286561,0,0,25.85755807,224990.83871234,3667.28469926,2.27647145,0,0.2277786,1.37125973,0,0.18322147,0.94144217,1.84269563,0,286.82936794,2569.36429719,0,0,1.28492051,853.8613892,1.68190826,0.28592429,9.99385895,4.02545426,581.15933051,333749.82375251,0.81354732,32.55774817,5.9210269,0,0,0,0,0,0,0,0,0,0,72.51298887,517.66584339,1.68912217,0,0.37072729,0,2172226.82665458,705124.70897971,723970.78039152,114754.92003861,91587.83462474,116565.23944549,115429.32424917,183.45537134,2608.43086238,175.406577,1.41316314,112.96865853,0,0,0,0.34595091,0,0.24853526,0,0,2.23839752,0.0140933,0,0,0.32400036,0.17162282,0,0.10114708,0,0,82.45230309,1.76990428,5267.61397046,0,0,37568.19695364,384.04795797,0.1727992,14.13876711,16.07926475,6273.76102321,0,4776.88785204,48441.20478203,1281.19434936,0,0,1.54666316,0.37004275,0.74514718,180.3971289,1.24558785,101.00140174,70.49729461,26.57092647,11.05418147,0.73972469,0.46703761,0.08141322,80.44023465,84.13255611,1469.44471864,158.50698833,35.48773738,220.9842532,32.93875327,0.67999769,1.83593339,2.54384519,1.13452944,1.88752438,16316.78690964,0.73083843,1.61411613,0.73374398,0.21713849,1.37270522,0.24627942,0,3.59048448,9796.97917141,0,2.49319716,0,0,402.22976998,0,7.44389391,15535.44153467,0,0,13.50078505,10.66050435,0,0,0,0,0,0,0.16239058,0.10223037,0,0.29773559,0,0,0,0.05299958,0,0,0,0.05041371,0,17.43022989,1233.74518139,17208.71772932,0,2.80389899,0,0,0,0,2.35373103,17291.06911292,270.28789556
"GMBC_117",0.77912976,0.6992898,2.8339279,221.23958536,0,0.81420127,0,0.65519972,0,2.46132916,4.49598782,65.51854999,4.24746169,3.80220516,97.28560735,0.64595814,1.87726785,0,0,0,0.57093266,5.00326567,62.95584022,0,0.00378662,0.08756039,0,0,0.16663777,808.36528818,0,2.99363953,2512.17017572,0,0.51916948,35.81169557,2.03316655,0,5.04965861,176.91577937,405.66339905,2.07951183,180.28903891,36.94914977,2.14507308,0.44958298,2.47107544,0.12688727,6.59166109,5.52439247,0.06011813,0.11393771,0.26654982,0.3467677,25.63854797,0.15346606,0.01270611,0,0.20400758,0.06542089,0.04642579,0.87396242,8.36093765,54.30785525,69.06007252,1.28429588,25.57862231,0.37703263,352.92508446,0,0,20.19067933,740732.60927045,1328.86477361,999.37298916,33.65955748,0.44462116,0,0,0.79428805,1.83855101,16.42113031,0,384.82422695,6938.79774759,0,0,453.85053572,1270.7497171,2.47366658,17.63292948,2167.78291558,11.43396066,1211.10358243,14520.67015519,1.44627514,14.0946936,39.39643121,0,0,0,0,0,0,0,0,0,0,135.57159936,575.27092651,2.1449427,0,1.39076712,0.35340198,3387777.66873794,4146384.02260389,674241.10327633,23426.17805559,13681.79014931,15855.22484323,76856.60875953,48.31617043,3338.44289817,2662.62226098,12.14463148,83.86534076,0,0,0,0.76492651,0.14255136,1.24768263,0,0,5.0359926,0.29587657,0,0,0.37140622,1.44567388,0,0.11084759,0,2.8194435,26.56480559,7.41853425,21699.75424514,0.27507899,0,63456.03364267,179.41664128,2.08182481,147.19772785,42.75067527,3464.90910668,0,2955.11367288,84257.69075315,2295.48376715,0,0,450.12784318,4.13772843,10.29138118,1455.4170308,10.90759803,158.37629113,931.55188963,135.76666181,128.14146678,8.2593996,1.26895859,0.31171167,86.51072162,156.61485914,4604.79639007,555.50225128,305.75810395,267.71602832,198.83552597,3.38788196,4.35105136,7.25175741,2.22153307,5.49577722,21405.77703547,4.94819068,2.95616311,0.53968167,0.12966497,3.94429344,0.50498723,0,0.92177572,20836.77378617,0,8.7842487,0,0,603.35372607,0,323.64355042,23116.22694244,16.49177004,0,29.61392886,34.40644128,20.73521756,0,0,0,0,0,0.65221351,0.35151735,0,11.596564,0.63277875,0,0,2.44817851,0,0,0,0.2338272,0,18.1357653,2089.1417455,23525.09909218,0,44.89368269,100.25538358,0,0,117.39320181,13.56341946,7106.54677199,771.15038888
"GMBC_118",1.06457487,0.59689627,0.51539048,19.32722692,0,0.0156416,0,0.0513592,0,0.51998743,10.53292218,0.50794929,0.40855916,0,1.520437,0.16839871,0.45292097,0.01269681,0,0,0.21857702,0.70796509,1.66113613,0,0.05078459,0.05428292,0,0,0,447.53260254,2.21755747,0.54443331,1055.39212524,0,0,10.19076133,2.86573082,0,0.03734544,1.69781582,48.53258309,1.21894678,13.3602174,10.21123818,0.36219088,0.36624334,0.71229168,0.18470427,1.64912743,0.4764281,0.07105799,0.0045535,0.15440257,0,10.83368613,0.11350188,0.00484602,0,0.04820014,0.03904949,0.01079932,0.03468072,0.28672654,5.86923913,13.82305997,0.11787753,16.84395739,0.05639231,3.00597614,0,0,3.31007348,600896.93810707,4154.84568653,5.30605133,0,0.07212866,0,0,0,0.43798746,2.34155706,0.1650171,447.33519178,631.283906,0,0,0.96524087,1716.84829977,2.47383107,23.97525165,794.20989698,1.2641158,3998.51265263,8568.24160613,0.76674121,9.18825553,4.3475701,0,0,0,0,0,0,0,0,0,0,7.36334481,156.02283352,0.5693236,0,0.53147202,0.05980549,2388148.23916108,708800.5629593,544730.98693536,72710.56305962,49167.62464734,71917.94289659,103792.75610062,95.1286113,3493.09441333,1729.15884852,1.81068146,7.13986304,0,0,0,0.67410609,0,1.62555538,0,0,1.0288426,0,0,0,0.05190156,0.02297227,0,0.11481789,0,0.8988954,14.0926354,0.14621788,8809.69619367,0,0,24349.95588622,180.39671169,0.10607324,86.64866181,15.73730992,8696.24510834,0,2492.07019744,34065.78830566,599.5904955,0,0,1.11755387,0.64526192,0.32174755,88.84734384,0.78033912,84.70432601,51.44110493,12.84907999,6.32828403,0.23983253,0.64476279,0.04528267,57.83395695,77.06987456,727.47064502,29.38651455,18.97283048,40.58655839,7.86794085,0,1.952989,1.8737442,0.31085006,0.39662326,13070.03945589,1.63114012,1.08043107,0.23037128,0.08348945,0.78512169,0.62345404,0,4.54098905,7798.00827191,0,0.86282801,0,0,242.57652171,0.95339652,12.40904193,9925.76647471,1.78626749,0,18.0861152,1104.1808256,0,0,0,0,0,0,0.15813105,0.30788548,0,0.13348912,0,0,0,0,0,0,0,0.04419313,0,12.21604485,816.25650479,11171.61580861,0,6.74488806,14.63666821,0,0,187.06993354,0.53096493,6465.78225327,1060.02977488
"GMBC_119",4.29109894,1.78133735,1.73882688,17.38823007,0,0.17184899,0,0.20678842,0,0.30607948,3.78458302,0,0.42199828,0,6.47544509,0.41934631,2.97573199,0.01345318,0,0.64145004,0.78848196,0.45891995,3.38348479,0,0,0.07691561,0,0,0.14337192,415.46976085,13.70442024,1.70892493,808.64479512,0,0.43445921,3.53308335,29.48346336,0,0.06193036,11.59238201,1714.17564238,0.29034981,10.24039148,13.5536445,0.53006511,1.26699115,2.00752956,0.19333143,1.78316722,0.93867705,0.09541657,0.00463405,0.22257048,0,16.86174769,0.15481352,0.0153119,0,0,0.0618369,0.01191565,0.04432089,0.0613359,0.82216273,1.64843183,0.0971851,4.0706139,0.08810006,30.3160582,0,0,3.43096997,245489.00231264,3454.14788781,25.42398084,0,0.36318007,5.13341358,0.14659908,1.22107891,0.61633642,1.56720101,0.18722389,845.42610242,563.2969915,0,0,0.69193262,651.56363245,5.19931914,13.87408854,95.09182787,7.44323177,1101.30778583,351792.17774405,1.27597664,7.16653593,8.52428281,0,0,0,0,0,0,0,0,0,0,12.53092153,489.79343006,0.33719409,0,0.19363,0.1482777,5735090.4857367,1098153.46477631,1144224.60536401,72826.00786015,36423.13231869,52524.64236155,112217.92398249,307.0815869,59473.15107691,3084.14846507,1.7302747,9.47991806,0,0,0,6.3549143,0.06810939,4.8808714,0,0,13.80712272,0.08202222,0,0,0.2641815,1.750013,0,0.4392965,0,0.2738606,28.86343908,14.97780007,28882.97289243,0,0,92916.26800268,278.77956455,2.28371255,54.58338635,25.32316591,15427.00917171,0,5838.84535979,111379.17495018,1026.96319354,0,0,2.0956577,1.89357334,2.30350461,694.41025462,13.40442973,136.14440122,128.60618542,236.15160622,120.16770873,3.35872442,0.62276326,0.11630261,219.50977847,130.60385093,3318.93970971,132.28717325,76.1745786,353.48374652,209.03673102,1.15388759,5.15918315,5.36861849,1.38754491,1.00515229,44438.3691987,4.87633441,0.34266154,1.90971712,0.1799877,1.18954762,0.2068083,0,0.67779029,20710.11134532,0,6.16413558,0,0,307.11539583,0.02520865,26.2861503,54067.6899196,9.80151195,0,0,26.38007503,0,0,0,0,0,0,1.42342873,0.4696127,0,1.01756463,0,0,0,0.15755622,0,0,0,0.07004274,0,1.89002682,2864.29716211,41143.6207619,0,1.08889952,3.24666655,0,0,3.57662449,0,11649.85370577,279.58938528
"GMBC_120",33.70030083,1.69006597,0.56212195,19.94233725,0,0.11668073,0,0,0,0.09133417,12.64960679,0.4676641,0.61551289,0,0,0.72458472,0,0,0,0,0.22388763,1.74775635,1.40124766,0,0.00221918,0.09033346,0,0,0.07239442,1439.61192837,9.69650188,0.51857337,1218.27881797,0,1.07712968,9.22933667,16.93027019,0,1.27036472,76.29850694,33.06144476,1.36755568,3.27084597,4.10486219,0.29024135,0.06495888,0.52451422,0.08937129,2.57998879,1.48629497,0.02803118,0.00543936,0.10818833,0.02171072,8.92430807,0.05596688,0.00850972,0,0,0.02714296,0.01710873,0.04064734,0.27621741,2.9805672,10.86743513,0.1300043,20.26862151,0.08433622,18.27358647,0,0,37.21539128,541882.46808368,2841.77365205,1.64939063,10.16221909,0.22408697,2.58926536,0.0585662,0,0.09675777,0.36376554,0.26837882,644.89185741,1414.6983082,0,0,766.13714809,1273.04516518,0.71914198,16.34500662,198.86507028,0.48237942,1460.16238706,8020.07683825,0,2.90806943,3.48349182,0,0,0,0,0,0,0,0,0,0,5.32159557,147.67189025,0.17774113,0,0.21551393,0.00390232,1549499.44867306,376080.02809674,41830.06678261,38574.13236769,26767.38115144,35634.47497953,44501.47792453,65.61261738,1698.2465294,1099.46691536,0.29057185,3.31649708,0,0,0,0.64424467,0.1262376,0.18635328,0,0,1.62350338,0.19971456,0,0,0.18785504,0.50561805,0,0.22575142,0.00432747,0.50166005,67.04233285,22.50859646,10012.62919961,0,0,14590.57154989,369.11076897,47.38923864,114.30467387,13.90910508,6489.61037159,0,9664.11156002,19635.53059204,942.12543272,0,0,556.8757795,1.58930383,3.0322876,412.96172443,7.57202355,51.26856884,154.36201192,39.4930729,12.39508962,0.82284604,0.77988091,0.04196772,176.23381824,52.32837154,1779.10445004,73.64850922,84.78138111,117.71132055,18.94294399,0.66693162,6.78878811,10.60565622,2.72194773,0.23841384,6720.7093772,42.24331954,2.45339962,0.5956477,0.39528972,0.40572472,0.51119395,0,1.00151361,4081.31752565,0,0.48835289,0,0,217.84148977,0.56973053,88.60678925,5533.33496575,0,0,10.72654222,113.1355048,0,0,0,0,0,0,0.13730147,0.05493145,0,0.11540048,0,0,0,0,0,0,0,0.03807944,0,3.6849404,397.6562763,5376.00398587,0,4.82619423,52.8490301,0,0,322.22461366,25.31600399,7776.71638558,682.49066627
"GMBC_121",0.93437342,0.1464994,0.19246948,2.82908899,0,0.02208584,0,0,0,0.30797712,0.71532279,39.08419804,1.97879477,5.24872849,54.78347111,0.20740264,1.43154594,0,0,0,0.29210633,1.11755355,0.18922808,0,0.00746076,0.00817353,0,0,0.04936071,147.04937364,8.20307734,0.18509526,67.24083827,0,0,1.42993893,37.90405983,0,0.02518359,1.70938674,77.30560622,0.32253201,17.71101191,40.24574202,0.36052003,0.5563077,1.01658522,0.13852478,3.30685778,2.74393416,0.06886501,0.00990541,0.10420589,0.20477018,9.28029535,0.09167063,0.02529931,0,0,0.02623594,0.01706583,0.020864,0.05803497,0.38009775,0.66516925,0.04237665,1.49106619,0.02059204,0.83920336,0,0,0.17389567,60321.82363834,1690.26418451,1.32695662,0.12848978,0.06975834,0.72248007,2.46114491,2.51851841,0.16886032,10.39115153,0,83.03945953,117.34099295,0,0,4.80331439,232.67679739,0.72889189,1.22556541,27.25892361,1.51755654,359.25212418,344709.80242375,0.27500487,2.00370161,1.72348445,0,0,0,0,0,0,0,0,0,0,25.3640726,393.55128769,0.2522341,0,0.09763627,0,1700856.57902888,313554.6603559,412710.05880583,48282.24822525,31599.67609222,41858.13262994,57222.02211884,57.79499998,29809.65165765,315.15533299,0.34116688,24.11154308,0,0,0,0.34523365,0,0.36082075,0,0,0.25723735,0,0,0,0.21537204,0.06758483,0,0.02404559,0,0,17.6978273,9.52694473,6126.73745845,0,0,34380.50650827,133.43657629,0.32100545,83.43432552,17.85523634,14781.47775054,0,3557.12205882,42890.06286585,650.50447686,0,0,3.28478609,5.37560347,8.56750342,190.05274625,1.26838453,77.57531236,170.39370387,29.31996962,26.99454671,0.75094805,0.31520262,0.07912271,218.558109,60.64793873,1358.94828978,79.16618204,239.93812553,178.97360328,62.65965991,0.6476161,1.10230578,2.65361911,0.67973894,1.91190302,15655.5282811,1.47843443,0.84135278,0.08939837,0.04773339,8.12356424,0.17428579,0,2.53853365,7419.63552376,0,2.05332304,0,0,184.57478529,0,3.84533314,19728.88554382,3.57502353,0,13.29374138,18.39825708,40.77367959,0,0,0,0,0,0.12850285,0.11140166,0,0.03751142,0,0,0,0.03028924,0,0,0,0.02525477,0,0.39477202,678.16438155,13059.91900019,0,0.13975085,0,0,0,1.322997,0.11416852,6139.33608388,60.77151416
"GMBC_122",0,0.13698727,133.20636521,3.07247994,0,0.32811459,0,0,0,1.77561213,1.16256852,4.17051063,0.40467395,0.48833735,35.85526835,0.41016262,1.8096081,0.00239695,0,0,0.26766122,2.01442672,840.30354247,0,0,0.0440972,0,0,0,543.70135906,4.86742369,171.05848434,9.25573736,0,0.39963594,7.67862543,0.73112385,0,6.9144071,1158.05217163,926.50937763,28.78319193,33.42019663,10.88043371,1.04321471,4.71527915,1.21799685,0.25736189,1.98220123,1.60690172,0.1773767,0.0346751,0.20975604,0,16.52736223,0.11663097,0.01571164,0,0.13979167,0.04456808,0.06384149,1.35982708,4.24408859,20.69189319,49.28386587,1.96900732,9.88697957,2.77040363,691.15216197,0,0,15.25362831,392339.02120196,5781.30960784,1300.17214948,29.28327413,0.21593881,0.78034045,0,0.46565916,0.62794492,399.8287935,67.5630448,8.52506076,7.78650829,0,0,3.03335597,505.03227898,0.63685738,4.58948348,1321.16210727,14.34142832,2160.56522537,5591.69021983,0.50907364,633.56496431,7.31358213,0,0,0,0,0,0,0,0,0,0,75.2986151,400.50572035,0.33911417,0,0.29465615,0.3338643,3742701.70307329,1025796.62766002,181584.20058974,83467.70237938,65187.11093616,88498.96298194,83946.58477926,133.32197035,3477.92815321,89.9074508,463.13292341,13.02088509,0,0,0,1.47401406,0.22978008,1.11945587,0,0,0.02061391,0,0,0,0.02489105,0,0,2.08071861,0.09142403,6.07230109,5.03547894,0.30436117,19549.35258086,0,0,49525.62358529,3.23499101,1.277759,267.93606773,24.33642551,7356.97034846,0,4400.92425642,62765.83616259,15.93399708,0,0,20.56066344,1.16721388,0.77808774,331.953731,13.68462683,109.63069146,61.09902741,178.96379994,86.3324851,0.72170311,0.24705793,0.11786637,35.20804216,98.28197086,890.12217021,28.92596612,34.23281552,92.97948736,88.4812877,0.42135773,1.64606692,1.05515731,0.77406705,4.0838868,27460.16759049,3.69826955,1.82521718,0,0.30582016,2.25554919,1.86564837,0,0.12903918,59287.75089603,0,5.8535966,0,0,406.26720816,1.52933301,49.641237,21573.48024026,0,0,0,4.67218304,0,0,2.18926619,0,0,0.46399529,1.96952622,4.4068043,0,0,0,0,0,0,0,0,1.07495354,4.09505888,0,9.50052959,1760.10667156,24812.63613812,0,1200.33789685,975.72436371,0,0,0,322.82968139,2631.96143181,312.54538141
"GMBC_123",1.05529101,0.26018748,1.12196265,35.83348101,0,0.00905663,0,0.02539908,0,0.22326472,2.10612619,0,0.74592526,0,7.60742758,0.1774487,0.82170322,0,0,0,0.34384451,3.85912632,14.7794126,0,0.01008853,0.23708792,0,0,0,749.40670999,17.41110617,1.05960699,1765.22200213,0,2.22776802,18.57788158,2.99819593,0,2.60781178,19.79746267,96.91804836,0.90668475,13.9061491,13.58830041,0.52457997,0.81100482,1.19953858,0.15265202,0.71750622,0.48631994,0.02118796,0,0.19749144,0.01165055,15.39371685,0.10650031,0.01263151,0,0.06023404,0.0368027,0.01470338,0.03492093,0.12486081,1.21982285,3.64968989,0.11665595,4.61115805,0.04269812,15.48818086,0,0,212.85630748,206903.3715073,5294.01257978,18.16337873,130.30515733,0,0.59277406,0,0.41821733,0.2962705,122.18436881,0.30682757,1059.18087793,1726.92376183,0,0,1073.4118533,980.77415196,1.70386375,4.43135781,1426.177534,2.41794891,414.32727632,742119.45099865,0.75370745,14.77165716,3.85450246,0,0,0,0,0,0,0,0,0,0,7.19964185,292.63419557,0.09511645,0,1.15327511,0.07093785,1948619.15427793,629625.86817115,141871.42258264,69389.66315269,53010.25065706,63128.67404944,54809.0723459,115.8598439,1573.86973532,456.81249459,105.23799399,4.87660983,0,0,0,0.87413272,0.38448964,0.66857503,0,0,2.85958354,0.80264228,0,0,0.48488578,3.04362358,0,0.06537872,0.01470581,1.46727711,17.79080499,0.44474205,11897.21113187,0,0,49199.7558771,719.96050284,45.00515564,13.73931174,20.88884132,12258.0488523,0,14587.33835196,63983.26713394,1747.23007948,0,0,1115.43567398,0.66685789,0.65681398,171.38892874,1.64821312,103.9318356,111.20668774,88.19867868,20.79186447,0.30299523,0.15720007,0,43.61201891,94.33563706,851.49100155,47.55850343,44.00534258,104.85954768,37.93245133,0,0.80846287,2.71964167,2.11611374,0.4885396,23647.1286052,5.53202094,2.93737089,0.25119447,0.49844177,1.10757384,0.57075988,0,3.40394183,12599.09456605,0,0.72219915,0,0,407.62084339,2.00668896,24.1327352,24875.86278109,9.84265358,0,15.87312731,12.23444669,0,0,0,0,0,0,0.23114477,0.09821439,0,0.10855946,0,0,0,0.06983534,0,0,0,0.07138485,0,17.21243118,1902.02075042,24443.36089492,0,48.00698166,25.88274607,0,0,1088.08762865,25.07899912,27899.42303771,231.10709675
"GMBC_124",0.97188779,0.43911941,4.14480263,62.2210453,0,0.09392015,0.19270726,0.60739124,0,0.07027505,2.04329446,1.893316,0.70460355,0,15.17933249,0.14169801,5.22808635,0,0,0,0.4616911,0.20540613,21.37543304,0,0.01638271,0.00602685,0,0,0,147.64040508,0,4.69628802,1900.96208137,0,0.67277246,2.3505951,4.64244114,0,1.68115311,113.58585843,876.54384354,0.88905352,15.67913185,66.56450411,1.06044044,0.51658035,0.69903632,0.03949964,1.94547525,1.03501605,0.05816771,0.01615756,0.15836046,0.57700346,12.99785925,0.1877478,0.00345488,0.7910716,0.06573471,0.02944038,0.03295014,0.52789321,3.30870928,73.48376918,91.87033225,2.86088308,30.89734491,0.50756014,69.0954817,0,0,0,529201.48246621,3528.18702457,25.94898417,5.79084384,0,0,0.27524445,0.42936423,0.18193841,46.32599617,0.73067182,728.01309825,2388.94811593,0,0,1.68840774,2272.59628799,1.05282629,4.47103127,1088.95721075,1.88949638,2216.17331985,46478.513065,0.93535205,27.82397159,10.97180245,0,0,0,0,0,0,0,0,0,0,0.78528792,96.58736604,0.06827456,0,0.2012335,0.32760176,1617903.96431235,721092.23815541,195482.2565805,59852.6476456,44215.56321496,54845.48109138,5301.35846506,74.87090674,391.98871199,24.1706521,149.44273015,1.85344441,0,0,0,0.49148034,0,0.26850093,0,0,3.06893074,0,0,0,0.55187971,0.03300945,0,1.29298759,0.01145299,6.15692934,28.01119017,2.96684615,12497.19561075,0,0,53377.06592072,504.60902945,2.17671472,12.16795818,23.82237438,4029.54842402,0,5277.12538269,67347.40864004,1583.85641107,0,0,3.05458175,1.24441853,1.11211633,449.06515869,4.91931244,89.3097387,113.8882545,134.08971588,74.23176953,2.62446484,0.44026254,0.05597948,68.5471972,77.65233625,2223.59155922,113.79591127,80.94599867,148.57390286,131.49902362,0.96308392,1.85391962,2.19213422,0.99877985,0.08326967,30807.18841877,5.07470171,2.74124185,0.25773251,0.1547634,1.00981748,2.61306803,0,30.64814936,13123.79375963,0,0.33282778,0,0,421.88820233,1.56633603,26.15029262,24946.61249356,0.20516955,0,0,42.92993026,0,0,0,0,0,0,0.11722269,0.05604804,0,0.0677989,0,0,0,0,0,0,0,0.11763422,0,10.79881303,1927.68025416,24631.84503144,0,296.88889999,57.63413872,0,0,118.7342522,13.87570082,4485.63487645,1577.49529359
"GMBC_125",2.00222018,0.95068205,0,122.93298757,0,0.34239521,0,0.29274673,0,0.69092858,2.08553379,69.53599226,1.80083903,5.96972547,44.65107079,0.61566764,3.67143876,0,0,0,0.64654298,0.23568986,1.47825462,0,0.00420951,0,0,0,0.0305272,422.53329412,6.54306106,0.17609877,324.37322337,0,0.46326684,7.31447038,68.34845246,0,0,8.28433884,1589.62707323,0.18636249,30.41709381,10.78040588,1.22136464,1.87657447,1.53440065,0.31090413,10.7203309,5.46657264,0.18345574,0.02811799,0.19707518,0.0674595,18.81368221,0.19695791,0.07390086,0,0.07115952,0.04950401,0.01851713,0.04715621,0.22384772,6.55567336,12.68786709,0.21451196,11.16470169,0.09868184,65.68209182,0,0,11.29139005,84141.49816502,3636.69825029,10.8831931,0,3.50138327,1.20407282,0.18184462,0,0.19110314,13.21154252,0.08326525,238.6573253,4612.47378123,0,0,1.61364758,203.44206121,2.80360566,4.50189476,1222.51172499,6.12019961,233.69757443,406362.22674468,1.38628556,10.80304684,8.15831839,0,0,0,0,0,0,0,0,0,0,19.93867955,436.37938449,2.78968958,0.58998551,0.56948784,0.24037501,5172641.23143445,1776129.22042823,1359955.84631361,87340.48369848,54082.34874848,65603.97013401,199930.59356692,80.31503538,101406.23691275,2371.15965049,87.50963247,14.24166072,0,0,0,1.42660681,0,0.50520689,0,0,6.03670427,0,0,0,0.64457655,3.16784659,0,0.05572985,0.01909112,0.19693449,215.58028162,9.14221196,16306.42027704,0,0,53718.85718107,1054.17608472,2.23330249,151.85968263,34.72519308,16510.09575337,0,12752.50557107,75714.16462075,2266.35930717,0,0,2.87087385,3.0032925,3.0847574,720.5591948,6.20056587,136.65078633,192.93472828,162.37650554,152.93773753,3.91125838,0.42667757,0,99.12787022,112.50180793,1465.24260141,169.32153287,134.80706172,213.51331346,294.62242821,1.29239942,2.51599637,3.68861107,1.47328529,4.41195817,40553.91047225,4.99801093,5.29684243,0.6637003,0,0.82636672,0,0,4.740161,16943.7597535,0,4.5502458,0,0,2189.86996151,0.42135363,4.58263118,26705.2990694,0,0,0,718.87883053,0,0,0,0,0,0,0.4672182,0.18479518,0,1.13690265,0,0,0,0.35052002,0,0,0,0.06913683,0,46.2235059,2473.64760542,34565.86952518,0,7.4003948,0,0,0,1230.57421975,2.47826516,8414.14985186,59.50249756
"GMBC_126",3.71325938,0.93224607,0.32532126,74.35301837,0,0.30031137,0,0.44767135,0,0.64776144,4.67178321,16.87920035,0.44833205,1.62643778,24.13783432,1.61687431,3.6519961,0,0,0,0.27347241,0.33068342,3.17191371,0,0.00234531,0.04896835,0,0,0.05350365,254.79177602,48.72415007,0.4916086,1380.37008104,0,1.44610369,10.81386898,25.76066418,0,0.13943813,2.0698583,150.15642001,1.06743619,7.24491855,6.77761921,0.40691898,0.21740702,0.65168851,0.14321003,2.99249051,1.60110288,0.05673711,0.00344576,0.11478154,0,10.40186186,0.10817143,0.03093548,0,0.04722143,0.02839963,0.02153294,0.02430943,0.06442618,0.72068092,1.12482493,0.06696611,1.81553539,0.06937839,12.95520785,0,0,0,128497.32746233,1454.2485182,92.69546263,0,0.03815377,1.43494656,0.24122131,0,1.72129988,11.76470066,0,478.8946485,6041.19666495,0,0,0.80270431,441.71612616,1.30866701,20.37188657,54.8164334,5.68913968,428.07975219,320771.2876084,0.79272012,12.03471887,24.72026724,0,0,0,0,0,0,0,0,0,0,32.84272782,431.1234002,2.62248355,0,0.69940256,0.1589659,1892556.34177558,532797.09797489,259134.26643674,90963.73038827,67153.51253606,77175.25345926,83115.69151574,35.02171836,39568.1162939,1140.82529618,34.34607958,42.64300679,0,0,0,0.13362446,0,0.12567419,0,0,2.44938001,0,0,0,0.19752508,0.05573829,0,0,0,0.21381466,128.5543553,1.12033732,12532.64805981,0,0,51317.17446418,384.20131005,0.11801906,17.92821078,15.18142752,18209.90686796,0,3773.10104701,64163.5263355,999.79305678,0,0,0.4637037,0.16805897,0.27653884,64.20452812,0.41651067,85.44107249,21.1981446,11.46127848,4.21724155,0.16262266,0.16270443,0,34.53233302,65.72783462,613.33060857,76.34257782,38.84117159,74.13164756,27.2003757,0.24857077,0.63050469,2.73300552,0.78849548,0.54054678,24962.75114943,2.26392565,0.59739116,1.45523026,0,3.95542691,0,0,2.50335903,10808.85599927,0,4.16395761,0,0,640.28200727,0,24.95745139,19728.38189017,7.93823318,0,0,25.99100647,0,0,0,0,0,0,0.12353688,0.07676469,0,1.05460783,0,0,0,0.14391828,0,0,0,0.01719285,0,7.16234636,1466.54709371,20598.40528341,0,2.91152032,0,0,0,3.85877972,0,9520.34076397,182.20397149
"GMBC_127",7.48567423,0.60319767,0.3058673,37.45760505,0,0.12608243,0,0.51795134,0,1.49339742,4.55620755,4.10736523,0.18114799,0,36.94229484,0.567274,1.63658261,0,0,0,0.5709402,0.88220862,5.31905892,0,0,0,0,0,0,531.19354265,10.40882187,0.57637536,997.52462015,0,0,14.49784991,16.92473086,0,0.28980143,20.16297208,258.35209025,0.61088657,60.84781323,19.09092096,1.31247078,0.46562306,1.58297896,0.24377213,20.39393193,12.54219441,0.14028922,0.02182351,0.23796532,0,21.40194511,0.16809868,0.01083503,0,0.06347505,0.04960968,0.01298211,0.03803502,0.27632043,9.25286893,22.72358634,0.26267245,29.29582145,0.51368666,25.31569732,0,0,22.08452363,740516.37309233,5322.24711565,28.28481205,42.95124967,0.22072233,0.25263605,0,0.76893757,2.09289749,26.59067108,0.29816112,905.02987091,1724.1346044,0,0,253.98224565,2245.60918078,3.57658112,200.5557995,2218.33515097,10.43974915,2007.68161194,350475.43867784,2.01994561,22.43460229,21.22111079,0,0,0,0,0,0,0,0,0,0,5.26371525,699.25332456,207.7487518,0,1.09904533,0.27574509,7462951.21515308,1648322.5097629,1188966.58495523,91126.49508548,47946.33038479,49672.51436784,154485.84758278,319.60780911,4442.07711614,7773.89375441,62.13355615,13.62610422,0,0,0,2.17505265,0.14511448,2.21708386,0,0,3.24047845,0.16730603,0,0,0.33795138,1.30968795,0,0.38974856,0,1.23807482,66.18094949,0.68290617,26374.94112521,0,0,44867.8271006,559.36549603,8.31511639,249.60311869,36.39509101,5679.5199687,0,7052.282377,65051.63503719,1829.22088025,0,0,71.15631658,2.06649867,4.70719594,579.78891343,2.74587875,147.30598337,481.65851088,180.45341299,44.15703751,10.96951561,1.11565109,0.31382236,267.88530119,130.92479714,3584.60637248,227.4490678,211.16723719,165.55167917,59.78136254,2.99360024,3.22231775,8.08098381,2.17985766,0.3659018,26500.41051975,12.73335715,2.50867273,0.77515193,0.82981282,156.35510102,91.09270095,0,7.15675517,14754.08188818,0,2.63861885,0,0,855.29719345,11.8629021,94.69757861,33670.92698662,2.51343891,0,0,1664.99173868,49.26004801,0,0,0,0,0,0.76574684,0.46289752,0,0.7127569,0,0,0,0.07371324,0,0,0,0.12257095,0,15.1631839,1796.08947526,21078.55857509,0,10.46088397,8.97157118,0,0,297.05641307,33.82643138,17149.50379882,812.02843742
"GMBC_128",1.28870902,1.76113713,0.13314948,91.26974684,0,0.82998605,0,0,0,0.35525532,0.82168728,21.07714433,0.61764125,1.25074543,4.77946295,0.71287507,18.07569455,0,0,0.21924233,0.8462536,0,1.53180627,0,0.07543261,0.01211314,0,0,0.1745971,286.75801697,4.34576929,0.42178832,747.02788009,0,0,10.75595816,23.8947119,0,1.4174813,2.64556041,158.8335616,1.32206317,126.14623524,57.1846578,1.75268219,7.50031674,1.09482837,0.11917709,15.1947568,9.03819038,0.05446298,0.01171195,0.1808301,0.17281773,16.79828515,0.15821712,0.00865779,0,0.36108516,0.03304962,0.02708221,0.22640689,2.90148867,32.82610037,342.00937324,6.18934109,86.37636793,0.71425756,9.56533052,0,0,368.58386766,120487.38262224,4028.33350739,7.40936327,182.37436002,0.77207085,0.32233594,0,0,0.45426605,63.00849867,0,662.96958487,4068.29482485,0,0,1955.31016958,325.3188749,2.14102812,5.77940451,1480.9423432,200.35899756,253.39996811,980241.52135913,2.51221838,12.62361128,5.62770347,0,0,0,0,0,0,0,0,0,0,95.8395889,587.12895438,71.91231242,0.18096871,1.45623797,0.38142142,4787071.76442982,1788640.40945996,1333606.83997611,169322.57356894,110620.96938628,161165.27738305,39641.6587725,426.10583587,632.06599651,4993.28920231,20.41982385,33.63839328,0,0,0,0.92537896,0.38210167,0.33331911,0,0,2.99336561,0.9230813,0,0,0.3472348,4.20433068,0,0.09030377,0,0.53539867,52.36941436,1.39794039,24066.20211881,0,0,46316.12215604,716.31841081,214.85527379,11.90981096,25.73559985,28170.84978219,0,17505.40591378,76512.09455975,1899.77991134,0,0,1507.34708267,2.44792434,4.45568118,1039.05608472,9.82303902,109.50924236,307.50240241,176.36791521,336.87149723,3.66053223,2.23577383,0.23951266,455.08854259,99.3297423,4474.56806308,193.90929063,143.95163052,348.93179647,284.18852443,1.87474371,6.91728063,8.78831314,2.39270973,1.26554084,40472.40151671,4.96526082,4.78086562,1.20386493,0.35687926,246.18705201,0.26538038,0,36.90098077,62265.56167554,0,3.45512356,0,0,8550.71013148,5.14412921,3.92451378,18670.83210153,3.54031612,0,0,110.93248153,0,0,0,0,0,0.8364748,0.24584802,0.091758,0,17.04298177,8.05165858,0,0,4.46377514,2.47716802,0,0,0,0,35.14794077,1677.09157135,30053.60341988,0,9.19827403,0,0,0,2364.89775523,32.49689352,15914.00543293,108.13875041
"GMBC_129",1.59099663,0.25178145,0,12.759257,0,0.10982927,0.00332752,0,0,0.2466253,0.43577701,3.97902523,0,0.15150181,26.10416217,0.3066248,6.65880339,0,0,0.13144199,0.51348721,0.16642555,1.37098609,0,0.02228706,0.0472964,0,0,0.02512803,103.18537227,16.81123142,0.06148337,584.54378488,0,0.29743355,2.33770396,16.8307366,0,0,2.4495083,96.50536979,0.42068341,3.69016114,4.34424469,0.55865064,0.84600774,0.71278844,0.16793732,2.61768869,0.39153914,0.06970822,0.00472294,0.11073059,0,10.69852628,0.09261181,0.03659312,0,0.04787685,0.02807757,0.00944495,0.02164504,0.08780294,0.98774163,9.69914947,0.18272569,6.86994578,0.12790784,6.95686986,0,0,0.13568969,87194.80069747,2064.2518609,16.91513146,0.54735251,0,0,0,0,0.14344277,9.88059201,0,252.392098,556.95450715,0,0,8.387756,244.42451189,1.43211415,3.31947237,120.86152541,21.1970535,211.19169599,360944.01070181,0.464938,4.68219897,1.82454667,0,0,0,0,0,0,0,0,0,0,5.38368075,312.55326984,5.65362124,0,0.12901512,0.01829548,2115163.04794609,605277.27738369,691840.93528099,82729.81493006,59281.93194992,74236.61244056,115278.90596872,141.46035767,92651.77212084,269.48969898,5.94577815,26.44572225,0,0,0,0.43482109,0,0.51431995,0,0,0.49291841,0,0,0,0.13849203,0.03671734,0,0.07294255,0,0.11233403,33.40458201,6.32749508,8676.26162624,0,0,21297.79019366,214.48657348,0.56618156,169.89792204,12.96954165,6430.11649963,0,3656.62235072,27001.02846902,866.1452221,0,0,6.27848107,0.20034104,0.35441741,60.37719703,0.63179412,85.61302232,27.89202592,11.09481948,6.88026403,0.8033001,0.1847073,0.03835837,53.19390191,69.56394994,487.66485459,22.15449777,26.59761343,47.91445608,20.10194596,0.25924935,0.81188214,0.97558564,0.46830183,1.51271695,9438.61252786,1.72901667,1.03681672,0.18876241,0.31752495,25.1653735,0.08358249,0,2.25065997,5132.0191322,0,0.61318269,0,0,94.96215856,0.01918855,3.13418804,5754.60374477,0,0,16.01861003,20.25901635,37.5527651,0,0,0,0,0,0.24927163,0.16378268,0,0.10817688,0,0,0,0.04708973,0,0,0,0.04674871,0,4.67529512,520.20099309,7031.89543017,0,0.678551,0,0,0,5.72753014,0.11898697,6800.39434527,72.25042369
"GMBC_130",0.26956327,0.23386354,2.5087726,11.98942179,0,0.06616277,0.00143072,0,0,0.15405577,1.84110662,25.4166327,0.13708696,1.86774616,22.56037904,0.59540922,2.10974834,0.03126024,0,0,0.52755197,0.49004181,249.49733973,0,0.01151155,0.20909611,0,0,0,3592.04694296,0,2.49299412,7.86373405,0,0.2156181,7.86611582,0.46924176,0,0.86867876,172.81919144,418.75865525,0.55279928,21.89516467,31.91818542,3.10744867,2.86408654,0.58660785,0.23583606,0.53071189,0.25512787,0.17004527,0.03431695,0.2438783,0.08197338,16.14372497,0.26311213,0.00985805,0,0.15391965,0.03436969,0.20151306,4.35996521,22.81295104,456.5460731,303.94767898,6.51814874,51.40798029,4.45141646,711.97496004,0,0,12.04649839,439451.46714663,3889.9586575,1304.85685898,115.84492785,0.12752235,0,0,0.58634013,0.40269751,6.24108953,0,6.22874923,18.17288155,0,0,8.12869423,1303.00731688,0.41961375,0,1238.25197686,5.6524471,3331.24462693,7345.59015906,0.18556068,3.82833055,2.7682053,0,0,0,0,0,0,0,0,0,0,1.4769858,176.71873514,2.26003058,0,0.69760486,0.14224813,4232752.06662031,2048320.93591885,439775.86561699,105468.48933934,81696.82301242,63892.49660038,25375.26896256,121.13548057,4213.09849773,30322.12121484,16.5916206,3.03891097,0,0.53362646,0,2.58331002,0.34227287,2.70022122,0.15236454,0,0.04783073,0,0,0,0.04673921,0,0,1.45009107,0.28419225,8.54197593,1525.09685902,22.31426446,18778.80692395,0,0,45691.87913999,4.75859053,1.73793102,159.34478894,19.6872527,10793.19291468,0,4052.46273626,55620.47849112,23.84219005,0,0,19.31460222,4.79255749,4.32223567,1405.26545471,5.32440582,109.74289898,478.17136387,943.02409313,215.48850969,4.01160237,0.98089798,0.21757712,122.87630211,91.36347741,2380.85102797,67.75546584,67.53700853,468.67609522,118.1504489,0.71967978,5.76023239,4.99126884,4.6622511,2.70138978,29297.57199868,13.50932105,4.95576979,0,0.37692577,1.52681501,3.13725886,0,15.60800996,23312.0969644,0,1.52550347,0,0,464.40431804,1.6111613,3.02248953,14922.0182461,7.05297938,0,14.89390931,4.33754427,0,0,0,0,0,0,0.44035404,0.16369642,0,0,0,0,0,0,0,0,0,0.18713499,0,19.94277804,1903.02444066,22836.72869375,0,1674.97384623,966.37544654,0,0,0,697.65973833,4886.02622891,802.56831565
"GMBC_131",4.37588237,0.49958102,0.17732894,3.47876457,0,0.0270521,0,0,0,2.91078128,4.15944083,26.34360835,1.97146988,1.5940083,49.4555498,0.05313323,7.87284128,0,0,0.13111636,0.26097634,0.13252058,1.8106481,0,0,0.05591678,0,0,0.26866997,409.96507432,17.22825569,0.21710331,442.72036063,0,0.30711171,1.05868168,40.70536865,0,0.31357796,11.34870822,128.46212481,0.7394403,12.35514528,9.67505301,0.22680429,0.12220186,1.06258539,0.04541294,2.98390768,0.97628185,0.02782643,0.0201011,0.1446396,0,13.69026505,0.06383989,0.01302267,0,0,0.03985683,0.0185206,0.07394374,0.33570174,9.69652149,7.17494123,0.19321603,2.65763942,0.19511636,5.49659596,0,0,0.09598876,50601.54150567,1992.6323257,10.68092567,0.5584964,0.30718221,3.95909758,0,0,0.37500375,3.41068775,0.19459632,1334.30464682,94.42751964,0,0,0.92245209,194.21490956,1.82742847,4.56194094,116.01486229,3.10859145,412.21108411,337167.45133593,0.16627224,0.61590931,2.94904951,0,0,0,0,0,0,0,0,0,0,6.28718594,337.34155729,1.98664643,0,0.03733025,0,1822254.07104159,274245.97389863,97278.85258414,51091.50833728,29323.52008915,36843.63475635,39501.22519433,71.1217781,5741.59698221,513.58700449,12.54602361,22.59576479,0,0,0,0.87258245,0,0.93308835,0,0,0.92396254,0,0,0,0.21042663,0.428168,0,0.03327235,0,0.25921648,13.47930952,1.43227237,14439.50085573,0,0,37977.5313595,257.01435715,0.45107369,9.40760789,13.89878714,9100.35031398,0,4063.97768608,47957.8695991,777.0475344,0,0,0.52516574,1.23689561,5.59093484,87.45182511,0.95868811,92.46029973,62.5736632,29.18868354,16.02688574,2.63720199,0.17126872,0.02727718,113.98363346,81.98135669,951.78122768,64.80252865,62.63799953,283.93350881,51.38314033,1.37599963,1.0054024,1.39208694,0.49842898,1.14071683,19836.64891228,0.67327283,0.05994585,0.16033272,0,6.45087692,0.0634599,0,1.30582781,9527.97840591,0,0.98855147,0,0,208.02637441,0,31.6153224,26723.79750409,0,0,14.28829555,12.00826713,0,0,0,0,0,0,0.25354052,0.03549146,0,0.09110948,0,0,0,0,0,0,0,0.02615524,0,0.147171,405.93737043,14073.00017546,0,35.39241596,8.73447776,0,0,0,2.79777036,5332.31920583,46.13596846
"GMBC_132",2.0120005,0.26515162,0.11655096,4.02618327,0,0.106805,0.00385567,0.06850018,0,0.01436751,0.55959594,0.18371751,0.19310171,0.00435209,1.09887389,0.29573822,8.52461226,0,0,0,0.24764541,0.40841825,0.64218033,0,0,0.01679014,0,0,0,103.60964947,0.83181774,0.13637133,116.29539725,0,0,1.2237922,0.65838867,0,0,4.13554767,593.81630944,0,0,3.85372258,0.44822927,0.2787903,0.54669358,0.05562843,0.1140841,0.10033787,0.02761051,0.00208547,0.11785534,0,8.96773533,0.06963745,0.00612131,0,0.01891486,0.02410771,0.0153954,0.04581237,0.20920069,2.61506698,4.39696049,0.26311048,1.72445892,0.11461383,2.75696954,0,0,1.30604977,52471.3706129,658.60770784,2.11920853,0,0,0,0,0.28472491,0.05675426,0.91359303,0.0640693,200.28604461,82.34528289,0,0,0.10729765,89.85691741,1.94588507,1.98654413,685.74335978,8.03351487,149.42395884,74965.1274172,0.57907111,1.54084014,18.70355134,0,0,0,0,0,0,0,0,0,0,85.14035883,200.89080534,0.31013086,0,0.21193462,0.08721111,1034773.09960389,190307.87289968,83749.79404929,27371.17184447,17894.11263235,24449.01059422,2760.79022719,71.54798526,272.30134948,31.78444991,3.7800995,134.66076013,0,0,0,0.61794014,0,0.12245025,0,0,0.29052399,0,0,0,0.07216466,0.06972342,0,0.01458648,0,0.08676503,8.75889718,2.5971104,5480.40864259,0,0,19270.43859211,47.20603768,0.20816496,53.27058743,13.82030361,6321.20132844,0,427.34758522,28093.09766703,293.25504879,0,0,0.2133836,0.40634861,0.83372743,205.10439143,5.1154499,73.60852336,63.87690837,64.28844378,15.15733546,0.61196625,0.24618052,0.03053127,28.66394645,57.4920616,361.86310907,12.2457351,75.40617061,117.16677168,44.76428408,0.4856268,4.50510143,6.8780262,0.96691374,0.0196078,9317.31507077,0.43699299,0.08955657,0,0.06692293,1.82527504,0.08427913,0,1.68183514,5918.17247083,0,1.01280994,0,0,34.25633627,0.68055623,12.79551423,10498.11175711,3.37709384,0,12.09492262,278.70357975,49.59719895,0,0,0,0,0,0.12980543,0.07835516,0,0.12775927,0,0,0,0,0,0,0,0.02536874,0,0.65891355,695.82319865,9840.01078161,0,9.21800672,0,0,0,34.48665922,0.69842874,1582.83152115,35.57154819
"GMBC_133",5.30576419,0.49333835,0.21969394,26.78616675,0,0.07064283,0.02746487,0,0,0.41392089,2.39845304,0.2943373,12.1505138,0,1.74459709,0.21489058,5.09025924,0.0088063,0,0,0.59416886,0.29363713,1.45714575,0,0.05291592,0.15662024,0,0,0.04261977,172.17105992,21.96206702,0.40669609,1455.15210805,0,0,4.26751175,27.55096432,0,0,2.81772937,465.6394389,0.4957416,21.29372836,19.50919634,0.78514644,0.49595382,1.00441995,0.22142672,10.87815938,5.86813399,0.02403837,0,0.19818367,0.0764818,16.0433367,0.11112838,0.00606008,0,0,0.03215237,0.01393306,0.02656904,0.07561269,2.53721687,5.32943707,0.0780959,24.61816387,0.04296532,3.67452452,0,0,0,40760.77179152,4134.79463145,2.85270931,0,0.02875093,0,0.62589192,0.52090004,0.09255755,6.90722314,0,1014.21144008,1187.89696713,0,0,0.72207502,119.29223441,1.7151563,13.40987338,95.30319712,4.36536324,197.82358181,0,0.82883044,6.52548927,8.52044354,0,0.23741483,0,0,0,0,0,0,0,0,73.83307986,477.47190689,0.89075806,0,0.48370444,0.07123308,2239257.98964974,921260.71685326,412300.24099877,100223.57725447,60775.23376644,97438.13951014,99854.20225079,103.18914388,2098.71441175,1049.99446845,7.76211538,60.98070524,0,0,0,0.38576076,0,0.21013908,0,0,1.96968463,0,0,0,0.61984742,0.14100438,0,0.15531644,0,0.18345729,39.87502239,0.20953155,24433.27254763,0,0,66977.64496464,517.17253299,0.18749172,270.75052769,27.20520315,3799.09285789,0,3061.38582942,85676.69570994,1416.6394724,0,0,2.02372294,1.84115681,3.02968998,192.08572109,4.22811136,111.35407008,47.00582031,86.47380074,33.42638277,0.88256361,3.66674373,2.67031973,98.37978076,95.95356336,1379.92628983,107.57220497,41.17627717,113.84518021,63.77845619,1.03103176,3.20854758,4.26054551,1.58050909,0.59196241,33081.99404689,1.66974534,1.23469231,0.42767749,0.25729552,3.7154704,0.57630128,0,5.10821894,15910.41760495,0,3.43327365,0,0,643.77157859,0,40.28717267,51135.94499782,1.65837056,0,0,38.83724193,0,0,0,0,0,0,0.08689369,0.03950989,0,0.03529092,0,0,0,0.05351867,0,0,0,0.03653194,0,8.16122443,2017.05715713,30625.23255709,0,2.74318089,0,0,0,0.79143832,0.20124531,4969.19446175,38.9744728
"GMBC_134",3.90310133,0.54455952,0,13.64912072,0,0.04877335,0,0,0,0.24152802,2.53348093,50.57555463,1.14790476,4.59590078,0,0.23519421,0.28424116,0,0,0,0.43565801,0.25259884,0.62806192,0,0.00371875,2.12456905,0,0,0.10243068,258.52685901,40.9380584,0.09233301,872.0657398,0,0.22345444,2.7003387,27.15746067,0,0.12061324,1.49749352,277.38233504,0.93258164,14.64425857,9.63200823,0.24464689,0.2374768,0.85172499,0.11924204,3.49027787,1.48749148,0.01649379,0.00505081,0.11928934,0,11.31886097,0.07593172,0.00504714,0,0,0.02206233,0.01064669,0.01588828,0.04387837,0.73778686,1.6336528,0.06915472,3.6314829,0.04484185,1.78392209,0,0,0,105032.46908356,2004.34789286,2.31851396,0,0.07882915,9.84216169,0.62300375,1.45891109,1.13684595,2.92548656,0,709.38499885,886.35626014,0,0,3.17273157,315.28597951,1.42917367,19.37256105,168.81142036,8.03774547,223.45327061,309911.78269845,0.1448956,2.46210647,5.71472796,0,0,0,0,0,0,0,0,0,0,7.69214963,221.21053745,0.38991927,0,0.30015504,0.09668967,1264698.00302808,243327.29457859,199734.24361736,33006.11107712,21007.4550839,27722.88781202,30349.02269254,5.75476467,1107.64216383,331.29722566,6.1431083,8.2601544,0,0,0,0.33691882,0,0.17008306,0,0,1.39148063,0.01244343,0,0,0.1514092,0.28766661,0,0.05224506,0,0.11196895,54.21625977,1.37074304,9665.8915181,0,0,31607.33051448,429.75493578,0.34664166,32.57558232,16.24892625,7382.44377448,0,7282.50258973,43667.82076581,761.19935603,0,0,2.4449277,2.38993776,0.52325763,334.84698952,1.78872522,82.8553561,78.07435843,74.17797162,74.02913347,0.90375095,0.45358023,0.0380726,62.64773951,66.95854143,929.28585295,49.86236086,53.67320986,163.09729669,75.0199992,0.64157345,1.05985357,1.31368259,0.69993845,0.20943949,16342.45640115,0.34805679,1.05651384,0.48922054,0,1.84322813,0,0,0.6617182,8311.16413447,0,1.00613145,0,0,522.49123382,0,10.01624367,19235.7806764,0,0,10.17932241,31.04565893,46.21281075,0,0,0,0,0,0.21188856,0.07186386,0,0.16281058,0,0,0,0.1061275,0,0,0,0.03010297,0,7.64344582,763.26051688,14942.75870894,0,1.41594592,0,0,0,18.09540001,0.20372296,9937.5424615,93.67114363
"GMBC_135",3.18893177,2.89630484,11.47915725,39.81984617,0,0,0,0.25034369,0,15.0151482,6.14528249,5.54218501,2.78448616,1.98309982,35.41121363,8.74119945,302.56431492,0,0,0,0.49958123,3.96498764,135.62952708,0,0,0.25322717,0,0,0.12237284,458.32201661,0,12.57074222,601.13421357,0,0,5.63176201,1.10065285,0,1.60144363,208.86492429,1376.48776191,1.47566478,13.74063085,12.31396114,0.91138411,1.1105643,1.00667776,0.33089098,2.56345347,1.82850504,0.17831679,0.09879077,0.2749968,0,24.175873,0.32810641,0.00868188,0,0.98036007,0.04456038,0.01973212,0.03226817,0.15295459,8.95768707,28.76311164,0.46054763,14.04920556,0.11818172,165.20964089,0,0,12.18086731,692417.84942441,2810.10442054,173.42732741,130.30185757,0.23947148,0,0.51753614,3.42238448,0.25815654,30.40478299,3.40551383,225.01229325,1867.98439428,0,0,62.04405703,1444.33257768,1.99425728,12.96793007,2262.89582177,82.59712738,4669.40677818,7902.82148109,2.01427337,35.48581388,3.07300773,0,0,0,0,0,0,0,0,0,0,26.21959683,717.6325577,994.70544321,0,0.24847987,0.06867423,7751645.91873684,2297184.08328055,1390423.47648314,96341.49246594,48656.47940188,55392.4542718,253962.44222686,205.26102489,3764.44165336,2165.87612497,752.83956984,41.91945809,0,0,0,2.13897929,2.24350796,2.44941182,0.09977596,0,1.13312435,0.14428199,0,0,0.18227082,1.71132708,0,0.5316113,0.22887983,29.32631248,26.81814289,0.0830519,23823.46321215,0,0,24970.65166466,193.96671454,14.37796641,201.80539134,45.63942864,8656.26571935,0,3084.67219202,33832.57530125,980.30101552,0,0,54.92077905,1.6659187,2.77144638,683.17577279,5.33263414,142.43177216,354.93675537,239.36747018,109.19515476,4.79446358,0.96450741,0,224.31398078,123.25059707,4967.70569627,262.83763668,142.92661185,157.24315341,113.05767538,1.35962929,4.17319163,6.11508595,1.12791646,7.00110659,14615.5454687,10.53607841,2.44218354,0.18703368,0.41406004,1.60945818,2.86062414,0,183.36049437,10503.38250911,0,6.18304816,0,0,1196.09143022,5.02647814,19.38074553,13469.17471715,4.76314823,0,0,37.25313353,0,0,1.22234269,0,0,0,0.6477446,0.83594895,0,1.87795409,0,0,0,0.32653829,0,0,0,0.63718666,0,12.74555662,1338.66062274,15972.73280933,0,724.45146996,546.99628347,0,0,204.55769692,216.58175841,5503.47793925,769.1524621
"GMBC_136",5.95840679,0.22110686,0.08756575,47.5106147,0,0.04285139,0,0,0,1.92493883,2.08173692,109.34457939,3.46932414,17.52971184,57.59351679,1.4601418,93.54001257,0,0,0,0.50517596,0.77678553,1.18235427,0,0.15426706,0.07627855,0,0,0.10179534,434.53714813,1.0427317,0.14243361,883.60514419,0,0.47456839,9.22275414,45.86354566,0,0.51912337,3.08834912,437.42548643,1.33468526,30.5289527,81.2449085,0.53214316,0.12887531,0.90538516,0.11097812,4.75521541,3.65459878,0.04681658,0.01180273,0.17779319,0.10907851,14.31557695,0.08233635,0.00666308,0,0,0.03262607,0.01362346,0.04806062,0.19824866,1.58151782,6.96469284,0.12706844,4.44823239,0.30214895,3.13283516,0,0,0,34973.98305705,5170.80874794,2.44677352,0.49824669,0.90303245,2.80540808,0.3166772,1.67232947,0.12432182,11.87170894,0.2288562,975.48282689,1569.40066515,0,0,0.78514665,194.91544949,2.4974773,64.49588555,302.72628111,19.50506054,94.63536969,604395.79453622,0.77608273,2.01305514,2.5858783,0,0,0,0,0,0,0,0,0,0,5.46992705,355.12021586,308.41835328,0,0.0987901,0.03136878,1523336.56783577,426344.10493714,151339.44284089,67721.80928707,46481.77963574,54120.69381496,38681.78684629,71.69464573,855.87685646,498.06168038,236.80165463,24.80513427,0,0,0,0.37885343,0,0.54080836,0,0,2.02648322,0,0,0,0.12829883,0.07756774,0,0.05083444,0,0.32068506,69.67442556,0.1089631,8139.38414699,0,0,33984.37133496,212.59357733,0,7.59797168,22.02376943,18278.25807879,0,4994.2110715,43032.67040113,849.95212693,0,0,0.70989926,0.21678362,0.35191964,27.34343135,0.65536966,109.96219832,14.52685654,24.77671824,21.07760015,0.31138631,0.31204089,0.06593854,11.71458123,88.81833906,127.73837625,18.93696709,11.78259871,49.65519729,16.38126009,0.24167448,0.75860244,0.67978276,0.65274782,1.47550891,13859.76700373,1.18072458,0.0975979,3.77574389,0,2.93567332,0.60175115,0,4.43236801,7838.9470964,0,1.15709801,0,0,231.1699026,0,49.71509672,21708.31422787,1.76323781,0,11.42147701,18.63348983,0,0,0,0,0,0,0.20857385,0.15184125,0,0.4470683,0,0,0,0.0675579,0,0,0,0.02472648,0,1.96965257,229.58775866,10396.90505132,0,4.69887905,0,0,0,0.72241166,0.80649891,20309.17586024,97.61587936
"GMBC_137",1.35906733,1.1193732,0.26005844,30.60549105,0,0.79122502,0.04776997,0.05487223,0,0.19421649,1.83294881,0.58341829,0.20656415,0.1319436,0,0.70586663,14.0843959,0,0,0,0.33373118,0.10093598,2.97607181,0,0.04150901,0.0913282,0,0,0.06767219,514.79700659,65.4188055,0.33327133,1631.71519009,0,0.4840857,2.49514494,14.55974422,0,0.20670361,50.15177585,26.38404608,0.77071391,0,7.6521222,0.31093821,0.11229418,0.53222732,0.14986071,1.20414118,0.92952736,0.00977004,0,0.0899332,0,7.81025192,0.06230281,0.00348955,0,0.045657,0.01628411,0.00854662,0.07756689,0.40207945,9.09534444,11.23391933,0.16764529,27.77577003,0.19187345,20.19341423,0,0,0,101677.11373532,994.79014566,3.15851997,0.0998672,0,0,0,0,0.12280881,1.90354716,0,681.09345039,1485.7669584,0,0,0.11072043,739.04481524,0.82035209,1.44178333,45.60536366,3.13506255,358.73612146,754281.25932398,0.11826749,3.9855312,22.16826723,0,0.49834796,0,0,0,0,0,0,0,0,27.10184333,259.88779447,89.23536806,0,0.37714828,0.11932148,902925.38485255,284792.70405757,82588.39246719,29646.66859159,26644.47340218,32458.3594267,37173.13795123,36.30798675,962.59562193,341.75352838,80.14519556,18.61338264,0,0,0,0.13292368,0,0.064546,0,0,1.40846442,0,0,0,0.44246694,0.02023923,0,0.48747656,0,2.36362418,27.16751772,0.06485302,7673.95018541,0,0,24062.79190722,456.28373527,3.59639625,5.73940589,10.33675254,6934.10759095,0,6841.33105127,31171.69851818,1796.08062612,0,0,3.45117211,0.33407837,0.95112513,155.85364201,1.49014535,50.0073116,46.32420011,24.70218024,10.07727527,0.46250899,0.29036147,0.06456458,76.39410658,58.07005629,592.50832763,61.19225819,80.19773045,89.13706746,28.77183266,0.98428518,3.00423397,11.18653499,3.22499787,0.20869278,11448.80287308,14.54715229,1.01181913,0.29343309,0.19150754,2.06386342,1.30398864,0,0.87531005,6001.42401646,0,0.3019552,0,0,230.88999669,0.07187118,9.65601253,8349.33523612,1.56758445,0,9.92449987,15.01117158,0,0,0,0,0,0,0.07052461,0,0,0.04548515,0,0,0,0,0,0,0,0.03034426,0,4.3942372,592.406522,8213.28849497,0,15.20733144,63.06294512,0,0,1.77293669,0.18498531,17190.06992266,193.77487826
"GMBC_138",0.67257514,1.49095565,146.9342071,40.82172911,0,0.13322094,0,0.3380044,0,2.9191543,5.0394133,7.77861478,6.53718176,0,29.61869826,0.63403547,29.52716815,0.02025545,0,0,0.41446386,10.48088133,653.05433453,0,0.27650084,0.11774346,0,0,0.2822075,476.74876404,10.81639842,175.84977505,425.8132144,0,0.78188519,6.70479992,0.94718642,0,7.0117898,990.24268754,389.89707351,29.24517026,180.06874985,26.91870199,3.52051622,0.91357644,2.03554563,0.3919973,4.13100068,0.52775699,0.192091,0.17712254,0.28016495,0,21.56269755,0.26256708,0.01205685,0,0.17586339,0.04244464,0.02214478,0.13264363,0.74501897,35.4372419,28.36097022,0.76445002,48.09088219,0.13348132,1885.95654074,0,0,0,887885.95199515,4156.91602661,1789.03205543,1.09608686,0,1.73765461,0.89064471,3.90606455,13.6949204,3.46043596,13.04384473,50.95603382,479.90145687,0,0,0.07027375,1304.89088369,2.86646456,31.80020145,3216.19958564,3.86539134,2123.03144853,23324.00908594,3.29548361,169.22707623,40.26715464,0,0,0,0,0,0,0,0,0,0,43.32288466,282.49809978,53.09228256,0,1.22209195,0.59972283,5066204.47592516,1322701.29569277,1048478.14978312,54543.1822177,24699.32637078,35475.05688879,162254.6778617,78.49175771,782.10498351,718.6447584,52.98383485,15.2564387,0,0.10947299,0,11.39902798,2.33594983,3.59279856,0,0,1.13909727,0.37434804,0,0.0380906,0.05016974,3.00085486,0,0.58226937,0.09574358,26.06081613,15.55578478,1.50374704,21405.23757345,0,0,22089.11992257,36.39440372,3.73116777,107.12005761,44.97842311,8388.10830246,0,2573.77583966,34368.01161119,349.42964916,0,0,0.89431544,11.19556415,14.293094,4721.69452527,97.24752392,156.68608774,1185.20778632,1346.25327345,2609.55922527,11.13687863,2.66747654,1.11530004,214.88361398,131.39167679,6584.40914656,119.96911459,311.09459373,386.48086942,1198.20438429,3.63956324,2.60043045,4.24016477,4.539439,2.48642857,14129.75918791,7.23301841,2.37498408,0,0.63386413,3.65763472,0,0,40.93937957,13511.76479651,0,29.88786344,0,0,560.89470304,11.85376296,22.02311106,6306.73649586,10.17258813,0,0,159.69613119,0,0,0,0,0,0,37.90975612,1.05956676,0,1.46399458,0,0,0,0,0,0,0,0.3723443,0,10.57286663,989.4037087,23019.17100368,0,12.93924278,51.47593063,0,0,33.6387372,2.01592806,7840.01426055,705.18787732
"GMBC_139",0.65834502,0.37665094,0,6.89700162,0,0.02969386,0,0,0,0.49321914,0.86882287,82.20701792,3.71759291,12.70136893,48.09229361,0.15803081,8.65676007,0.00611998,0,0.20094816,0.12154071,0.2572851,0.97570606,0,0.00267887,0.38643008,0,0,0.05549279,570.9622384,27.1501125,0.20643304,210.23540564,0,0,2.66896322,103.10724433,0,0.12867387,1.26779386,89.03442032,0.58434998,8.61900335,10.12590501,0.2576984,0.27303948,0.71702894,0.1108358,3.04036962,0.51309194,0.06735852,0.01044165,0.11950899,0.06443473,12.43073657,0.11269091,0.02459218,0,0.03890353,0.02091882,0.01141491,0.01176002,0.05325703,0.80404128,1.15268103,0.03582703,2.14556188,0.00402104,3.01456399,0,0,0,195940.59147364,2712.67972896,4.32113996,0,0.13886001,4.29975526,0.23237221,0.55806226,3.59457992,2.87913432,0,268.67806733,346.23554867,0,0,0.14393954,493.24404255,0.93870904,2.32430615,542.22476755,2.05014716,859.83584947,293294.07528155,0.81101246,3.22519803,2.75410508,0,0,0,0,0,0,0,0,0,0,13.26224237,342.89262597,19.71983618,0,0.06048062,0,1448384.51266569,304349.86679057,304432.35994053,66416.95965681,54988.73906264,65841.30488182,53675.63109532,48.69627037,22124.25164677,812.57904875,23.5264444,39.96070596,0,0,0,0.46822647,0,0.76503834,0,0,0.89795084,0,0,0,0.48925088,0.17122987,0,0.03082772,0,0.08676457,50.80455635,0.43925548,4258.60936066,0,0,46080.3009978,349.7319334,0.05140121,44.93121774,14.26775087,24960.32304796,0,4822.44131561,60026.95602254,1058.60405468,0,0,0.40909151,0.14394332,0.2638124,25.59629862,0.44897401,85.53017182,17.92525087,6.89934912,8.64467492,0.20888193,0.15498341,0.07528943,39.43765579,68.89179637,315.43688433,18.77971303,14.01456318,51.07741632,23.29050896,0.1765406,0.63764652,1.74067455,0.51842078,0.94854757,19912.15741398,0.41590657,0.27007748,0.621331,0.20217802,2.03972163,0.10043568,0,0.65639637,10451.25649363,0,2.18492739,0,0,213.95633393,0,6.08016396,31343.64716439,38.711123,0,0,15.45433629,0,0,0,0,0,0,0.36223819,0.15396416,0,0.07915994,0,0,0,0.03217952,0,0,0,0.03826069,0,1.65758784,817.93314875,20790.07488891,0,0.58452422,0,0,0,0,0,11205.41676263,141.14706396
"GMBC_140",0.41032061,0.17326042,0.16185348,3.39603965,0,0.01799206,0,0,0,0.97513115,0,25.13814658,0.48956596,3.1580325,20.10313629,0.20405513,4.92576311,0,0,0.12275145,0.25352437,0.057003,0.5820982,0,0.02748946,0.19060801,0,0,0.25801113,114.94688525,125.84458674,0.1226364,204.37334502,0,0,1.01232279,187.19024777,0,0,3.12084166,67.91178643,0.35986575,8.73903591,31.41700011,0.23343085,0.06458546,0.82667551,0.19107423,2.4898714,0.31679022,0.02430775,0.00942012,0.1346344,0,11.40450159,0.07340451,0.00920692,0,0,0.02165557,0.00573516,0.01707003,0.04515118,0.44800568,1.09269131,0.03096348,1.39007539,0.06426287,1.39530782,0,0,0,29610.48710343,1393.03631623,0.77820594,0.17840547,0.11824285,1.1721432,0,0,2.14828612,3.17145861,0,911.30220295,105.86892967,0,0,0.13692833,197.07958798,0.97195156,2.74476513,53.45229175,3.90718911,101.44013266,315278.87430986,0.46630046,0.54027695,1.224584,0,0,0,0,0,0,0,0,0,0,12.27351332,426.35783249,15.8592854,0,0.02693354,0,1431213.83771612,216781.32011852,45721.62849352,35303.02342875,25122.78247535,36775.01091641,24482.92844941,0,947.796029,103.5362664,20.03398131,14.60767321,0,0,0,0.23781653,0,0.12043527,0,0,0.21307243,0,0,0,0.25621394,0.052512,0,0.27446397,0,0.10418752,22.94576644,0.15495264,12356.09106307,0,0,30941.6332285,370.57716064,0.29564301,14.75349455,20.18846437,25278.13290394,0,3166.13772377,41740.25318995,835.60599757,0,0,0.10914183,1.8318915,11.83692082,47.24450535,0.54957428,84.29339499,127.34563763,12.12861069,8.17496476,0.90502509,0.29411724,0.04661445,29.47796754,71.86563681,242.24281214,26.16284811,85.5990598,53.09168052,30.72069485,0.41615841,0.76021151,2.11281224,0.59378182,0.53958452,15685.49871521,0.37843773,0.13057921,0.13505915,0.10297535,2.19892295,0,0,0.76930128,7956.0379939,0,0.994847,0,0,604.18273472,0,5.96778175,28279.52737427,4.61751806,0,10.28453358,5.43857267,0,0,0,0,0,0,0.1029621,0.02143361,0,0,0,0,0,0,0,0,0,0.03045536,0,0.04676899,171.39654923,13098.79106461,0,0.46686715,0,0,0,0,0,6209.70742238,69.23269571
"GMBC_015_E2",1.08430608,0.36597838,0,4.31790787,0,0.01364883,0,0,0,0.23771352,0.71024878,40.99169601,1.90049185,8.14563438,11.4879731,0.10090291,3.41119136,0,0,0,0.18789795,0.32200701,0.14061241,0,0,0.01649674,0,0,0,136.52997736,4.12937673,0,181.12712567,0,0.19331754,0.79934884,31.44477312,0,0,0.60535231,38.88300053,0.17201064,3.37035372,3.02538245,0.19328952,0.07958057,0.47060186,0.03526809,0.68054074,0.23941282,0.01556471,0.01342024,0.09448679,0,8.73666248,0.06751316,0.01403802,0,0.06462758,0.02266622,0.01346004,0.03417235,0.15937908,0.67232174,1.57538905,0.18607838,1.18860534,0.03407524,2.23596659,0,0,0,52827.7192587,980.49547892,1.05740289,0,0.01029686,0.9057943,0.2267095,0.49247837,0.85433106,2.68170509,0,311.36358605,118.98802159,0,0,0.11447763,155.48817179,2.41063181,16.93798733,26.38796324,1.04084171,255.77470959,56810.50872025,0.13225007,0.89536291,1.95563923,0,0,0,0,0,0,0,0,0,0,53.18402715,299.70875857,8.9225282,0,0.02771175,0,487735.162607,129813.21730424,112126.57118266,17168.3670139,13715.2675354,16417.66827353,21319.01131739,20.14963674,19735.46889394,107.95336904,14.44610715,44.78285818,0,0,0,0.14592342,0,0.10152755,0,0,0.16427693,0,0,0,0.04100352,0.04967044,0,0.01056284,0,0.02946709,12.28482742,0.16275782,5730.40630322,0,0,9119.95127684,92.89258819,0.02568287,26.0999497,10.46624553,5554.39816085,0,1130.31561597,11314.76774634,415.69433476,0,0,0.26751717,0.92843066,0.8142462,107.18186218,0.96934885,57.20087315,45.91300644,33.65370382,25.39611151,0.25164566,0.19675331,0.03061721,30.29620328,53.27144777,304.86313373,21.41147775,25.05973997,41.28377286,28.24864567,0.1598359,0.73473118,3.65856215,0.69652837,0.30620264,3765.62355893,0.14899306,0.12174165,0.04335097,0,0.75079741,0,0,0.55584455,2464.48985584,0,1.61766127,0,0,48.44177128,0,5.28485021,4367.60463005,8.5640348,0,0,11.29253341,0,0,0,0,0,0,0.05723603,0.0480712,0,0,0,0,0,0.0151199,0,0,0,0.03865542,0,1.46186062,175.4981131,2967.15238308,0,0.11875164,0,0,0,0.18045095,0,1899.79058388,65.47710263
"GMBC_016_E2",2.34536918,0.60068959,0.24718102,31.80461146,0,0.35517345,0.03535297,0.09946814,0,0.35004708,2.44231199,34.75969214,1.43964126,3.35437912,27.69393704,0.61240621,1.76877943,0,0,0,0.32830728,0.09014076,2.15026873,0,0.04702316,0.04655059,0,0,0,370.17080957,43.541077,0.41943946,1290.54327873,0,0.9038776,4.5357718,22.64409842,0,0.17763717,5.4250878,95.07908724,0.47791415,18.21364241,10.19581669,0.75228739,0.73254305,0.76230554,0.4161269,3.46518265,0.76437314,0.03231229,0,0.12627965,0.02687785,13.5928089,0.07883192,0.00758219,0,0.13747601,0.02570031,0.00537163,0.01331348,0.03050328,0.38674018,0.85187894,0.03022439,4.89314055,0.02296965,14.37683915,0,0,4.29635101,146879.97906271,2890.08625683,18.13329821,0,0,0.73273684,0,0.97548922,0.76895295,4.66280902,0,818.77484591,1010.63149346,0,0,0.073222,519.78390658,1.27456976,0.69602016,47.76407249,12.93016433,474.27029557,248840.35284992,0.87337564,9.68733015,17.68490635,0,0,0,0,0,0,0,0,0,0,60.75883895,404.44917793,5.77157523,0,0.11512201,0.06738987,1826244.0207335,421116.22091037,280665.39348637,44725.46338637,32949.36696927,41499.35730837,73661.18336581,24.39299504,6325.99101507,168.2034589,8.13743349,17.42038192,0,0,0,1.10135639,0,0.5407282,0,0,1.79756517,0,0,0,0.23981671,0.11761148,0,0.06767188,0,0.20170934,29.23974866,0.11706995,12691.41121168,0,0,36451.61131379,342.38310372,0.38661576,204.89113969,27.30379817,11673.15554814,0,7573.35032477,44050.94363495,674.95300417,0,0,0.52485702,1.00066148,1.194428,577.12907602,3.09518314,86.55134687,265.83017916,345.02491432,265.66694383,1.01001791,0.55317264,0.0529894,30.61661806,80.26930676,721.57739763,26.54610895,62.15995187,142.44470717,215.84161057,0.57287276,0.94398392,2.51740804,1.17823091,0.52441374,14704.81516495,1.72023636,1.13400489,0.43931589,0.11777678,11.70531986,0.25970011,0,29.03035723,9461.78023079,0,1.20455245,0,0,472.11945488,0,8.35850111,20351.63787736,9.2222457,0,0,1.17171245,0,0,0,0,0,0,0.37145158,0.11916976,0,0.39609483,0,0,0,0.19442446,0,0,0,0.06107759,0,3.79524501,1085.78694127,14840.46897719,0,0.98040303,0,0,0,123.59294568,0.18204796,10250.70142314,137.01668352
"GMBC_017_E2",1.14374217,1.64496304,0.37367042,60.12822256,0,0,0.01560247,0.09473702,0,0.42896585,2.48965186,0.45744229,0.29099168,0,5.99234036,0.12267924,2.36901746,0,0,0,0.90012859,4.52954711,4.4087354,0,0.13207646,0.09029614,0,0,0,591.15641651,0,0.45871295,860.16336483,0,1.44903592,12.081801,4.98424358,0,1.4544459,31.69687615,2742.72476928,1.39695555,22.69710419,11.78993175,1.3994746,0.68245588,3.73667684,0.15432828,8.20675428,1.91129752,0.05076651,0,0.26357641,0.08608818,20.04054426,0.39118384,0.0081273,0,0,0.0413353,0.03133342,0.58358651,0.96653778,4.18207364,16.10886304,0.34785762,11.78645152,0.15302883,41.72771669,0,0,13.95353604,851188.90085523,2457.26983789,32.8507334,0,0.3404739,0,0.1147172,0.60404844,19.87862692,7.16671281,0,443.42055948,1491.54717418,0,0,1.44846073,1386.04476452,1.88755526,23.11074609,1651.41834067,11.30249831,3276.64783668,14671.55750461,0.63152358,20.09985771,0.68722068,0,0,0,0,0,0,0,0,0,0,202.67914025,536.54533516,8.8799791,0,0.2372138,0,6957042.70786633,1386314.88918861,1646963.94732352,49095.16287743,16225.76877953,25829.50450382,120068.22976548,114.52205037,1758.72077047,3254.36007401,55.4105001,369.98370797,0,0,0,2.16094056,0,3.92596317,0,0,2.42406636,0.05896677,0,0,0.15102767,5.5380215,0,0.53290689,0,0.91606904,16.82736067,21.73725748,22160.80837461,0,0,61820.90014226,385.15289225,14.19028457,56.1519784,43.86243525,8872.11740785,0,3523.55952557,77728.64667911,1499.23937917,0,0,12.1233625,47.58129142,4.61911751,1963.77175501,5.87861663,130.97363888,784.8983651,535.73110991,302.04889623,3.55270668,0.83858086,0.16681243,196.60262658,114.83622947,3100.48662508,158.49433506,406.11551809,504.97007737,217.29332625,2.68585814,5.25801944,12.19266409,4.41983466,3.4101046,38806.46349756,9.10575414,2.88307406,0.36426429,0.26832377,4.08031327,0.75122584,0,22.76777702,14745.03513913,0,1.40915446,0,0,967.28237016,0,21.62100891,21929.01174011,0,0,0,38.52590901,31.37553392,0,0,0,0,0,1.28914131,0.81127025,0,0.92347466,0,0,0,0.30626581,2.61950448,0,0,0.16606523,0,11.5779203,2149.21740716,29273.4026397,0,30.0103251,62.26001454,0,0,77.53688121,3.04673374,5912.75713565,820.29519092
"GMBC_018_E2",0.47928033,1.21971334,0.2929,4.56722579,0,1.4478885,0.11723342,3.32284677,0,0.88742171,4.85777942,9.00736124,3.54676468,0,37.77081061,4.52310662,5.98339482,0,0,0.1248542,0.35056281,0.17461277,0.42531807,0,0,0.28828632,0,0,0,236.55554034,17.69108161,0.29012943,194.9452508,0,0.71184815,14.96357618,8.42277851,0,0.03251951,1.39371284,317.01906627,0.58630395,6.98021731,15.67884082,0.32936051,0.48830891,0.95186201,0.58324784,1.36186866,0.15987158,0.35254477,0.00996677,0.16938283,0.27264335,12.40780093,0.07407057,0.00821699,0,0.34232593,0.02665184,0.0203966,0.061067,0.27341939,1.44376845,10.03469777,0.17863494,3.1513554,0.03274812,0.86338417,0,0,6.75610964,446329.72001398,3994.58145149,1.95607671,0,1.4683431,0.76114083,4.9896071,7.19664759,4.79295377,1.55573942,0,368.9083519,218.01832047,0,0,0.82758141,1243.60657164,1.19237626,20.29879481,469.7145152,1.7123076,2799.80436836,201156.74109186,0.99967785,21.64202947,140.02195955,0,0,0,0,0,0,0,0,0,0,42.09810841,285.31060203,4.34315053,0,1.97026911,1.79722253,1144576.05589161,279021.12322865,142771.86911575,46554.44086297,34511.62393681,45088.93639169,4073.62123163,35.82323613,1117.3333716,202.52233102,9.60381953,44.17178777,0,0,0,0.49755053,0,0.66498113,0,0,1.22539929,0.01053096,0,0,0.09703647,0.09124681,0,0.02257167,0,0.17985632,14.62284738,1.90550141,10742.90049015,0,0,24826.80154256,95.16064641,0.28648948,324.51863584,23.89692528,18197.88400596,0,4463.29713341,33453.46565342,559.871072,0,0,0.26847764,0.30854138,0.27412964,46.21174571,0.49935498,83.53180516,14.73856944,13.28919368,12.06903654,0.26359375,0.24549921,0,28.61939862,73.20757813,463.15922793,100.76952048,14.16697559,35.46467883,38.79114338,0.28796452,0.51266752,0.98973684,0.5409581,0.3551443,9441.92373497,1.45477458,2.54595304,0.10361828,0,0.98153046,0,0,44.21154461,7132.00638749,0,0.47189725,0,0,1360.19322826,0.18775157,16.15918687,14970.86891366,0,0,0,570.69379914,0,0,0,0,0,0,0.32741685,0.32934655,0,0.6647114,0,0,0,0.0267694,0,0,0,0.0345935,0,9.59697732,602.58640142,10701.62847048,0,6.72992499,0,0,0,158.43541168,0.4723878,7209.8766145,594.43032886
"GMBC_019_E2",0.89545786,0.54464724,0.22873474,10.84692063,0,0.37248376,0,0.16448605,0,0.92516603,1.96865088,8.37134844,0.13152248,0.43475735,73.08078262,1.42903629,0,0,0,0.19061325,0.63663597,0.42010915,3.37481536,0,0,0.03409228,0,0,0.07164566,837.15390111,62.63446981,0.24530456,75.50122668,0,0,2.14551852,30.15918708,0,0.11369098,12.84909024,493.02244726,0.34615112,7.98370511,60.06563051,0.64087082,0.82667798,1.09660666,0.07633115,3.0715796,0.63981471,0.02009987,0.01154737,0.15776948,0,17.54687421,0.1947088,0.01024895,0,0.03557854,0.03295011,0.00753064,0.02758981,0.10710576,1.41554994,4.17995563,0.10375634,4.5053056,0.05810282,228.0367413,0,0,0.12186647,680421.76876508,2494.08134737,81.3435574,0,0.05696433,0,0.10896907,0.96123234,1.70333606,1.01292679,0,110.53990382,181.62023825,0,0,0.08987972,2040.2117895,1.9677124,8.04238419,345.7497664,5.76226074,1861.12270102,321072.9247976,1.56420087,11.31951068,16.70379227,0,0,0,0,0,0,0,0,0,0,28.6447779,587.3513837,4.37574174,0,0.74699057,0.05923034,4570338.86719963,738038.25485536,1262179.78155768,36812.5306241,14462.09518935,21109.65870768,57371.19988018,85.16940017,39251.7763932,479.87933408,10.05501515,68.68732071,0,0,0,0.67010129,0,1.12393542,0,0,0.1677564,0,0,0,0.08191866,0.31935938,0,0.06315957,0,0.52321725,19.51750062,9.31672958,17896.12689861,0,0,28603.58831025,175.06684373,0.07807428,323.75197223,21.28773251,11440.63718421,0,20671.33729678,37231.16549329,921.97262421,0,0,1.49423906,1.52172828,2.10748019,456.35953278,2.78549831,132.06572955,86.94821106,52.20349346,56.05904922,5.33379351,0.37774574,0.13279792,113.48616898,103.99419858,729.4086076,47.26679836,74.3855162,178.56916207,76.26764388,3.00856942,1.18528537,1.20891762,0.99509606,5.03154879,15958.02520641,0.97752264,1.05333588,0.40105045,0.3856849,0.85739889,0,0,0.83520896,9018.05676082,0,5.11568674,0,0,352.02555637,0,5.7892218,14079.18287895,9.47037315,0,14.9167912,22.79530818,31.15940637,0,0,0,0,0,1.59299972,1.23834323,0,0.47691563,0,0,0,0.25928842,0,0,0,0.20357234,0,1.22231881,169.63337061,15026.4823266,0,1.40427746,11.0877937,0,0,0.91004775,0.23206962,16047.7936648,1095.01912386
"GMBC_020_E2",2.41614648,0.55338785,0.1289467,18.24244763,0,0.09258704,0,0,0,0.92929168,1.68070956,3.83879307,0,0.72512615,45.57969502,0.1075317,1.00245583,0,0,0.25744092,0.44423698,0.95187046,2.43649027,0,0.00948819,0,0,0,0.29803252,247.52611348,6.05297107,0.26983852,638.95799217,0,0,1.90378387,6.52505246,0,0,5.5642977,194.35439969,0.31513216,5.40050431,7.24396852,0.53116287,0.54908384,1.90137304,0.13441486,1.39972966,0.57585891,0.09613188,0.01144677,0.16158767,0,15.24293635,0.08271165,0.00466321,0,0.06886913,0.02975625,0.00834748,0.01660673,0.06782139,1.66083676,6.36271702,0.0892023,6.33034694,0.04443477,26.10186986,0,0,0.10743485,79988.34173121,859.58003163,14.00044428,0,0.02220617,4.91318966,0.07505367,1.55805793,0.67450399,0.66049939,0,406.92321741,597.83110314,0,0,0.38616811,292.09664728,1.39301842,2.83178428,1008.92430712,37.50388053,324.46338924,336799.99885901,0.21769594,24.31554233,0.49308986,0,0,0,0,0,0,0,0,0,0,58.68050264,499.86936129,4.03197201,0,0.10803063,0.01679413,2904168.21963239,668839.35180922,580991.97252062,31691.19190958,17186.99211023,26015.55326127,46476.49699534,67.81925733,1218.0174388,281.23503378,10.24487787,43.98394426,0,0,0,2.13235266,0.06836899,0.85298509,0,0,2.31784659,0.06267159,0,0,0.14401422,4.50766148,0,0.06494547,0,0.24563064,21.67107594,2.58830197,6830.36389657,0,0,16414.63324432,273.94561212,0.06790437,197.4645502,8.12974613,10399.81102223,0,3582.89408799,21629.34814964,764.02688484,0,0,4.17413773,2.01595212,4.49711055,775.16295932,4.5915545,105.66887009,140.89605082,295.09394577,211.06238219,1.68425249,0.95395874,0.11076377,59.53268396,85.52217707,1304.3589312,55.38652571,84.36585884,416.15289845,292.79379205,0.73287432,2.58639991,4.28812911,1.90672685,1.65139363,6775.47440539,0.84724849,0.85926911,0.13520602,0.05117093,0.4345451,0.06684038,0,0.93592956,4705.71368044,0,2.03467624,0,0,131.5801959,0,3.68544379,8156.44359994,1.87353715,0,0,6.91076877,0,0,0,0,0,0,1.67639669,0.2638057,0,0.93569975,0,0,0,0.69707124,0.1194588,0,0,0.0629162,0,3.43328934,376.12339281,6880.34431145,0,0.93100935,0,0,0,0,0.62429562,9290.85145308,78.47625784
"GMBC_021_E2",1.07281567,0.53053506,0.28294072,56.77849546,0,0.16071245,0.03388553,0.25398584,0,1.2602144,4.51716372,3.48614857,14.98058428,0,1.6076353,0.12987819,0.94373731,0,0,0,0.16506319,0.4813058,6.80291093,0,0.13968595,0.11449925,0,0,0.01207971,366.86766759,187.28029468,0.32819399,1668.55439145,0,0.41524007,5.94978505,5.50115958,0,0.8537207,8.03356903,2689.64695189,0.39377521,12.83721133,54.18116253,0.99376841,0.64005103,0.74421407,0.31939196,10.73659959,6.63063274,0.1569585,0.0108236,0.10405181,3.58957794,9.90400742,0.15153027,0.00287686,0,0.20167366,0.01814567,0.00817043,0.06562426,1.60684142,98.77777225,196.82149156,1.14666362,231.30807161,0.29566056,22.70714729,0,0,0,506438.86355085,3947.32083414,23.76729858,21.3030742,0.25096317,0.19513804,3.25135013,4.3493456,0.17985227,4.22448766,0,567.13539756,2899.58273572,0,0,570.68445763,1095.7542888,0.9393821,8.93105028,960.12557026,16.09821345,931.55275941,76735.12004098,0,39.89550263,9.0178224,0,0,0,0,0,0,0,0,0,0,3.97823915,376.04111449,7.55465406,0,0.44203181,0.10344436,740559.02601896,239355.91155042,181768.37282585,29839.23961826,27305.44904127,29179.91881464,39828.46160421,115.76701418,1264.02269032,920.63880524,5.11573691,10.75924166,0,0,0,0.4341425,0.30484907,0.30636072,0,0,9.56304834,1.77063066,0,0,1.05480451,0.9865869,0,0.1423678,0.0233694,0.41875758,27.07516873,3.18073695,6090.88376502,0.63401751,0,91872.78024671,173.42816795,6.33924996,102.49738045,31.9968287,2667.30492226,0,5719.25534051,101934.61025478,1128.7281069,0,0,189.94450848,0.18282885,0.58172837,79.47426226,0.73132284,78.24065236,44.50275192,19.91159093,17.79911795,0.34509244,0.40192163,0.07343308,68.82960801,62.79833881,1135.52600575,60.25450383,24.94611922,68.17250497,28.78261003,0.28074482,0.80748404,1.33270438,0.51669313,0.72823938,52057.5220444,1.63827094,1.51516032,0.63330284,0.19808772,15.52003944,0.15182691,0,96.17335301,13687.22107205,0,7.22896553,0,0,251.27301312,2.57829189,24.23811996,41784.05285235,0.31767268,0,10.88773464,49.81123909,21.46690632,0,0,0,0,0.44427267,0.50225994,0.56723242,0,67.92380664,8.9842859,0,0,10.27490866,2.03475418,0.32033637,0,0.20666283,0,21.56089214,2588.77058668,32118.81051178,0,2.22054821,0,0,0,182.47917479,11.75536845,6503.41461664,599.46480433
"GMBC_022_E2",1.97819904,0.62651954,0.08377524,31.25765017,0,0.14889163,0.00306681,0.0769241,0,0.4808479,1.63522599,2.59610183,1.10507465,0.27146413,2.72959111,0.44173282,9.46190032,0,0,0,0.30609585,1.41931399,0.90687358,0,0.07090347,0.0288542,0,0,0,505.76759882,23.22149138,0,525.44011159,0,0.43298928,3.91214709,126.76620016,0,0,5.52708596,222.53417366,0.66908134,16.52944652,12.26743916,0.99462279,0.56849366,1.20808566,0.10829381,13.41491083,7.33288592,0.08814994,0.00872135,0.14460484,0,17.64093336,0.25469463,0.05255161,0,0,0.02981073,0.01126167,0.02006661,0.12112821,7.1497591,16.88493621,0.08385596,36.55309528,0.10958056,27.67928886,0,0,0,633346.82409857,3948.82650945,8.71945396,0,0.01393261,0,0,0,0.7591644,65.72661681,0,459.98139613,1512.10407903,0,0,4.68308429,1089.86294184,1.09995349,10.19987196,423.71526057,65.33653551,3433.76043716,7097.95479497,0.35739139,15.09656006,5.72218883,0,0,0,0,0,0,0,0,0,0,27.61318712,604.75032697,5.22193219,0,0.28111805,0.04152478,3850601.74411138,681388.33364386,964753.85479539,52090.68018394,30274.62645862,35691.80869071,128874.81923922,177.57059305,195811.14276846,3173.19843595,9.78595979,34.50245605,0,0,0,0.88753971,0,0.58956449,0,0,1.02654853,0.01485511,0,0,0.22336217,0.54689502,0,0.4496894,0,0,151.25824771,0.25433171,11381.63555452,0,0,26067.09805985,537.22052627,0.33125479,227.81992811,27.85207199,11116.20604929,0,6140.61586693,40611.33673531,1565.06622514,0,0,1.98247359,0.25478404,0.58790744,167.40609979,0.83997157,111.60483432,65.40343162,88.38116582,39.70237678,0.48414172,0.82949722,0.15335826,222.10848994,96.11675604,2525.02859305,216.15548236,105.88077425,209.78427867,46.20651545,1.5134883,0.674005,1.30564052,0.82097459,0.83507035,18534.4328645,4.73246372,0.71778118,2.11020291,0.09537795,112.95153378,0.10693156,0,1.96913156,9506.95765459,0,5.7923361,0,0,185.11047469,0.045959,12.6530182,20546.7177108,6.27803784,0,0,12.65275505,0,0,0,0,0,0,0.28651735,0.11696523,0,0.36474411,0,0,0,0.07394907,0,0,0,0.05629106,0,4.21577056,993.38302872,13895.71753782,0,0.77582397,0,0,0,1.00022453,0.13267407,7513.32891227,607.13858403
"GMBC_023_E2",3.58734918,0.26505954,0.24207117,14.41548389,0,0,0,0,0,0.26590884,1.91700154,34.7506119,0.92844755,4.77566755,40.85779099,0.04929822,1.93164583,0,0,0.10024343,0.20721771,0.09500227,0.47452953,0,0.0247629,0.00892436,0,0,0.074511,257.90507403,16.13108335,0.29370312,570.10072257,0,0.46327263,5.31433022,41.99110373,0,0,0.53511943,144.7157169,0.45434755,1.89185697,1.79529064,0.26561698,0.18460648,0.41643876,0.1150859,1.29218596,0.30793696,0.05344898,0.00517166,0.08278937,0,9.16259887,0.06612006,0.00871524,0,0,0.01871551,0.01084752,0.0151797,0.1124579,1.19999268,3.77507407,0.0839812,3.81103493,0.01783412,2.75277444,0,0,0,96754.550012,2586.83797879,2.31628128,0,0.05706484,4.08716646,0,0.36674451,0.81027059,10.74969947,0,364.10910457,912.13284748,0,0,0.88948355,289.30020049,0.50087882,10.03904165,488.43797124,15.54071914,289.7819076,305358.96575331,0.52569076,9.81448241,0.17746357,0,0,0,0,0,0,0,0,0,0,36.97225306,344.84815359,2.16073948,0,0.03137641,0.01735611,559755.50437881,189888.41323279,170574.60996359,34944.76294043,25593.82917886,30804.20887084,32893.19902462,11.93329153,13864.60787933,317.39513177,3.41295168,18.14367258,0,0,0,0.30476086,0,0.38748885,0,0,1.6999572,0.00297378,0,0,0.33641318,0.06184095,0,0.03853035,0,0.07392097,46.51489629,0.16279708,3316.94312241,0,0,25782.59762501,321.41686395,0.03203352,11.37905566,12.06318758,11401.78096511,0,4638.59786483,34392.60718234,792.90227802,0,0,0.44829179,1.28398286,2.47491148,311.43287193,3.2653459,63.35635573,195.85291482,337.35871201,126.16837144,0.48526545,0.17689597,0.05578167,79.53869762,51.79153312,860.88211912,27.09306926,85.68167466,323.55791236,157.92012594,0.57789747,1.23315393,2.54309378,1.70723462,0.45726426,9513.41816943,0.68305941,0.93522134,0.17321067,0,16.58959624,0,0,0.56290175,6093.1634023,0,4.47763769,0,0,76.67402301,0,11.93780328,13577.28225563,7.05713514,0,0,44.68171225,0,0,0,0,0,0,0.16335925,0.24439838,0,0.18211315,0,0,0,0.01894978,0,0,0,0.02098518,0,11.26914653,518.54295665,9436.75108381,0,0.45975048,0,0,0,0.47160455,0.02921037,8029.42324697,97.7984269
"GMBC_024_E2",0.3007856,0.09672692,0.05940376,3.06826614,0,0.01384023,0,0,0,0.22673055,0.4531933,4.55625065,0.1704557,0.18786684,7.28076779,0.08748825,0.0526955,0,0,0.07401206,0.15477493,0.07843764,0.27232131,0,0.01290923,0.04933876,0,0,0.02011667,65.46851995,11.66763116,0.07596273,129.54859224,0,0,0.79477077,33.25579252,0,0,1.0884624,39.51916775,0.21431147,2.69910676,9.78936311,0.24344581,0.02456652,0.48149926,0.02746257,1.81147923,0.91692591,0.01586763,0.01133536,0.10199797,0,10.62557745,0.05423306,0.01549537,0,0,0.02178892,0.00613132,0.01268811,0.02931958,0.40212699,0.71463229,0.02849062,1.93647927,0.02272282,2.69644838,0,0,0,11986.07843643,889.78105286,1.99086195,0,0.0092331,0.70007414,0,0.03809002,0.26739639,5.25479731,0,243.79866446,89.91560837,0,0,0.38726055,96.17302397,0.985842,0.24290089,40.48812847,5.72058682,33.01291696,51776.67482666,0.13440026,0.78491827,0.93395214,0,0,0,0,0,0,0,0,0,0,5.32354522,246.33590413,1.5862803,0,0.04716516,0.01689441,577427.77796015,103377.58402368,52207.01991124,14824.99033286,10827.40967825,13751.51266131,18317.14850706,23.85552802,13693.57413826,124.87392595,3.63911658,16.91705885,0,0,0,1.30380972,0,0.82838594,0,0,0.9795248,0.04562405,0,0,0.07091168,0.25390815,0,0.08681525,0,0.04062879,18.08965896,0.06662632,5967.84132014,0,0,8690.00956522,98.42776517,0.09868283,8.96914406,12.13375638,7094.98515259,0,864.83998035,11666.63927625,434.27297436,0,0,0.43696591,1.59680848,4.7926757,59.83802364,0.54933313,70.46031398,135.02779609,14.48675705,22.56754211,0.87950824,0.15503303,0,19.36769762,63.91667148,221.10830206,9.63844454,140.2876262,21.81220128,38.80842964,0.74899031,0.27700557,0.47685374,0.26126805,0.15781167,4497.58139198,0.52555288,0.01842648,0.43381101,0,5.98619916,0.20250149,0,0.23667351,2689.39452622,0,1.50173955,0,0,74.96278213,0,2.66851291,6911.50155325,0,0,8.20656797,4.85952066,0,0,0,0,0,0,0.25629493,0.1561026,0,0.1336623,0,0,0,0,0,0,0,0.040777,0,0.10529359,166.24873174,3467.75817065,0,0.13484909,0,0,0,0,0.01578518,2541.64000655,10.09152154
"GMBC_025_E2",0.52099348,0.37039543,0.91817728,84.18903152,0,0.13427791,0,0.11224734,0,0,1.47181654,0.07545622,0.04947823,0,1.36644109,0.05681753,0,0,0,0,0.44330819,0.07095311,4.66712158,0,0.01155431,0.01885372,0,0,0,1.30613341,24.89522185,1.10356066,1114.23536792,0,0,3.12068831,8.93854293,0,0.27263446,45.17108145,159.6004642,0.27601519,2.55811501,20.06854194,0.67685503,1.39848836,1.42011881,0.15474245,0.81074877,0.35467354,0.07749898,0,0.22743662,0.09164055,19.81682629,0.15171048,0.00622305,0,0.03942733,0.03919378,0.01344598,0.03444103,0.39262504,4.63621654,17.76788794,0.07156306,12.74246047,0.11894694,38.83174178,0,0,17.95097548,264101.80494288,3764.76639982,18.17088863,34.52065096,0.02319152,0,0,0.07505408,2.09061882,5.7724682,0.29842137,959.92957931,2613.67767149,0,0,249.55174105,419.18941148,1.96031972,2.90456547,38.91829654,2.00922952,457.60974991,402165.67005498,0.41550091,12.24785772,2.2477624,0,0,0,0,0,0,0,0,0,0,50.15203596,223.30212621,1.36696652,0,0.30926498,0.07690305,1189571.17051909,467868.83227933,327919.31348987,42742.81838205,30442.04533869,36383.18967914,41854.95673803,37.87072931,842.08591166,77.28459114,5.61347818,19.81369387,0,0,0,0.60636979,0.08721926,0.38939111,0,0,3.52559389,0.13344808,0,0,0.7874212,0.09391094,0,0.32020697,0.06887859,6.44224771,47.03516644,0.70544713,12111.54343829,0,0,66670.8210124,769.49706173,0.63781659,12.10302495,31.89997267,6103.54727131,0,5934.87185414,83086.95734856,1568.10008662,0,0,313.99312645,1.65131975,2.88520308,621.10924221,3.27818236,144.58014574,239.02365386,258.07990496,83.66550522,21.27471667,0.62313046,0.39879206,205.29547662,115.36245952,3278.43377356,137.23084707,103.66460638,199.34328553,114.95958848,10.98275901,9.37718763,9.6043763,3.22222384,0.18515402,32871.84623019,7.60963423,2.05841633,0.27570136,0.16220799,25.71556537,0.99805455,0,7.26064075,16332.88366179,0,0.5966408,0,0,341.51160715,0,13.23245568,43347.48382035,10.86652918,0,18.9560484,27.126382,0,0,0,0,0,0,0.26494371,0.08322429,0,0.27590905,0,0,0,0.15120599,0,0,0,0.08185892,0,18.60212308,1613.27981183,27217.51628973,0,78.61372974,25.43263257,0,0,2.98710793,102.03933517,16648.87786882,214.74871106
"GMBC_026_E2",2.67232503,0.36566925,0.24954494,5.52112899,0,0.07653238,0,0,0,6.94196348,6.33969373,3.93091309,0,0.36265803,61.17319824,0.20571689,0.28505283,0,0,0.12262731,0.24579674,0.3716539,0.5418338,0,0.00826245,0.2033309,0,0,0.05213128,248.46341341,25.48701184,0.17819808,808.34622966,0,0,3.15178368,95.55333275,0,0,1.30184188,82.42515011,0.26871441,10.07304969,7.71400925,0.23081492,0.1125023,0.76486246,0.06746937,2.05893862,0.94605401,0.01334835,0.02765319,0.10191184,0,11.47089285,0.05817327,0.01221133,0,0.02551752,0.02069059,0.00534322,0.01020677,0.02322793,0.5576716,1.08503544,0.02823063,2.10356373,0.07050224,0.9393588,0,0,0,342266.24464553,3117.87025728,5.4125703,0.28244017,0.57774045,0,0,0.68695499,0.91653979,1.23450406,0,641.57712768,362.76331645,0,0,0.93712953,822.98166513,1.02167419,5.82813867,7.81883293,1.6522771,2250.61618426,87789.06918943,0.25391593,3.26750656,6.39018234,0,0,0,0,0,0,0,0,0,0,11.44031786,313.20738736,1.68955754,0,0.07743866,0,1088268.07342618,199536.09578501,73159.22331538,52236.26299212,39702.32804948,49893.77570462,28856.9679163,8.51833074,5616.89050023,198.59690836,3.07867083,28.20036992,0,0,0,0.28532202,0,0.18780899,0,0,0.92239879,0,0,0,0.09703769,0.06098951,0,0,0,0.17998137,54.01206282,0.12488194,6158.36190535,0,0,29371.81898499,183.62202446,0.09112524,145.95864088,14.25306747,10458.86147776,0,3469.07356431,34715.29389754,671.64965959,0,0,0.9226355,0.13098207,0.28339718,62.42523871,0.74523287,91.01265447,42.62836266,20.89674981,40.87183659,0.21674641,0.14688077,0.03103098,45.64729773,65.40998005,692.15278932,46.95209151,35.20454248,110.59239978,25.91809005,0.32290278,1.52000995,2.05344219,1.057025,0.36846562,13491.05248794,0.59713949,0.11298902,0.33626402,0.30146074,2.89755337,0.58419501,0,2.58922751,7336.40256822,0,0.21405418,0,0,187.29332672,0,21.52489791,13087.69002001,3.50965861,0,0,19.1619301,0,0,0,0,0,0,0.09598655,0.06421405,0,0.0735948,0,0,0,0,0,0,0,0.01805605,0,0.27472742,684.09083545,10458.02757143,0,0.72130425,0,0,0,0,0.29731166,4605.16754093,240.03093056
"GMBC_027_E2",6.68432719,0.14540874,0.31600324,9.31888482,0,0.65641707,0,0,0,0.75895194,4.08584625,97.30271383,2.5318233,12.38130364,123.62962679,2.2460609,0,0,0,0,0.46193831,0.27166818,4.31248683,0,0.14626512,0.04113537,0,0,0.23061493,335.01751396,45.98738139,0.38418312,720.28699445,0,0.6187631,3.02669732,60.73003941,0,0,12.39605737,795.77390066,0.8275539,11.01247159,17.72582938,0.64244301,0.25923552,1.03281259,0.14979822,1.89216366,0.51164348,0.0596078,0.03091637,0.1423171,0,17.2359807,0.15595542,0.03179168,0,0.07114785,0.02932057,0.01076272,0.01863638,0.06713027,0.64221794,1.18409635,0.04480662,1.9582899,0.10498085,50.89350456,0,0,0.03364825,179308.90993793,2256.82885732,52.46435669,0,0.08456824,1.81391527,0.0649881,1.44374843,0.37856394,1.60956012,0,938.53316679,442.11141324,0,0,0.22570749,506.9431364,1.75085415,51.20922466,13.7041097,32.09586587,492.96759506,643534.40435665,1.00922105,4.88655918,25.19304548,0,0,0,0,0,0,0,0,0,0,9.41776393,517.13459124,1.75282393,0,1.28714404,0.21064579,3119395.51125817,486767.44760781,388033.35064129,97759.80685181,70688.75992456,80340.03196643,77060.28890549,59.94367995,42471.07036476,910.22630466,6.85551484,62.63084801,0,0.02868866,0,3.21597175,0,3.55946291,0,0,3.13554624,0,0,0,0.50807945,0.78858464,0,0.27742977,0,0.16012211,47.22738863,4.18797601,18174.18676899,0,0,52773.67520496,554.77307374,0.07121282,255.73874803,21.77926182,16401.49160454,0,5405.63620107,66938.09085781,1049.71363615,0,0,0.75034494,14.91199238,51.46616922,1898.7330613,20.34650531,98.26511026,290.2378577,240.96456288,720.12443211,4.30573987,0.93078603,0.28422461,68.14311084,94.17527961,901.84744444,67.24336542,220.11683424,243.8013791,422.04525191,1.47871645,3.56506387,10.97059262,3.78804143,1.23515344,18348.92418034,1.94162626,1.43798264,0.16202744,0.27350646,4.28411144,0.0669706,0,16.9837679,12230.81444349,0,3.45246253,0,0,360.11828541,0,17.46385861,39067.25587785,0,0,0,8.19729499,18.7853299,0,0,0,0,0,0.99128431,0.6980247,0,0.62907523,0,0,0,0.11911953,0,0,0,0.06723641,0,3.15969996,1045.03899075,21954.72540789,0,2.62118272,0,0,0,0,0.10140937,9430.85763561,171.79389501
"GMBC_028_E2",26.84539225,3.18335624,0.8150616,1.94816595,0,0.53301208,0,0,0,1.2199673,15.95808879,1.20577024,0.25736699,0.33988099,1.20377177,0.241221,10.27999151,0.03883739,0,0,0.60954442,0.428237,7.58290987,0,0.05397374,0,0,0,0.0498127,201.46639037,6.00207792,0.81385928,387.24960416,0,0.33278295,2.66630571,7.89483128,0,0,27.51722446,20378.8771621,0.49118991,18.93586442,14.16303972,1.40066094,1.20186486,1.38845998,0.31705112,3.15024752,2.38530097,0.19125131,0.00570756,0.21950857,0,22.29906478,0.4277512,0.04297055,0,0.06855054,0.03321825,0.01746479,0.03362366,0.07196101,5.14119752,8.75157285,0.08623494,43.60295766,0.12132133,49.21480741,0,0,0.82772388,454606.61226127,1615.70953451,46.30419809,0,0.11414654,0.48844615,0.27591073,0.78321871,0.55124731,1.56888596,1.26259872,761.90322016,243.37701313,0,0,0.28301832,909.81067609,2.54343575,232.58263869,674.38577496,20.7040483,1508.38596639,129437.43463331,1.87559273,9.97610934,30.51833461,0,0,0,0,0,0,0,0,0,0,8.50708112,409.97473366,2.79142505,0.02283421,0.75938152,0.16896374,5356567.5978836,1476344.65065627,1254498.25770952,67630.40005083,35211.4914005,45522.48998192,159377.59404841,209.01663934,67256.25755542,842.63029551,2.86771256,16.18124818,0,0.13872358,0,17.73697738,0.20276311,27.88184477,0,0,8.85721467,0.19656731,0,0,0.36483861,3.90960315,0,0.24650517,0,0.59207587,27.01801016,9.82392355,26876.02581117,0,0,129031.08724716,142.45385479,0.87807074,343.44822117,46.13642759,8163.20526738,0,1692.08052712,159938.25430717,611.78966498,0,0,1.40272692,4.16080147,3.56854286,1129.52905078,23.34908543,143.77226488,710.35369821,1612.07387762,349.80083321,4.0637749,1.55796397,0.13051953,89.59859078,132.45779865,1347.65886671,56.44536242,234.20366322,764.37063562,273.59802594,1.95916772,2.5982517,4.77262923,2.32150882,0.87399681,72174.7055721,9.28899932,0.76790627,0,0,2.73790513,0,0,3.6579548,26450.54495727,0,1.94421318,0,0,451.98409683,0.1427043,163.90564945,65495.25614797,0.8922491,0,0,23.42708938,0,0,0,0,0,0,12.64715731,11.63286642,0,6.60174523,0,0,0,1.12876567,0.70893201,0,0,0.12206648,0,2.85476449,2246.23496842,65034.48603148,0,1.28149041,0,0,0,10.19188614,0.08556808,6705.59673033,467.15160046
"GMBC_029_E2",2.24250745,0.08182187,0.03947816,9.17800955,0,0.03573118,0.00632051,0.018316,0,0.08923972,2.02197632,2.20339647,0,0.52047476,4.6209335,0.02999085,0.89856884,0,0,0,0.37047554,0.23173071,1.70036507,0,0.02071358,0.10420282,0,0,0.02404833,192.15149768,7.81091756,0.05649666,389.00491691,0,0.05956425,1.34644492,21.36550971,0,0,3.006608,175.45420738,0,0,5.11355538,0.16079567,0.08176173,0.54088145,0.06149233,0.87911883,0.09535793,0.05401009,0.00897056,0.1111122,0,12.64132632,0.10249432,0.01122705,0,0.00705021,0.02738128,0.00621487,0.01104063,0.0363234,0.25070189,0.7461799,0.03480087,1.99194892,0.03772182,1.6399801,0,0,0,102771.62996542,1739.4406687,2.09380808,0,0,0.68546264,0,0,0.1637662,1.06714721,0.07139207,285.00572442,231.05559809,0,0,0.10022033,276.2558227,2.58078445,4.37616861,19.35476502,3.34795967,1026.70177221,94300.32581723,0,0.46039603,2.84844883,0,0,0,0,0,0,0,0,0,0,6.9097461,339.4723331,1.77520974,0.12483052,0.08981564,0,806072.33201362,133623.58329843,79117.22660882,14052.75318527,8774.32073317,12532.6985075,20788.6645437,37.10798395,13188.54490231,402.46834003,2.09174254,8.83912013,0,0,0,0.47182798,0,0.86108691,0,0,1.25726973,0.00528059,0,0,0.08889495,0.1197495,0,0.02988699,0,0.09560826,18.46917997,0.41846199,3684.24371458,0,0,12397.31961903,138.26983866,0,17.31423402,9.06292887,1655.70878681,0,901.40763301,16931.17355214,434.96737879,0,0,0.34725991,0.33441729,1.03868684,85.94138436,2.61515664,68.9487342,48.99371751,93.78188644,54.34149407,0.28724049,0.11827493,0,11.63685531,75.06128949,137.63679374,12.64353717,10.35970638,45.54814475,17.40301638,0.16971865,0.76010764,0.53686589,0.4439667,0.64085245,5383.41441125,0.18789216,0,0.61385719,0,2.43563006,0.13577334,0,0.1794829,3403.79508953,0,6.14601598,0,0,34.9462285,0.00578095,20.33228439,7228.73140466,9.30564585,0,10.50182689,5.68229743,0,0,0,0,0,0,0.533825,0.32828386,0,0.55212525,0,0,0,0,0,0,0,0.01659172,0,1.57739712,94.49853542,3763.75999644,0,0.21265651,0,0,0,0.2306679,0.00739668,3437.21897653,143.45418043
"GMBC_030_E2",1.92013805,0.46395652,0.24487072,198.76421832,0,0.07612527,0,0.06635655,0,0.56908421,5.95377257,59.93998907,0.54799489,8.92847834,59.6745139,0.67419008,1.34208914,0,0,0,0.08721503,0.42681364,1.60263511,0,0,0.28641195,0,0,0.02263341,431.45059787,57.69502536,0.33642447,1300.4981101,0,0.21122931,14.67159901,21.28946082,0,0.0399029,8.50924449,82.01804804,1.19328187,0,9.01153108,0.68708918,0.13955334,0.51689219,0.04958362,2.79892139,1.18967634,0.02924802,0.02267745,0.09967959,0,11.18293461,0.12547317,0.0130231,0,0.08838598,0.0146771,0.0075374,0.01571935,0.06468631,0.72753198,4.24733746,0.07961791,6.69688541,0.03460514,21.81857307,0,0,0,56446.35836512,2337.84623794,9.18730106,0,0,5.15429623,0,0,0.58847898,0.82978496,0,380.24770031,6103.52400181,0,0,0.21589648,605.81986828,2.76715944,10.47135314,28.00170024,0.24763646,307.73633452,484319.31922228,0.15021469,2.58536978,8.78423081,0,0,0,0,0,0,0,0,0,0,3.07561985,259.62567824,0.55543103,0,1.60890371,0,1407529.75136643,480850.36230991,494016.3770775,68220.54173769,49808.58721889,62462.18830451,82064.74656976,75.18028665,70205.42744968,998.54069633,0.82307353,7.18051435,0,0,0,0.33912926,0,0.23689258,0,0,1.69377968,0.01624266,0,0,0.09493345,0.01237055,0,0.0510497,0,0.54022028,103.26574105,2.08575442,7768.97824512,0,0,11950.97868257,447.85566641,0.19029526,4.76567097,11.14103899,6585.11335533,0,4843.19317705,18670.53665335,1192.49834673,0,0,0.38480123,0.37182964,1.31035553,113.90660174,1.50117774,68.62963166,79.59841354,136.82938637,131.51653967,0.94229446,0.56743449,0.12881656,30.96563148,60.35689873,715.76771918,33.59781792,38.71075187,139.41811024,162.56050081,0.43661255,1.92604614,4.20448254,2.27006387,1.52118673,7249.66361596,22.12225065,2.03881513,0.90132586,0.32043651,0.54957959,0.34725585,0,0.39054621,4218.31486371,0,1.25704167,0,0,52.95671779,0,7.21954274,4529.61420618,14.60523298,0,0,62.34707582,30.85011431,0,0,0,0,0,0.12744566,0.09665604,0,0.22983868,0,0,0,0,0,0,0,0.04327771,0,30.16015127,308.13404744,5997.22114992,0,15.67615544,6.67111051,0,0,0.7950884,0.01554336,15391.24111602,161.08547608
"GMBC_031_E2",0.66963367,0.51383795,0.91828949,103.02657211,0,1.30131602,0.04285451,0.83308189,0,0.7071983,3.07405792,24.74392282,0.62069353,2.47782166,77.24735926,1.88788334,1.88374608,0.00521403,0,0.61037664,0.47689009,2.59017208,41.00909549,0,0,0.10853427,0,0,0,1116.85478783,3.98102375,1.11783563,209.26130755,0,1.28479816,18.36811191,7.20908099,0,1.23070692,65.13695494,360.78465494,1.00026423,42.12395102,6.41880345,2.05088517,2.44625337,1.31195662,0.66314734,6.74741806,3.70575724,0.38505173,0.10605633,0.1695943,0,18.87937084,0.2197052,0.00486584,0,0.19647938,0.0268256,0.00882447,0.01387715,0.18863844,14.11960127,28.31550024,0.27515473,51.29728765,0.0590637,114.28019148,0,0,23.19125374,918807.22152545,5280.95731822,113.02383042,24.13551945,0.24608589,0,0,0.6217729,0.48060084,1.33167773,0,50.073518,2487.77727068,0,0,301.64911369,2618.10104818,1.75729872,10.34477676,1482.7782351,1.9067509,3180.05972879,12732.34567451,0.27125611,13.75833176,10.03854197,0,0,0,0,0,0,0,0,0,0,87.69451368,561.82864194,4.61035061,0,0.82352316,0.45446229,4896373.7169788,2036367.88600352,1533484.96291658,124386.77439761,84803.48496147,137995.65394741,197230.10227129,13.52675667,3557.43050052,6975.89987393,2.98719012,29.87692233,0,0,0,2.39882177,0,1.45211603,0,0,3.21633449,0.13917327,0,0,0.27787328,1.68053873,0,1.38391284,0.03812372,3.13406067,24.65919379,6.79587976,15508.57664718,0,0,50583.66456197,380.96920467,15.76816227,39.04381797,46.87724018,7158.16107962,0,5798.16077697,82645.68282821,2654.20112493,0,0,57.3399601,5.17560687,5.18138586,1316.33058692,15.29877298,120.35790863,799.76285728,144.27896114,54.54521775,3.20740479,5.13662502,0.29535328,215.90095753,103.12081883,3188.17590751,132.36134569,314.77234893,377.28189054,66.44017888,2.66799305,21.12377257,50.57887281,2.55682326,1.76789965,42339.61932095,6.85035559,4.10627572,0.3708311,0.17680041,1.52024283,1.27565812,0,13.31824612,20921.51950484,0,2.27787813,0,0,459.86413081,0.58666295,10.76100961,13542.02150344,32.67194135,0,0,182.85222619,23.80578014,0,0,0,0,0,0.45811577,0.28754815,0,0.32683225,0,0,0,0.42865035,0,0,0,0.11489267,0,23.97277225,1414.11455961,43786.2238195,0,118.65125432,186.61303848,0,0,410.5865554,137.5545498,11178.63625017,1825.10393621
"GMBC_032_E2",3.90351826,1.4383003,0,10.4148295,0,0.11018699,0,0.10344859,0,0.38176674,5.62069763,10.96327875,0.14588217,0.7899206,54.18568689,0.06861867,0,0,0,0,0.54246553,0.47924551,1.93096127,0.61749783,0.00483011,0.04882768,0,0,0.09083176,951.76111681,11.55544892,0,218.97569669,0,1.81332861,1.64399112,32.09868616,0,0.74802943,2.29446014,164.24765658,0.46188242,21.86163163,42.30429843,0.57869624,0.18028239,2.04292131,0.15689698,7.79550026,6.01555957,0.08117468,0,0.19715922,0,20.62428181,0.09444579,0.0073454,0,0,0.0316439,0.01033983,0.01085672,0.0319325,1.32443449,2.80892633,0.03398131,6.63802733,0.0414508,2.75155922,0,0,34.92013665,783381.35084151,4611.63018555,1.58786643,64.81718702,0.14214201,0,0.22150626,0,0.47513797,0.52734755,0,964.80619552,134.98919503,0,0,383.09049564,2000.29216298,3.53641494,64.73327047,359.41543981,0.82552877,2157.40115642,226669.41854496,0.57808091,2.34015246,17.27904543,0,0,0,0,0,0,0,0,0,0,4.80616003,288.05629778,2.5608332,0,0.39977566,0.04540209,2256549.37368063,672650.87660031,57851.97375408,58058.14354589,36606.49300028,45768.90643553,40583.04202615,24.06192294,2955.43655391,260.44448908,2.4972168,8.44596661,0,0,0,0.69801125,0,0.5783986,0,0,0.81350881,0.10658543,0,0,0.11356344,0.08367331,0,0.38877228,0,0,16.25823996,14.53530887,21398.55572965,0,0,50419.08185607,118.35132448,0.20122538,16.99991926,32.64085661,6214.90903613,0,6007.70713613,63105.18751443,536.52191152,0,0,1.14580813,0.15228652,0.32793249,55.48676213,0.54265592,145.7094021,19.69071368,6.34810804,3.75368348,0.34870205,0.44265334,0,52.55840422,118.80783511,767.17906692,57.33236003,26.55975111,86.22087111,20.36306736,0.27937124,2.78192687,2.73171253,0.42008787,0.6346243,24110.10242869,0.61574842,0.43954175,0.87092966,0,0.92875404,0.39171219,0,5.27347175,13603.78751545,0,1.28378972,0,0,580.12494634,0,112.35448545,33704.4271999,1.94997146,0,0,61.92881123,0,0,0,0,0,0,0.21671833,0.08273302,0,0.09984255,0,0,0,0,0,0,0,0.04224707,0,1.167131,912.38112686,20424.67695524,0,5.07888858,3.31089146,0,0,9.08469153,16.43851319,10771.06648497,1097.82665178
"GMBC_033_E2",0.52796384,0.32539491,0.03462328,12.65701975,0,0,0,0,0,0.29479773,1.35006408,50.1646429,2.21873589,5.49172905,29.38809132,0.12759687,4.29180486,0,0,0.56083534,0.13784057,0.2720641,0.67643573,0,0.0201473,0,0,0,0.04541312,121.51648692,103.88632608,0,238.9076204,0,0,1.16201899,70.27708862,0,0,2.11486726,108.23081501,0.35012956,5.02708476,14.2903973,0.18345971,0.04609297,0.51173371,0.05000945,2.68178545,0.71321902,0.03309828,0.01404115,0.08485456,0.04468372,9.23162939,0.05620226,0.00423978,0,0.03847067,0.01537077,0.00493738,0.00807709,0.0238136,0.28769047,0.46824938,0.02112952,0.77154842,0.03937747,2.68719164,0,0,0.0792238,20093.48365022,1204.76703286,1.68266951,0.23832148,0,0,0.64786946,1.22972103,0.18172725,0.27967648,0,274.78225695,270.64661991,0,0,1.13763815,100.42622873,0.89505334,0.90962937,40.88575397,0.32967327,85.6794001,180668.34568131,0.13768615,0.21783576,1.736502,0,0,0,0,0,0,0,0,0,0,4.60224484,189.47543693,0.87352364,0,0.05398644,0,798536.35561694,106568.7148909,59298.61867495,33450.78169476,28309.82160011,35405.38721464,27253.4211145,43.01643751,1387.98882317,180.57117905,0.82949801,28.5388558,0,0,0,0.08939117,0,0.12599743,0,0,0.13010317,0,0,0,0.10888066,0,0,0.01343392,0,0,23.60586219,0.44522048,2132.48299762,0,0,11810.69470421,260.792453,0.02057473,7.27850257,9.52063787,15084.52989221,0,2614.04769773,14601.39189777,595.82583289,0,0,0.2816313,0.12020279,0.2593145,31.13996753,0.29727661,62.74690335,18.2491423,10.76243361,9.90661794,0.21758049,0.18840934,0.00831282,15.64977231,52.33687329,130.60387824,17.41453188,21.14764408,42.47687093,16.9889825,0.19990182,1.63156858,6.51018618,1.03352983,2.01388326,4674.72740345,0.33540947,0,0.26942509,0,0.54711142,0,0,5.85341766,2957.00745587,0,0.59005591,0,0,75.64099389,0,5.03852572,5406.97857769,0,0,8.34363681,10.26727504,0,0,0,0,0,0,0.142842,0.12040918,0,0.02512243,0,0,0,0,0,0,0,0.03589163,0,0.70040818,188.11509652,3749.92108149,0,0.43332793,0,0,0,0.29498027,0.17453381,3844.04247214,62.90030249
"GMBC_034_E2",18.42833331,0.43607796,0.38778344,11.70398861,0,3.41447342,0.30547509,0.52966681,0,20.68273558,13.49005736,1.33127326,0.56287715,0.27225221,18.26906545,1.59888342,7.29988802,0,0,0,0.33936421,0.19710307,1.45355192,0,0.00993478,0,0,0,0.21946429,427.54781317,40.27817925,0.36238773,858.56362415,0,0.48721628,4.22940671,33.85315095,0,0,13.2867288,272.42243207,0.58997821,3.95017564,22.75051063,0.81234985,0.47786358,0.54518578,0.23881414,2.06606183,0.43892596,0.10719789,0,0.12428782,0,12.20783416,0.15666102,0.04261442,0,0,0.02421194,0.00619606,0.01016732,0.03354661,0.15845132,0.35800603,0.0202449,0.59928585,0.00854307,27.10724653,0,0,0.03783101,137918.63080894,3131.21932445,4.8227156,0.16070957,0.19219862,0,0.04150856,5.62251843,0.65348509,0.79988123,0.11592799,774.56142702,444.85939236,0,0,0.61143642,524.89612475,1.33878852,2.16398679,32.04407319,2.72732711,431.17180901,466305.91082201,0.36856449,3.16394699,153.33165843,0,0,0,0,0,0,0,0,0,0,10.6029439,382.10904895,1.79963099,0,1.257693,0.99747719,2349890.22695288,517474.32660045,459568.97510956,84604.20919978,64429.12013931,81769.33815395,75429.49621973,55.99044777,48127.81311831,490.80862755,1.20951429,20.98395588,0,0,0,2.00839462,0.06796074,1.08247883,0,0,1.19242203,0.02176999,0,0,0.25262498,1.70097441,0,0.820136,0.02505332,0.35358126,58.21221826,0.11144047,13089.61843262,0,0,47824.50119314,211.55991325,0.30845365,15.61617887,22.63097157,26043.4668829,0,5212.72010693,57495.72031171,746.43671746,0,0,1.40069678,1.12042975,1.53252244,403.67678505,2.00917547,85.15301541,200.2869058,89.67776552,64.76152569,0.60718905,0.36588184,0.04615392,70.31318443,75.2181896,843.64108747,76.17465857,73.7624512,87.46300707,76.31363912,0.41384608,7.12441991,3.04201384,2.04612501,3.88694407,20675.66108167,1.28465541,0.44528972,0.31193358,0.284675,0.62077361,0.26391712,0,7.37398881,10499.99065041,0,0.55640843,0,0,200.92097196,0,936.48114295,32057.08767058,0,0,0,17.07023093,127.16614906,0,0,0,0,0,0.84253629,0.13253269,0,0.14643787,0,0,0,0.09321248,0,0,0,0.21877053,0,0.5572227,613.34418473,15968.03065245,0,1.15769323,6.28756277,0,0,2.13824862,0.22603367,8342.56704537,163.18691557
"GMBC_035_E2",0.82079694,0.2395372,67.3198492,141.56825392,0,0.51401857,0.07581335,0.39892762,0,1.5318303,2.07716243,0.65658544,1.10291248,0.68273991,7.95323989,0.42688306,12.09909966,0,0,0,0.47426813,2.28456037,844.35841257,0,0.07958406,0.06111491,0,0,0.49075362,1008.48368501,3.02153788,83.73397332,1018.8106069,0,1.37189052,81.57184816,2.39831587,0,1.69026987,974.25331823,682.86235623,5.97288049,83.18499345,310.31924129,2.55837648,1.94785945,2.47041375,0.48360978,1.41561898,1.03570586,0.25605734,0.00530101,0.21609444,0.3287967,25.34815322,0.2342467,0.00703304,0,0.28866698,0.04680348,0.05557402,5.46363168,90.79000025,557.12503309,778.26096815,41.58348444,48.83902398,4.91436929,3794.99396358,0,0,5.04789893,734875.53460223,2357.87512294,4962.32377767,0,0,0,0.71657874,2.13094389,0.35997225,1.95570856,0,328.04206387,6024.2163139,0,0,0,1132.94570668,4.28333324,2.2113952,2054.84666017,7.36209656,6496.70420682,10584.46773976,0.59050508,10.71956888,40.73053759,0,0,0,0,0,0,0,0,0,0,40.34669041,774.28425503,0.63290031,0,1.92960333,0.24352448,4487682.26846762,1480894.59985812,650399.45650343,73852.59813897,29927.92004463,46596.80376272,94712.51039851,132.23898843,5104.16570336,59.92998524,13.13854215,12.37700321,0,3.99508484,0,87.79958797,14.25287794,124.83889425,0.61493181,0,43.21530705,1.05380031,0.13915582,0,3.44021792,14.79116766,0,18.35773809,6.59363089,23.61738254,7.79289041,34.89947619,34208.95985899,0,0,146611.84278874,733.96533083,3.61816677,51.02095508,57.98069754,12483.36708298,0,3870.66173368,170968.67810611,2849.93068239,0,0,0,6.6104964,14.76227949,2086.24495605,22.98263123,164.92234828,578.39203269,115.92408687,178.61821124,59.73990324,2.42843498,0.49847605,56.68016072,152.10085027,2144.78893847,143.2427861,104.55601269,161.90369937,200.97572066,15.10110537,5.75365394,8.241828,2.00057611,3.41557032,71439.49710492,3.0839127,6.86865724,0.19612244,0.61435491,1.7992431,2.35027046,0,54.5120881,34039.19554844,0,5.77847987,0,0,331.5815739,3.26003539,478.7666863,111894.07668632,21.73856087,0,0,61.50168235,9.57730362,0,0.21004523,0,0,0,9.94532953,7.39987621,0,10.69487034,0,0,0,4.08599494,0,0,0,3.02903375,0,79.0160708,2212.37428546,60733.85377237,0,1424.44994295,1753.53146947,0,0,71.62023215,9.94676502,7527.19539683,583.94518297
"GMBC_036_E2",3.14722642,0.31262025,3.21487048,83.51801521,0,0.03823913,0.08751044,0.08438702,0,0.42488909,2.92085196,0.84700879,0,0,0,0.60943956,2.26830068,0,0,0,0.42628644,0.53445569,9.82207252,0,0.20630947,0.44011791,0,0,0,330.35277087,8.7613543,3.48225034,839.61948639,0,2.21291361,7.980044,2.87435147,0,0.12416236,45.55473046,3976.08168295,0.45475664,11.5822451,6.06132835,0.51952406,1.28986093,1.65079595,0.14792364,1.75404537,1.00586301,0.06192865,0,0.16113297,0,19.5193073,0.25130027,0.03145172,0,0.15319603,0.03565862,0.01571439,0.12392946,2.3336369,20.39926121,41.23114226,1.38320745,7.06581751,0.25344586,284.35276601,0,0,23.18111255,110981.22316572,1581.65392207,202.20852587,25.04901314,0.55340322,0,0.10345161,0.41098261,2.94497623,32.36505674,0,100.77946924,1492.5854989,0,0,114.03409152,328.85775642,2.33639582,1.34926082,1346.64222398,7.71627575,763.51509377,290491.109257,0.75484747,9.51953201,4.19384757,0,0,0,0,0,0,0,0,0,0,7.90542158,488.25622607,0.85852836,0,0.2904153,0.2829651,3655902.66516585,1053997.11398831,1275926.09567407,42005.66456647,23694.29729645,30185.06762025,132229.8163078,89.94137762,138608.31170307,3295.25836658,4.30124383,7.94979254,0,0,0,3.3173245,0.12878073,1.63866538,0,0,6.80505574,0.39916822,0,0,0.13662826,1.68124974,0,1.51826487,0.06126718,8.33642787,28.77381356,7.67226153,19235.89821758,0,0,22985.49581417,272.78590509,16.56343426,104.24905244,23.57127679,11926.91059944,0,3080.96630921,31876.94192749,1254.02268355,0,0,48.10649301,104.5772164,22.90474686,4517.35816436,16.58777418,139.16302159,1832.70599715,2233.49771154,1829.96387081,11.59272142,2.20859855,0.99104205,306.5263466,114.69171154,8265.35439806,172.67395526,466.08788578,936.04474403,1475.55514132,6.13232484,3.19193181,0.66256034,6.07371602,0.90295232,16777.73967461,6.19665023,1.65181229,0.44435415,0.17610916,15.52954034,1.65880899,0,2.69557986,10019.48413911,0,1.28015957,0,0,232.24900198,0.0541769,44.97113759,10265.55331088,3.73383699,0,0,12.55278595,0,0,0.09249578,0,0,0,2.29514644,0.50524939,0,4.59581492,0,0,0,0.47189879,0,0,0,0.58860449,0,12.92093921,1032.42420597,15814.87772029,0,28.24862147,88.42531093,0,0,352.11636015,52.41200783,8450.65049962,100.50087767
"GMBC_037_E2",0.52706816,0.48405899,0.20583712,15.97457004,0,0.02719603,0.13454505,0.11039075,0,0.23409105,1.41459231,8.77015054,0.4390594,1.53450248,5.93787778,0.03631711,0.89529735,0,0,0,0.19185145,0.24625756,0.96238942,0,0.03700382,0.11811548,0,0,0,205.0798213,57.02948667,0.29750326,587.34189103,0,1.31282059,7.4865091,1.08711917,0,0.03113678,4.22188934,151.40311109,0.36458388,1.23346066,15.03871833,0.27455873,0.22621681,0.74019682,0.12525752,9.67756338,6.35107163,0.03319774,0.00375134,0.09755894,0,10.74262959,0.11219434,0.00568441,0,0.03465903,0.01959827,0.00436943,0.02191627,0.52085661,16.42960418,79.02561691,1.43276693,21.50403761,0.07295546,5.9089945,0,0,14.30599425,47961.05304918,398.09856743,10.13503922,34.91889412,0,0.5150364,0.06347531,0,0.59248859,3.80619253,0,392.93253325,704.93586486,0,0,374.35433598,94.1348991,0.89403175,2.33971863,724.55324513,0.39466973,580.91183131,391757.13501011,0.30302648,8.10974126,10.48032476,0,0,0,0,0,0,0,0,0,0,0.31288982,94.15029283,0.18995134,0,0.00953825,0.11237333,1117881.19070147,394271.5499962,333157.45300627,52677.55474082,48173.87293497,58262.02179642,50163.61727318,51.97489191,3284.08200715,3334.37261608,0.78664444,0.46502834,0,0,0,0.22151483,0.05616542,0.17589324,0,0,0.78105823,0.13755843,0,0,0.11408589,0.06758092,0,0.03264624,0.00469118,0.39072304,8.20837663,0.1426914,8058.54946708,0,0,33132.96666697,272.15586152,1.54014279,5.96693424,20.39214051,17712.23544323,0,4292.69563765,43036.99721265,855.68203588,0,0,4.70959711,1.0639995,0.72411924,594.83036721,3.29978297,69.60002223,314.58606029,374.83886371,88.55545122,0.41157148,0.16085143,0.00303549,18.96902584,59.30262817,659.37042866,32.31461349,83.24547403,270.42746608,122.68242275,0.22523858,0.55467955,1.46355287,0.63948583,0.12725501,11117.26506414,1.92020707,1.92359943,0.3052643,0.14987458,0.56155573,0.54289853,0,0.04782102,9251.29307467,0,0.23703752,0,0,1091.13536811,0.78161473,8.9724401,23991.9674226,0.48935079,0,0,35.75659919,0,0,0,0,0,0,0.1841979,0.12144345,0,0.32935877,0,0,0,0.01466874,0,0,0,0.03723882,0,2.29273927,1106.44677912,10364.23933539,0,1.8901792,5.32036856,0,0,286.74980849,6.75667127,4947.39366743,40.82135936
"GMBC_038_E2",1.98029775,0.5187455,0.5848053,7.13636064,0,0.19030098,0.01815275,0,0,1.01458964,0.02246228,522.89273682,9.04414793,32.33481853,0,0.16740904,3.94304919,0,0,0,0.43054785,1.78952976,2.5903916,0,0.06624834,0.02052991,0,0,0.14087367,743.05538917,41.78773559,0.76945131,623.08595742,0,0.35741558,5.45005839,137.82560541,0,0.07171695,13.32909774,568.8773363,0.74113135,12.20615546,87.54005399,0.50885095,0.45705737,1.02377051,0.08388797,8.64450976,2.8165729,0.069044,0.03178822,0.12774705,0,14.29940681,0.26050078,0.01413724,0,0.16545787,0.02408479,0.00682182,0.01618502,0.08679008,2.08353528,5.83265718,0.13438204,7.1938458,0.02825167,18.44832225,0,0,0,339383.274716,3484.66003788,9.93682746,0.48089815,0.23216673,23.72472346,1.27565848,0.33622112,0.5282105,1.42745979,0.30541731,647.81020562,712.21435793,0,0,6.74630429,552.70531893,0.39605944,6.19752685,154.00395115,0.74942894,4226.66510175,117375.79893766,0.15111999,4.01636739,12.24362777,0,0,0,0,0,0,0,0,0,0,0.15368136,32.6961538,0.32325236,0,0.03900199,0,4546100.60659099,746861.4775785,511920.80931598,106819.91633159,70801.79482043,98038.74602837,103742.38303149,105.42774472,37868.04705635,512.05586643,1.36316936,0.58566746,0,0,0,3.13348601,0,1.33116751,0,0,5.28583683,0.14674975,0,0,0.13277943,1.42464111,0,0.14337961,0,0.39251418,90.05565562,1.54620009,25503.26034855,0,0,77552.97576679,312.44051696,0.11824926,156.38461184,31.4725379,16437.48221277,0,5180.44501405,84824.56248574,1025.92003947,0,0,1.67014296,1.85369312,2.13696428,570.21118187,5.56619948,99.31270916,153.22451052,1083.39138995,256.87599234,0.72188996,0.4350223,0.09254562,1062.90706813,78.87712368,7824.26377317,320.76987342,171.75051679,1233.29163788,539.17867926,0.95085246,2.7510917,4.37358921,1.49898475,0.75342608,43171.83480968,1.39262545,0,1.20220258,0,0.16012483,0,0,1.92155703,14810.7138561,0,0.20956098,0,0,133.33760841,0.04021412,196.54898203,48468.66448233,0,0,0,11.6061341,0,0,0,0,0,0,0.77627878,0.1536994,0,1.06063421,0,0,0,0.06511173,0,0,0,0.03451245,0,0.3578022,1899.34265413,33555.36184637,0,2.23759073,0,0,0,4.71200553,0.41437644,3676.31388526,297.01111702
"GMBC_039_E2",1.49434545,0.20454454,0.08964882,10.56774348,0,0.02193934,0,0.0395803,0,0.47324174,1.58435626,5.66413053,0.30282767,1.00740672,61.54176172,0.03706738,0.89857376,0,0,0,0.35414416,0.56886929,0.3150125,0,0.01028182,0.05015003,0,0,0.05018632,316.86245611,129.0673409,0.12735196,210.23773132,0,0.54955142,4.13592413,153.77809823,0,0,2.20388786,76.98058165,0.26744081,7.30698923,14.00302185,0.63008878,0.09411716,1.13976242,0.04709768,3.98038065,0.55510457,0.01930698,0,0.10639061,0,11.43132063,0.06536199,0.00736503,0,0.05324728,0.01941283,0.0050481,0.06340257,1.06850296,2.62105812,8.26707495,0.06053447,4.75135982,0.03733735,4.05268532,0,0,0.22619399,459343.71842494,3520.55906197,0.94635481,0,0.03743095,0.88115881,0,0,0.26017591,1.00092271,0,413.74917363,467.55512278,0,0,1.94280469,1157.20179128,1.00444337,3.65892705,14.76347028,1.86687931,3733.87785737,82952.81735234,0.77178064,1.95211746,1.88392321,0,0,0,0,0,0,0,0,0,0,21.98767765,386.20493958,19.0633873,0,0.06710949,0.03596954,1034880.10428069,208613.08807769,118527.41700285,22042.00777619,14236.03057401,21461.97797154,29083.99274497,50.14861543,13546.58906848,126.56941672,1.30388164,4.77087731,0,0,0,0.3388806,0,0.28553805,0,0,0.67080072,0.00600182,0,0,0.10607903,0.13295268,0,0,0,0.41664071,109.42324704,0.25110252,10112.33990863,0,0,27581.81212647,275.91875503,0.19808844,160.42047152,18.18034386,13800.9996163,0,5850.07563918,34219.64985501,773.03683213,0,0,3.41722118,0.2003847,0.30754281,57.08838717,0.4683408,77.23664555,35.73934925,36.20333745,19.35558374,0.28090664,0.0831641,0,118.46290185,69.60331629,1681.8437764,130.66790192,54.1503616,104.40904701,53.18123191,0.50689965,0.90298273,0.87581564,0.44581785,0.31342344,13132.22267591,2.02461226,0.85176032,0.30489102,0,3.9285696,2.32235541,0,0.73689867,7734.43716639,0,0.74285869,0,0,437.29663128,0,11.38367453,22197.53740623,2.43939022,0,9.51701808,28.929826,0,0,0,0,0,0,0.0913101,0.04612701,0,0.02239835,0,0,0,0.01586109,0,0,0,0.03579952,0,1.54271415,675.63786145,12094.44638006,0,4.20762257,0,0,0,0.650393,0.69456274,8575.57276682,395.34395108
"GMBC_040_E2",2.58486733,0.34717284,0.31392295,21.0032384,0,1.36516702,0,0.10431877,0,0.46149922,2.49593948,3.78546076,0,0.27133151,18.81619986,0.72048419,3.76098872,0,0,0,0.38105402,1.31661166,0.23238028,0,0,0,0,0,0.23795942,6294.68113551,0,0,414.24743384,0,0.56752453,4.31416016,85.58936387,0,0,26.65828714,248.64988328,1.41149173,20.06316144,17.28925475,0.86864933,0.486363,1.63090287,0.24543633,5.67843112,2.83818024,0.13132973,0.01213758,0.16162947,0,19.12352407,0.1772195,0.06954697,0,0.13189227,0.02422219,0.01243303,0.04579962,0.54536891,12.82805335,13.09749525,0.1451006,22.61116778,0.12057279,16.00202576,0,0,0,236020.27181087,3286.81774494,3.03167837,0.59396691,0.05816963,1.81951622,0.39669158,0,0.15075739,32.00236119,0,631.04426782,732.53838602,0,0,0.20156906,2111.95140139,1.31586069,30.55950017,52.71205018,19.52422701,674.88002267,691954.76304553,1.01072911,22.92475303,11.59234279,0,0,0,0,0,0,0,0,0,0,4.07416516,646.09915632,16.24353797,0,0.38465752,0.74747319,6266428.07123396,1150031.80847032,1425620.19014019,118178.93155345,70003.73836534,86628.64444298,230222.91766607,332.92553378,199257.56837255,3672.06808962,39.86881043,23.65736655,0,0,0,0.60363301,0,0.42605595,0,0,0.61236644,0.0166831,0,0,0.03677223,0.04841273,0,0.03062079,0,0,148.20969381,0.02356862,19068.87522472,0,0,20455.2338467,255.15993238,0.93236407,115.86376721,26.1581421,26484.16296861,0,7607.38493464,27569.23110809,914.9448806,0,0,0.23388001,1.01900407,1.39513287,269.82562712,1.7735136,98.81123785,115.00705333,21.12475413,7.1900104,0.87520327,0.89385345,0.00807593,89.19219487,96.32515454,523.44774995,32.76490537,34.80168556,151.24361483,66.46943696,0,6.07334551,10.93686822,3.11118033,0.61878654,14447.68311908,6.92653243,1.45129462,0.79022022,0.26600581,2.61361091,0,0,1.14522661,8200.02313763,0,1.90176971,0,0,592.56018436,0,20.24092501,10540.98898758,21.22568819,0,0,130.71372933,0,0,0,0,0,0,0.18789645,0.07828464,0,0.0790146,0,0,0,0,0,0,0,0.03793469,0,2.37277619,645.95373022,10730.2621753,0,0.4294848,0,0,0,0,0.23238545,30758.92731549,585.99396007
"GMBC_041_E2",4.22662826,1.18718891,0,20.20268561,0,0.02820076,0,0,0,0.29922201,4.36760775,0,0.3299686,0.03079924,1.77736395,0.04345103,0.66725316,0.00243984,0,0,0.37269687,0.25502309,0.45120959,0.02500464,0,0.08218077,0,0,0,125.27188183,41.69695092,0,697.43155405,0,0.25346696,3.8641062,53.6441176,0,0.48215875,2.11242097,178.15891642,0.58369306,0,6.06233002,0.66516998,0.53405576,0.73721846,0.22922608,2.43801081,0.43334003,0.14334756,0.00453146,0.11427164,0,12.84221844,0.08658745,0.02011151,0,0.02826125,0.02096955,0.00877775,0.01999556,0.06549242,0.95016497,1.78120818,0.04406755,3.02959485,0.05039938,3.21486509,0,0,39.99935908,122713.09659659,2600.91780042,3.7429468,0,0.41654803,3.55939511,0.15999207,0,0.3330673,9.55984938,0,533.90247057,1317.78141214,0,0,0.53261594,387.11662372,1.08975606,15.04879839,61.48405791,4.79963483,642.24471052,395219.32981945,0.33222456,17.86175672,0.54970813,0,0,0,0,0,0,0,0,0,0,79.3811156,472.00895562,3.55601058,0,0.08241325,0.02368837,1723280.0243407,375870.79247629,210441.44390519,40871.3446171,26030.26499313,32547.48460311,50669.48287965,85.9538909,17351.50781911,981.39957392,8.54157608,18.29276248,0,0,0,1.27116542,0,1.12774194,0,0,2.65411082,0.02885199,0,0,0.25338991,0.5091506,0,0.01510148,0,0.11805198,108.74933836,3.93279144,6065.07245431,0,0,37282.97296381,426.27716938,1.52079944,202.63503609,17.46420476,18263.03511995,0,9184.82478681,43275.95600522,911.09099764,0,0,1.6291574,0.86307107,2.12414986,333.53249993,14.61340892,87.10649743,180.22262193,165.84767366,51.0278058,0.62270529,0.21365058,0.00280127,163.12977977,75.78014255,2369.38471974,91.42426341,84.15504957,256.0597341,62.02645722,0.3935648,0.91149944,2.25472997,0.50390939,0.36896584,11000.10697981,5.20180779,1.71069975,0.67581936,0.08218648,6.01714635,0,0,11.52765881,8227.41622869,0,1.84530225,0,0,163.33078552,0,15.97207192,26739.53829016,37.31067526,0,0,252.4355175,0,0,0,0,0,0,0.31702043,0.17534194,0,0.23707049,0,0,0,0,0,0,0,0.04593043,0,4.55321362,932.49131918,12524.69391081,0,0.95433361,0,0,0,13.35175776,0,9067.54891159,102.7442426
"GMBC_042_E2",0.8475356,0.30150928,0.27326055,39.81961591,0,0,0.03860598,0.09011175,0,0.14760429,2.22643265,31.55005558,0.62664837,9.03898074,11.28604391,0.0286246,0.33116561,0,0,0,0.22040535,0.14852301,0.4309674,0,0.02034285,0.0795182,0,0,0,271.77012552,20.39565601,0.32475788,662.46217025,0,0.24204907,8.16946592,21.34486271,0,0,2.50014221,24.19639316,0.48558928,0,1.78269147,0.2525383,0.11193413,0.39934894,0.05812358,0.86045759,0.44984265,0.02156101,0.00931555,0.05769199,0,7.81647294,0.04750658,0.00502171,0,0.03640103,0.01371998,0.00291994,0.00428647,0.02968526,0.28900581,1.0260928,0.00724839,0.78847434,0.01043339,10.7687768,0,0,0.3051687,62016.16683353,1530.53176617,5.92492897,0,0.0068137,1.97228749,0,0.19708065,0.04874606,1.78277123,0.05991804,257.56944379,2205.96716158,0,0,0.05602702,1103.01335326,1.43863936,0.26868801,6.03981065,0.80652249,282.586448,282651.22961297,0.78484773,7.5657677,3.25086183,0,0,0,0,0,0,0,0,0,0,5.28113855,165.12745773,0.57754112,0,0.03786873,0,269467.12043001,110358.30116233,121585.89905479,16249.23942991,14797.24452298,18830.32395858,21249.49222783,61.26608914,11355.21991922,446.18017633,0.87136289,1.91904805,0,0,0,0.07906519,0,0.07347922,0,0,0.35352747,0,0,0,0.05878766,0.0074604,0,0.02564999,0,0.73342567,90.72462373,0.408201,2543.06793753,0,0,7619.85369807,310.40956322,0.06733897,17.16332754,9.04255311,9378.52843843,0,4130.30913479,10640.10027393,987.67290522,0,0,0.05303847,1.98046256,1.49029359,441.84944867,4.87798406,50.86493159,123.31304832,166.64215025,504.96532113,0.36462453,0.32911889,0.05258229,48.95026447,44.21276681,879.6287807,44.98043444,61.60193192,201.53705923,1137.76933498,0.30106166,0.56622841,2.10180214,2.90804912,0.04868964,3176.61581341,6.71452351,2.63983894,0.65152056,0.09500191,0.03634518,0,0,0.19744265,2691.93414404,0,0.25821217,0,0,515.92566919,0,4.37051832,2709.16442229,2.3110935,0,0,2.10347878,0,0,0,0,0,0,0.08414928,0.03440031,0,0.14164815,0,0,0,0,0,0,0,0.01646825,0,28.02957352,259.53883654,3081.1368887,0,4.71730343,0,0,0,0.09634063,0,7804.64560669,107.45154961
"GMBC_011_E2",1.15093117,3.77601098,1.21924436,21.10140809,0,0.1691695,0.00707998,0.04990937,0,0.60752112,3.4986282,3.02900035,0.93993125,0.1503393,14.08759353,0.17008413,0.53612605,0,0,0.76707309,0.63181841,0.19758769,2.5210614,0,0.01065967,0.01623498,0,0,0.07557859,949.47980346,163.94631246,1.30748614,1244.91031362,0,1.40607206,6.6047191,17.87231202,0,1.17185009,8.75440354,305.17385235,0.59948398,17.64622429,27.11515346,1.36639584,0.93443457,0.763573,1.19697846,1.04799572,0.59001366,0.71458691,0,0.15210331,0,16.59115408,0.09989307,0.0077837,0,0,0.0295862,0.01267562,0.11419106,0.73479216,3.96000909,12.26764223,0.26404993,10.18859219,0.14161606,5.46666977,0,0,37.87865861,113842.74699534,2483.90273475,3.30601722,0,0.35870331,1.27379737,0.44842356,9.46934112,0.31510954,1.21168569,0,1185.29779663,801.0738726,0,0,1.42854391,1449.79587941,1.29061566,34.86517842,33.19684271,1.15352118,854.50316123,1408270.55800134,0.22059224,22.97385395,14.9608243,0,0,0,0,0,0,0,0,0,0,1.66222629,156.95839044,0.48860933,0,0.25626774,0,2018984.13992567,375628.02470523,27070.33979152,61461.44871421,50148.98257098,64137.00571215,49182.77580293,155.34369516,10554.79273165,945.9772659,2.11611821,0.55650382,0,0,0,0.47675641,0,0.27419436,0,0,1.06331134,0.01488841,0,0,0.13265477,0.02764239,0,0.04244508,0,3.50732627,28.8438785,0.20248395,12348.50592125,0,0,36077.03571228,697.81163048,0.34637864,13.95538071,17.608371,26150.92774817,0,54284.72779147,45373.98199569,1332.91631768,0,0,1.83978975,1.86738882,3.09479908,755.67639704,6.81212863,124.15181586,157.54846701,320.44687009,160.53777366,0.74030084,0.28869544,0,222.87828858,92.19964356,2532.37514786,286.4191283,91.3444236,742.95772682,174.29321727,2.52794845,2.49270546,2.91391196,0.81768963,0.09473378,20433.08097654,4.03313927,2.70985666,0.34995607,0.26478528,4.30187787,0.62690335,0,5.27724892,11999.29254372,0,0.32581761,0,0,47.92361382,0,26.52445161,11507.31384629,9.60383813,0,17.45246165,26.00262492,0,0,0,0,0,0,0.30669962,0.12818044,0,0.46559174,0,0,0,0.05082317,0,0,0,0.02942739,0,7.15760131,1203.3564995,19763.4243858,0,4.04181671,0,0,0,2.97107144,0,35677.33703864,465.97512991
"GMBC_044_E2",3.09539003,0.48266398,0.28591376,3.13737099,0,0,0,0,0,0.26295199,2.50034922,16.97149262,1.50654567,1.52084893,37.8547657,0.17006942,2.23689081,0,0,0.22485499,0.1057655,0.10283257,0.27237613,0,0.11149157,0.08446214,0,0,0.04567784,187.9973843,159.03046279,0.13373891,195.14521772,0,0.34370754,2.43578455,96.80620079,0,0.06799294,4.16914967,50.91565134,0.61518222,9.11495876,5.64136932,0.21341014,0.07344535,1.30202058,0.04345313,1.91146707,1.20256082,0.02545742,0.01677032,0.0890604,0.06420909,11.4340001,0.06657721,0.03776874,0,0.18671665,0.01934852,0.01047984,0.0212338,0.05805877,0.46486778,0.6770005,0.02507494,1.30190318,0.05475423,1.25282185,0,0,0,39287.6353682,2336.76153495,0.99400552,0.51320961,0.55937844,2.1766673,0,0.64146671,0.16038432,1.16131793,0,581.2427198,63.44394588,0,0,0.15433611,254.27619676,1.10467208,8.45648433,2.66633533,12.66548858,236.24377219,469322.26612205,0.22740453,3.63200008,0.64304653,0,0,0,0,0,0,0,0,0,0,14.17132342,295.61298641,0.32503793,0,0.17125257,0,840141.82656708,90566.82535635,18948.13236951,28279.64840107,20362.41181059,28099.8948771,16408.57724863,42.00530779,19098.43276951,384.42138915,0.52072217,38.24419395,0,0,0,0.21801743,0,0.28845696,0,0,0.1438991,0,0,0,0.05596028,0.02303772,0,0.02006984,0,0.23485053,12.65870093,0.17539557,8330.98871285,0,0,23192.99897828,131.70745001,0.21959824,217.98332123,16.03941849,15596.1170098,0,8660.3530358,28969.09271265,584.39814862,0,0,0.05401039,0.1297691,0.17428258,45.98191305,0.4734693,71.80324379,18.48469238,14.5614655,10.03540765,0.17395601,0.298896,0,70.63979542,62.35047563,777.00855847,36.69580365,21.38270662,89.15544759,24.8233966,0,1.69070337,3.17982233,1.1686458,2.2464789,11163.03474444,1.28648029,0.99822998,0.05822102,0.32871603,27.27075591,0.41736061,0,0.41551076,6047.48829539,0,3.06371619,0,0,116.1318247,0,4.64165956,9754.02491139,0,0,19.20496023,8.46177549,0,0,0,0,0,0,0.1295037,0.08250585,0,0,0,0,0,0,0,0,0,0.02943473,0,0.18244876,464.43245965,9288.65588383,0,0.45189536,0,0,0,0,0,11951.26797128,104.26194625
"GMBC_045_E2",0.94365106,2.32969896,2.00672585,97.22445375,0,0.30116278,0,2.92622447,0,3.67346409,9.05195727,5.15908168,0,1.42300317,86.68267667,0.42118019,15.05715635,0,0,0,0.54059212,3.04372185,25.87970218,0,0.13471179,0,0,0,0.07836206,466.88219707,4.96929577,1.84214407,1087.1670839,0,0.58508143,50.90037579,2.4555538,0,0.74986694,130.81542803,1247.45903761,0.87379195,133.20051762,28.35347663,4.88941654,8.71544598,2.92109284,1.0779349,9.2741592,5.41253084,0.55110423,0.04911138,0.32507425,0,37.5859209,0.55299647,0.01902264,0,0,0.06461813,0.03196268,0.3435135,1.9529576,44.16025753,50.55358902,1.29105883,23.83578477,0.16065261,408.73700778,0,0,11.00526806,1002052.15318436,3363.33952839,108.51000526,97.38548183,0.25484468,0,0,0.9938049,0.4658076,75.91682224,0,66.93175381,2263.98628764,0,0,907.56829039,2297.29761498,3.43470716,0.58980897,2172.61799006,46.03363371,1840.80671824,149417.11002313,0.15710862,8.08637107,8.7999204,0,0,0,0,0,0,0,0,0,0,20.88321518,472.56035313,6.56590109,0,0.41829534,0.11948012,4954858.28331935,1163000.8525737,3272948.64600409,101012.18871359,9850.77585784,88691.38265575,120994.05850882,103.71063847,2273.04689789,2704.57791019,15.27036003,26.55583431,0,0,0,3.45923906,0.35433466,1.91621725,0,0,3.05637271,0.34080999,0,0,0.17850957,5.16821531,0,0.07507656,0,5.21686837,16.54445992,10.14301236,21783.2529458,0.75437212,0,41803.63125247,62.77010654,15.09225767,257.27847441,139.72393485,7569.20529088,0,4917.4781101,111066.33384152,2180.66566656,0,0,786.79620417,9.65997067,14.24592989,2331.03918725,8.54911147,206.06527882,1551.97115167,268.63099042,391.34427188,6.74441775,1.43621223,0.06712246,664.5741572,185.59996405,4639.23563703,50.1518148,291.84661763,150.95221651,205.84993699,1.18937192,2.73766245,5.7151601,1.73253875,0.82407527,31785.94196203,10.79830743,1.85471769,0,0.45230126,23.15425627,0,0,4.27133318,47724.13747987,0,68.09360706,0,0,570.83560109,1.87578799,8.19391017,7963.82164815,33.18130161,0,0,17.90299935,52.10698696,0,1.14663697,0,0,0,3.34107073,3.86601445,0,8.3246582,0,0,0,0.69010446,0,0,0,0.06099843,0,20.89355877,1256.48544615,39601.52298138,0,18.65947409,16.91638792,0,0,16.65503154,9.68367016,7973.73735244,1226.77141075
"GMBC_046_E2",5.713697,0.27873704,0.12907247,1.27411208,0,0.04006725,0,0,0,0.2533467,2.31869382,0.3063093,0,0,5.7964829,0.01920815,0.32949602,0,0,0,0.41130149,0.22880741,0.16233227,0,0.04530643,0.0278856,0,0,0.06522381,337.66229585,0,0.20437091,177.43701823,0,0.1358013,2.07828609,4.56590826,0,0.01618855,1.32688304,107.35833332,0.2778079,3.05660104,3.35158384,0.33851536,0.21245253,0.58082638,0.11172357,0.35706416,0.23058889,0.05427915,0.00588897,0.10860766,0,11.4110185,0.13743351,0.01635206,0,0.08775318,0.02102451,0.00634856,0.0199357,0.21945785,2.19685559,2.81021349,0.09149959,6.75813703,0.04872954,1.059244,0,0,0.03216549,347764.15915695,2084.1211383,1.02775194,0.15581479,0,0.79308575,0,0.03855287,0.29526295,5.46195871,0.14452374,429.89891631,50.53230708,0,0,1.60332949,663.58455348,2.09632599,0.42252204,51.08955167,3.43723767,1292.76798059,5911.6494628,0.25405401,4.66708048,3.33853681,0,0,0,0,0,0,0,0,0,0,4.62356886,223.4841406,1.47798996,0,0.04985554,0.009887,970231.28755468,240207.51902903,115145.67410772,30935.05741341,19789.66339701,27865.4232797,31793.23817482,65.60942489,16406.72703243,376.62148081,0.01736234,3.03153254,0,0,0,0.46902217,0,0.33162355,0,0,1.3832272,0.00409014,0,0,0.05681969,0.01453707,0,0.02374173,0,0,6.94514544,2.93528055,13050.69367846,0,0,28464.2415359,71.83551922,0.05691369,155.00220136,18.93447058,4926.03316538,0,2270.87617587,42043.36843465,293.23751972,0,0,0.97842725,5.79027953,0.94764337,541.9989583,3.0526067,86.27275749,150.71353645,107.64371053,166.57616589,0.62129807,0.15445789,0,39.03036648,67.67646467,759.52719321,32.833343,41.06633386,69.70894369,68.85682342,0.40104229,0.49282001,1.05602172,0.63558841,0.37664614,15755.48670806,0.50183705,0.32976764,0.0350928,0.07401393,2.00608087,0,0,1.56745775,8535.19103386,0,1.09225007,0,0,194.93276053,0,33.54460134,17899.21614063,1.03761504,0,0,9.26031173,0,0,0,0,0,0,0.1366628,0.05177137,0,0.14572185,0,0,0,0,0,0,0,0.02554543,0,0.57302012,790.33178048,14586.310508,0,0.34725392,0,0,0,0.31580123,0.03925989,2728.87359769,290.77042741
"GMBC_047_E2",0.99241469,0.55961313,2.49496138,143.85850776,0,0.60936172,0,0.38157773,0,0.91214021,2.94283904,0.62253169,0.35482971,0.15529467,7.05687493,0.07250762,1.89556822,0,0,0,0.34824208,2.05629213,42.37471496,0,0.03793398,0,0,0,0.05993426,79.58292488,10.55050371,2.60985158,419.46802288,0,0.68560973,16.75568397,36.3225606,0,0.09939085,95.85748021,443.26786519,1.3099648,11.53132307,27.07937966,0.87230523,0.96627846,1.05821198,0.21606103,6.97518403,3.84366491,0.11768085,0.0176319,0.14438903,0,18.66556487,0.19091069,0.04731793,0,0.0806193,0.02366599,0.00568495,0.009555,0.04866809,2.84479103,2.86750969,0.05188621,15.01509056,0.15846702,154.57618672,0,0,29.03921115,526428.76514536,2320.42187177,109.64810771,0,0.76573637,0.92287704,0.14197086,0,7.75052463,7.82261768,0,145.2362233,4326.13092919,0,0,0.61365372,1309.88445584,3.03482503,2.50898537,165.19789843,8.44495595,3343.00136398,46483.02743604,0.19828539,12.81313869,7.23102616,0,0,0,0,0,0,0,0,0,0,23.23803394,509.27548249,0.82700063,0.43072306,0.47332725,0.3287945,4145482.7648601,945018.6888537,1476907.96409324,62718.85581556,36685.87250675,47969.00324846,110872.31353981,60.86925618,107158.72056434,974.80041976,0.73015775,15.54516,0,0,0,0.79188713,0,0.43680427,0,0,2.33421772,0.02468345,0,0,0.23319532,0.51116003,0,0.12286071,0,5.36898274,198.19091889,0.85518019,16429.9485649,0,0,61739.74401815,646.62067953,1.006406,43.09259996,41.64374485,11815.54365129,0,4415.47497779,85109.45690506,1686.96410694,0,0,2.11124684,0.89077221,1.02641141,181.99104897,3.23793416,126.75695367,78.22131647,99.15531464,31.9090205,1.08605251,0.66144529,0.14301495,23.13664355,93.94222792,499.3437392,41.9814843,49.19903189,109.85695087,37.15510913,1.38109694,1.46989525,1.58185209,1.08639096,0.20765742,50866.77423346,8.18354718,2.45935841,1.78122508,0.57316448,1.76112534,5.59290312,0,3.2898577,15423.23788008,0,1.33924692,0,0,308.85997965,0.092678,10.40634952,18235.6572395,0,0,14.17842625,40.55669139,0,0,0,0,0,0,0.42259064,0.18776674,0,2.12764287,0,0,0,0.4426227,0,0,0,0.10826223,0,49.42891842,1704.65280349,32769.80245114,0,72.84655447,70.13807807,0,0,3.18612553,0.1456837,3825.15613533,650.63417939
"GMBC_048",4.18869218,0.80903538,0.51895389,20.08206545,0,0.13391597,0,0.09018886,0,0.12082196,1.76627927,21.81285026,1.10775946,2.16223873,12.79523751,0.10739968,1.95388119,0,0,0.22361733,0.34102527,1.24687692,4.86057158,0,0.13884434,0.11882172,0,0,0,600.47556912,12.47417812,0.55041485,1285.02086884,0,0.24123151,7.60358782,2.77520218,0,0.20944351,50.00486167,94.72457804,0.87282155,0,12.59416271,0.91215191,0.4705187,0.93885131,0.18101218,0.9673134,0.44998159,0.12751508,0.05830069,0.10513304,0,8.52371304,0.11504174,0.00374349,0,0.19449315,0.01524472,0.0173151,0.05985861,0.44191387,4.39664611,7.26924381,0.13507547,7.05631735,0.02371987,49.14246988,0,0,15.57490686,458178.86257478,2058.14544237,22.13710811,24.09166239,0.10719959,2.1295191,0,0.63112607,0.9199839,2.19624669,0.75387376,798.40341577,722.17143557,0,0,207.34296269,1658.40720267,1.05828911,17.54264149,724.15577267,1.7407269,1588.70455598,44965.96468618,0.3616531,26.10120274,3.30518429,0,0,0,0,0,0,0,0,0,0,19.13424413,363.81753694,2.22248022,0,0.50088371,0.1137677,1323519.0534886,261437.03354034,165031.51711558,30501.72995794,23773.74218956,28664.15572081,33405.64459622,49.03367899,2010.20891223,1464.64748277,0.71164042,25.85102722,0,0,0,3.44727229,0.02653091,3.56688003,0,0,3.27930864,0.06986384,0,0,0.32618409,0.69659691,0,0.90322088,0.01988582,1.15702606,8.19351749,9.07901581,8918.40156304,0,0,31747.77230306,366.55734439,19.8070611,34.41083638,20.88529146,6526.23492745,0,3604.91867835,39321.30041076,1023.10602253,0,0,389.54965151,11.81437447,2.10955658,875.38472063,11.96806361,63.4942654,154.72624546,428.73576813,611.79816552,0.85632662,0.32388171,0.20327201,175.24674066,55.90934271,2739.33247131,180.86461266,94.77529751,301.44514319,366.84371352,0.65809376,2.83776845,8.48145225,3.55778895,0.91316425,16747.33701317,4.31899739,0.8762932,0.50837331,0.27852955,0.38813406,1.0057276,0,0.9072597,7424.38148962,0,1.11571157,0,0,151.00008501,0.01407011,47.65181839,8956.87379319,1.47189028,0,11.07714595,27.58652313,0,0,0,0,0,0,0.56378713,0.37611811,0,0.4260055,0,0,0,0.10451806,0,0,0,0.12975108,0,3.0708083,670.02459005,12595.62730481,0,40.04516685,89.30787213,0,0,154.58686234,72.40910185,5230.28166333,825.07298626
"GMBC_049_E2",4.45880897,0.36105236,0.39945546,117.3649275,0,0.06083675,0,0.10144257,0,0.50731026,10.62503995,67.6418482,2.29992742,6.08132427,44.66114842,0.05977159,0.09205272,0,0,0.1184302,0.24128378,0.16550779,6.38339461,0,0,0,0,0,0,415.39816567,0.88593116,0.33561083,1710.14959929,0,0.48505415,31.11379184,2.90534851,0,0.4496997,36.65092743,214.39631216,0.81195684,34.95729555,14.00285574,0.66218876,0.52247511,1.2397065,0.06852753,2.70130379,1.21523372,0.0658187,0.00609239,0.12787287,0,13.33969984,0.10482296,0.0102149,0,0.0659359,0.02335742,0.01003493,0.01799084,0.17786532,5.67241283,14.12578859,0.07392564,11.62473464,0.00448871,26.93269148,0,0,8.65271586,350142.28095047,2803.79845094,17.74399855,46.60874258,0.12319818,0,1.13121469,1.6424026,0.57742846,12.02251544,0.17853835,707.94444434,3347.96664329,0,0,549.05852468,736.61353897,1.98794542,0.7457945,1141.44949549,3.56088436,318.78053276,261024.0090698,0.68934419,10.44454365,0.80762789,0,0,0,0,0,0,0,0,0,0,12.31900017,423.02535672,1.5047877,0,0.57070075,0.03753689,1820010.89761175,586406.20940923,270392.71571127,50054.90763453,39006.92379824,40843.20802986,53890.57199191,50.69465084,12401.06979464,1975.73284824,1.97128556,10.48651381,0,0.02505672,0,7.71963538,0.29106735,1.25569883,0,0,13.50180457,0.63271765,0.0030173,0.02079613,1.0432611,19.66735778,0,0.75939976,0.03518789,2.15756404,18.43467442,9.21808626,12513.78117215,0,0,55756.0602567,376.00843012,21.22408051,92.70569775,28.24497117,3898.80254409,0,4174.43631155,78512.76475372,1126.62703655,0,0,450.68899556,1.13952552,5.00489662,419.61285139,3.16813677,102.58393269,140.3969605,82.12134838,65.48298324,3.27931881,0.88730883,0.16593633,98.02698614,81.34248156,1471.88963094,78.63824331,48.66291523,80.06013098,58.96344911,1.50475067,2.70490607,4.32902389,1.26417701,1.18346418,30594.14231773,3.63627128,2.37656532,0.8972666,0.24670708,15.44400563,1.30922975,0,33.0864706,13952.44950251,0,4.10514243,0,0,700.06497191,3.31599082,75.53891101,26331.34091772,7.64842732,0,10.80651096,99.2958808,0,0,0,0,0,0,0.6495155,0.13992849,0,0.85980843,0,0,0,0.3695041,0,0,0,0.06390205,0,23.00018732,2195.33185811,29541.81281174,0,52.75952963,56.29629136,0,0,202.51922874,42.47773655,6385.3484833,328.52015061
"GMBC_050_E2",1.98826676,0.27776785,0.1331814,39.95517827,0,0.05632576,0,0,0,0.39691301,1.85689831,32.03915541,3.25308955,7.5773583,16.20332367,0.01573714,0,0,0,0.17924085,0.2858612,0.17848368,0.54050934,0,0.06244305,0.02319081,0,0,0,506.9675237,1.28233602,0.27683298,413.40729377,0,0.36114072,6.55687344,56.97200659,0,0.10606754,1.38383013,314.16705196,0.65018538,23.32970233,128.07040766,0.43006051,0.22815484,0.71559755,0.10594957,1.61486588,0.79174163,0.05691045,0.03447463,0.14316981,0.58659975,11.82191274,0.05101533,0.00331385,0.2568917,0.16768406,0.01885955,0.01490453,0.04280009,0.11724703,1.28746641,5.5376168,0.08655297,2.97846974,0.07453713,5.79242086,0,0,0.0462286,397225.96187097,937.07542033,6.79523764,0.33114792,0,0,1.65844657,1.57872819,0.5723434,4.93269964,0.09481951,483.00902159,2108.73250879,0,0,1.95692048,867.92107825,1.32953202,16.71895322,110.81374448,6.56391324,748.01391096,341007.47570872,1.80360306,0.32203727,0.15953797,0,0,0,0,0,0,0,0,0,0,6.81299699,325.66733851,2.0781098,0,0.20400573,0,925984.39374523,228502.98213466,165277.43856451,41473.16537223,28378.50896939,32959.95156351,33415.05971151,10.2643249,900.42162594,296.09258356,1.10235465,36.72372425,0,0,0,2.21280855,0,1.73878213,0,0,3.74897942,0.0419881,0,0,0.41163122,2.42014753,0,0.03499434,0,0.18703841,91.89855007,0.24642895,3767.5935564,0,0,30834.79457214,472.60901226,0.13077556,14.01436384,16.60389834,8286.4509088,0,3085.08558871,43946.2301798,1309.73761091,0,0,2.24211264,0.28064323,0.69813551,91.1991083,1.01939698,85.76757245,47.57059754,29.23612652,19.09150662,0.37272514,0.76934206,0.30195073,28.31397989,70.47238476,348.49439223,36.77802958,26.98658355,86.16454637,28.64329015,0,1.8075474,3.44735589,1.45458829,0.70516984,12439.95642133,4.18378977,3.37595885,0.38711281,0.19567523,17.32413674,0.07601059,0,5.55175311,8146.01687191,0,1.62118306,0,0,226.13087805,0,15.94246941,25034.4114857,2.93869904,0,25.94066155,16.16155394,39.57284788,0,0,0,0,0,0.8401117,0.57867534,0,0.73836795,0,0,0,0.10536735,0,0,0,0.03535445,0,12.85573223,538.75986067,11750.81898182,0,0.43650846,0,0,0,0.5194554,0.13142342,7878.28926911,470.46403141
"GMBC_051_E2",2.38313832,0.15571297,0.19219315,45.43948259,0,0.28088922,0,0,0,0.14391692,1.02119933,5.23595956,0.54170801,0.35213438,43.54797478,0.13290952,0,0,0,0,0.22347506,0.48064894,4.86839555,0,0.07376926,0.05295907,0,0,0,248.71326324,26.04987226,0.18456279,1574.67915026,0,0.61950975,5.23881863,124.5807053,0,0.06321751,12.82801436,468.94816377,0.09517839,0,54.29771459,0.67301789,0.53209356,0.77201882,0.29226023,4.61148996,1.96057375,0.11604573,0.00882771,0.16577461,0.05290045,18.07790982,0.18192899,0.00900546,0,0.03299146,0.03196202,0.01331091,0.01956967,0.08479639,0.90126926,3.06170248,0.04653747,3.19920895,0.02125452,18.82580705,0,0,0.03666675,506293.47826336,3571.40168211,10.138868,0,0.085777,0.19838696,0,0.23920532,0.53754248,2.70378701,0,1075.26413382,1933.96460117,0,0,0.64201043,815.02213052,1.44121497,9.12445066,33.4920989,2.40767535,1945.36951478,59139.66334554,0.42555089,2.39834538,4.07366226,0,0,0,0,0,0,0,0,0,0,4.28251799,407.59243141,1.9224792,0,0.24219924,0.11571345,3195474.65738103,588066.90476959,432720.00917338,53600.5163895,37652.2842674,43824.9225049,64455.85222071,109.86773897,757.57738983,261.27940489,1.22662711,84.08222829,0,0,0,2.1268759,0,1.56742876,0,0,4.94406813,0.00540146,0,0.0158213,0.42517778,0.43184063,0,1.20172348,0,0.3003284,153.1336136,0.21039918,11649.88860725,0.91628263,0,47633.85557301,399.12292375,0.15886683,162.98715459,24.09067823,4528.74202226,0,3224.62005865,64678.11094947,1368.02195424,0,0,1.5404274,0.82903607,1.20127406,1372.04302765,6.19608262,121.46807422,161.18123957,431.77798682,458.68178436,0.64040364,1.08608478,0.07009979,105.03866444,99.0528299,2150.64229417,108.7828347,41.70687043,179.27955561,260.59071837,0.783353,2.52468576,5.77959563,1.99579447,0.81088213,24081.77333363,1.63732263,0.29749612,3.58022944,0.33977992,6.72169834,0.70597069,0,2.47385798,12269.39891804,0,1.3326265,0,0,117.27181703,0,31.32981473,34267.8631921,0,0,18.59248188,10.8585761,53.49018905,0,0,0,0,0,0.25313713,0.14004799,0,0.24822128,0,0,0,0.06496728,0,0,0,0.11580489,0,3.38024562,608.07617256,19199.54728147,0,16.43487452,23.04770156,0,0,1.15725143,1.04051485,4845.58105042,395.0213365
"GMBC_052_E2",0.97515481,0.1574132,0.57651703,49.89104664,0,0.04414381,0,0.11118888,0,0.4111254,0.28694679,23.83240359,0.93179274,2.46156168,16.71312199,0.08768024,0,0,0,0,0.36399576,0.64861416,12.77382219,0,0,0,0,0,0,413.01021181,24.26382065,0.57507071,323.51627448,0,0.53317843,5.92831504,3.55608215,0,0.12853091,18.04943272,7312.85785415,0.70640153,0,6.19537882,0.61593856,0.44930866,0.83789802,0.05527776,0.60465136,0.33299604,0.02317491,0.01605203,0.14771694,0.03104676,16.79527529,0.10125442,0.00472067,0,0.05314199,0.02934207,0.00879406,0.03751884,0.09583206,1.25744427,6.15991034,0.0864218,2.39273149,0.06260129,17.64309094,0,0,4.98800768,346949.32777782,2601.40685706,22.21666936,0.87933227,0.05564284,0,0.12749003,0.03448848,52.01216746,6.21134429,0,172.28381531,1334.75485313,0,0,0.38085016,757.99545056,1.79801139,2.13836751,43.94809327,3.16865609,2330.22593877,72739.43593308,0.10371972,16.61074976,5.59188057,0,0,0,0,0,0,0,0,0,0,1.60714514,352.57202383,0.82200337,0,0.25496966,0.05243713,2000955.94193622,537491.90354873,353111.60432316,58427.49558312,36936.29511809,39820.10224071,6751.97951424,104.33540255,1075.60805928,1306.95758636,1.62085366,33.92788779,0,0,0,1.64531727,0,1.34559425,0,0,2.56398382,0.01253844,0,0,0.26667507,0.17016109,0,0.4466273,0,0,27.40847139,35.47268876,7255.88751096,0,0,72199.14196716,205.72856437,0.1260311,240.95149076,27.91093816,10431.22386281,0,1709.93504701,82463.65080505,758.19948584,0,0,0.6367696,0.3536104,0.4177061,119.1217061,1.74294336,101.08736559,41.54665806,13.57544593,19.80438177,0.75165222,0.12866122,0.08613032,46.88962439,87.08046128,391.450139,24.86239204,14.01646371,35.05506392,17.85388786,0.34959182,0.51651731,0.7292532,0.4627361,0.42109852,33242.8266657,6.90615117,1.08271131,0.3571275,0.17407499,5.39670689,1.07853511,0,12.68801542,14939.6250155,0,1.08875485,0,0,212.37075713,0,11.58231067,34238.58633965,0,0,0,21.77683788,0,0,0,0,0,0,0.51692369,0.23940781,0,0.35986435,0,0,0,0,0,0,0,0.07670049,0,9.60044894,1967.85971736,30754.96948073,0,147.97342096,36.03403038,0,0,0.18524622,0.09794266,4532.25812548,444.74839284
"GMBC_053_E2",1.53423316,0.61508067,0.37265169,27.68719996,0,0.29348028,0,0.14320482,0,0.09073754,2.47514213,14.70247209,0.10409197,1.18733682,24.11437564,0.28019156,3.18948381,0,0,0.04381487,0.27681289,0.1357188,3.87444508,0,0.00577613,0.0094717,0,0,0,294.77507697,4.07680815,0.44554842,1227.89387963,0,0.18594299,7.2251083,3.96205775,0,0.10035914,6.79318306,285.04116394,0.34643491,0,3.65204218,0.27497225,0.52165925,0.86302493,0.16505807,2.31683757,0.29914133,0.05742837,0.0077671,0.14686595,0,15.58934412,0.09804726,0.00573402,0,0.07421953,0.02550684,0.00814838,0.01089416,0.04527205,0.35118246,2.48552052,0.03528578,1.850276,0.06481267,18.11210021,0,0,0.0498111,40147.97632364,2082.15923946,16.71564161,0,0,0,0.07416081,0.41659079,15.96580406,3.49284115,0.14404639,814.43862264,1059.39989913,0,0,0.0661565,218.75857512,1.85766066,7.06695617,77.0043016,1.94315887,246.20910179,357981.43054417,0,17.38977492,10.18041821,0,0,0,0,0,0,0,0,0,0,4.48124587,488.14228645,1.75362305,0.32995557,0.20262796,0.07134387,2513583.24460009,499309.20885557,452125.1860085,36013.49604614,22427.60168732,24959.47444888,34074.35598296,42.01366752,1900.61285442,1445.70192482,1.88733482,21.78443265,0,0,0,0.44743023,0,0.12111333,0,0,0.85035138,0.00690912,0,0,0.08062377,0.65465264,0,0.1173708,0,1.25127432,24.22347565,0.56501715,8702.02917323,0,0,23522.7400423,262.74116757,0,110.08254397,19.08961991,10191.8426441,0,4698.94614901,29771.9182616,743.19487517,0,0,0.2611949,0.93730964,0.90334784,464.36568304,1.3903799,92.87526526,112.30585447,111.01958302,121.40263346,0.81813778,0.14265773,0,145.559971,88.20748866,2055.77741433,55.90073445,57.99810711,78.20549514,195.73102396,0.32698252,0.24773397,0.39383728,0.78725688,0.55561289,10773.46372031,3.64732436,0.98771252,0.25930262,0.29632509,1.81438591,0.20144798,0,0.53143544,6953.18564089,0,0.48901125,0,0,24.78478156,0,19.82620118,11373.88825099,0,0,0,6.56547993,0,0,0,0,0,0,1.02134636,0.10648427,0,1.50284781,0,0,0,0.06784254,0,0,0,0.08703779,0,4.84031541,500.07818967,8940.27344934,0,6.66771391,2.65050183,0,0,0.1956934,0,8763.01371574,85.64513306
"GMBC_054_E2",8.83472413,0.53115195,0.07070999,9.4762755,0,0.31255464,0,0,0,0.42197225,1.70778465,156.53399904,3.81874617,20.94247551,101.80596169,0.68579258,3.01380398,0,0,0.13601549,0.31308069,0.43515597,0.50539388,0,0.04022011,0.0352557,0,0,0,613.69579036,63.25529242,0.16803362,209.7388399,0,0.61632274,2.94483093,19.66495362,0,0.0825033,5.20646524,216.76630709,0.76917989,14.28830179,10.56816425,0.71689694,0.60576326,0.67904854,0.24979982,3.48135525,1.89883882,0.13039427,0.04287423,0.13520762,0,15.72959772,0.16234524,0.07544082,0,0.13856177,0.02206044,0.00929743,0.02616509,0.11119193,1.53944547,3.58135306,0.0386094,9.0981125,0.02028685,5.15782059,0,0,5.68700911,299324.60636803,2750.10180233,5.30526462,0,0.0960762,7.27563067,0.07187075,0,3.84694339,1.99139341,0,326.13552526,495.26429878,0,0,0.07041707,795.65789614,1.2751592,20.88127682,1082.07889406,1.6261628,349.57992481,432335.47372175,0.99833766,2.50883421,5.18236456,0,0,0,0,0,0,0,0,0,0,20.24268506,606.63553789,3.48834707,0,0.32561474,0.19262822,2386610.12962846,652633.96749383,500931.98285316,65495.05660186,42462.94552671,54163.98169508,109152.71778608,45.35563715,64025.687836,1260.60851774,1.23393623,46.07946784,0,0,0,0.46210216,0,0.34635505,0,0,1.01703174,0,0,0,0.27079281,0.04148119,0,0.13552157,0,0,35.12835078,2.17570709,17706.74817246,0,0,54355.90427902,215.30416823,0,203.25496557,6.84414392,13742.4500745,0,3018.32354838,71895.53715922,744.71525417,0,0,0.1828873,0.28651263,0.75487751,182.87373075,1.01103845,103.79870421,138.96829257,30.7644337,17.19113521,0.77588651,0.48178873,0.13808157,23.70035656,82.18702256,320.35993244,22.12061721,64.09703965,58.55037011,18.24564643,0.42211854,1.69789673,4.10722672,0.74703331,1.13661358,24153.70468887,1.61571138,0.83649503,0.62957496,0.31503297,0.9585841,0.15913661,0,4.98091161,12535.33995986,0,5.459129,0,0,365.63696761,0.24515551,13.84416596,40859.51829643,8.72826832,0,0,96.25030364,0,0,0,0,0,0,0.29774833,0.19402521,0,0.23156596,0,0,0,0,0,0,0,0.05786387,0,3.68392979,1007.82789297,22559.60076174,0,0.6057889,0,0,0,0,0,9734.06823008,319.28631846
"GMBC_055_E2",8.55274752,0.73566968,0.66852543,5.69789271,0,0.07582235,0,0,0,0,9.68025203,6.51750782,0.32756032,0.25668649,18.09004905,0.28450084,6.22362918,0,0,0.84329551,0.25050904,0.14281605,0.61777515,0,0.0484224,0.01116249,0,0,0.23080488,580.33450197,12.71690377,0.68313833,819.48385736,0,0,5.04042318,83.20578324,0,0.60293105,3.2561557,45.50781151,0.24986695,0,22.4452708,0.42466008,0.11322015,0.69806568,0.09404956,8.44582321,4.96173847,0.03025855,0.01465499,0.11019485,0,11.34024367,0.089065,0.0176503,0,0.04800875,0.01706196,0.00489186,0.00964532,0.02364538,0.19628779,0.47488987,0.01813556,1.91540184,0.03577025,0.97945726,0,0,0,310274.39153517,2251.61411536,4.64016756,0,0.32713285,7.94009751,0,0,2.74880356,1.89609606,0.06260947,926.23115076,250.11848353,0,0,0.37089846,709.53950478,0.83928622,19.5494239,102.93620324,26.59248836,839.37599662,367121.76940349,0.31308592,3.36681588,3.88765797,0,0,0,0,0,0,0,0,0,0,10.05751028,353.54960623,55.03337003,0,0.23371932,0.02489233,999158.62294917,107918.72450812,43141.47648929,31560.00913695,23106.7125381,29910.06443886,16712.00118271,30.52314303,11472.45308445,411.38704508,0.62377975,40.82964388,0,0,0,0.1731604,0,0.10911791,0,0,0.5450638,0,0,0,0.19165767,0.06570725,0,0.04464797,0,0.29345548,34.53451462,0.54777533,11579.48714563,0,0,32753.66866123,318.38622561,0.2881625,12.94579805,22.18572606,8723.61617895,0,7355.06823748,39600.03364837,760.82964534,0,0,0.13130872,0.13743261,0.17325675,20.902203,0.47942255,67.86128837,10.56571827,4.39289498,2.95245103,0.08625171,0.59247594,0.06672638,41.73483873,65.52610222,332.12145503,31.0590277,18.29645221,125.0216832,18.28685719,0.16943729,0.94196715,1.94336658,0.57069921,0.23894857,14777.33919135,0.92623612,0.75745056,0.30751063,0.1846411,1.45042216,0.58968975,0,0.93972423,7471.47012558,0,1.29124697,0,0,139.23423327,0,221.4286188,23750.40678413,1.21114137,0,0,21.76062577,0,0,0,0,0,0,0.11654034,0.04048609,0,0.09413714,0,0,0,0,0,0,0,0.03374248,0,1.09397471,502.15295693,12537.66858488,0,0.93312009,1.80278231,0,0,0.16941347,0,15201.40980979,253.21638942
"GMBC_056_E2",5.49444775,0.44389577,0,2.9268817,0,0.05943391,0,0,0,0.44049214,5.51107914,5.51953409,0,0.49228675,24.55754438,0.27731235,3.91171606,0,0,0.22491764,0.18171925,0.05918098,0.07478071,0,0.06705903,0.3998636,0,0,0.20955292,91.63363591,11.91675008,0,78.8232689,0,0,0.76165759,21.89890601,0,0.02769263,11.7925936,86.97376822,0.47611343,5.64563927,4.31941722,0.33069482,0.47650569,0.8229752,0.2957189,1.10089894,0.39913945,0.14065977,0.00748494,0.08727042,0,9.94584753,0.07743037,0.02360702,0,0.04920297,0.01455198,0.00413215,0.00392696,0.02247757,0.17638703,0.57834095,0.01363731,0.82819715,0.01784819,0.77024167,0,0,0,64573.75073344,451.88460481,1.00089032,0,0.01077099,0,0.22686741,0.3727776,0.88756677,0.92445592,0,235.81136066,68.08477639,0,0,0,226.54581852,0.88435259,27.24992842,9.43216392,7.83296172,578.36744555,367653.08059228,0.37910183,1.61462803,2.69145848,0,0,0,0,0,0,0,0,0,0,2.98706704,250.63631639,8.92802246,0,0.13223585,0.06426176,1715156.06055495,431165.96640912,459200.43269396,104155.30306989,75428.02882217,108713.35800072,90305.03787999,19.78428437,24319.53334257,331.71307189,0.72410258,19.08802467,0,0,0,0.11050576,0,0.05208381,0,0,0.09450946,0,0,0,0.06816538,0,0,0,0,0,12.4677601,0.02866237,8287.21787546,0,0,33565.37868893,115.00543043,0.0971724,21.55424285,14.50184779,13104.0403134,0,4183.31218721,44176.7866034,429.85480599,0,0,0,0.39335805,1.17273295,65.41869563,0.39231469,75.17857636,97.95391397,15.01859582,9.50158764,0.38592166,0.09385284,0,26.11617394,58.56335367,379.28171634,27.29210673,34.76863074,98.59283272,8.43841449,1.02933456,0.86862368,2.01403624,0.41280237,0.19097854,16920.57312375,1.39934517,0.67362873,0.19923297,0.13111042,0.49071802,0.38281884,0,0.66222419,7704.97737651,0,0.43275417,0,0,61.19537832,0,10.08975971,20968.97717721,0,0,0,4.28684177,0,0,0,0,0,0,0.09736459,0.04300097,0,0.02309648,0,0,0,0,0,0,0,0.01876477,0,0,692.71165433,12294.59397785,0,0,0,0,0,0.04634039,0,4427.66842693,56.06433576
"GMBC_057_E2",1.14127121,0.22909658,0.0973544,29.70765485,0,0.06241883,0,0.04357141,0,0.35926336,1.22172041,20.10505782,1.02709063,4.09516835,17.15497056,0.3996097,5.48831122,0,0,0,0.17769003,1.60283828,1.40589547,0,0.00793242,0.59634711,0,0,0.17298424,121.16058566,10.6703122,0.16208923,669.93866874,0,0.21178183,2.43416781,40.00863049,0,0.02534776,4.87423449,69.01497046,0.33647935,4.93378489,5.16782968,0.24153944,0.65265174,0.51618496,0.09388333,0.94537886,0.20878055,0.01950657,0.00931879,0.09991884,0,10.73112323,0.11268988,0.01801201,0,0,0.01956142,0.00347382,0.00885664,0.05107252,0.64826958,1.14901522,0.01247895,2.16778587,0.02304408,18.48272277,0,0,0.05878265,68619.05531495,1155.51486855,53.55752154,0,0.08948847,0,0,0.31997853,0.86851072,24.40885607,0,413.11569777,1461.41865502,0,0,0.18010691,274.70762132,0.74643829,25.47687134,68.70098522,140.55542806,280.10533004,198271.38172223,0.55374709,7.29803493,5.51949919,0,0,0,0,0,0,0,0,0,0,24.82172278,457.85390161,3.47930205,0.31585124,0.20694504,0.0465186,1997178.54686231,327632.73376326,573112.79853544,31774.97737292,20111.56802307,28654.67137218,63948.70675907,20.00106302,95428.47415108,333.64180569,1.19244459,20.75688742,0,0,0,0.60985956,0,0.54913137,0,0,1.15901266,0.02867662,0,0,0.06089667,0.61936673,0,0.03449479,0,0.09151329,86.25683487,0.36068474,8228.55400955,0,0,21049.71380804,340.09408058,0.03855484,30.77985277,14.31818178,11884.71622088,0,3510.47342106,25974.42371918,829.58409905,0,0,0.56501913,0.8554018,2.21684483,425.83592368,2.21760392,62.6511665,80.01081778,47.43483936,46.18647993,1.72937365,0.47892025,0.10832255,55.49481578,62.8771025,435.55674077,21.77150273,76.58638975,130.80625136,152.29121715,0.71203599,1.51854448,4.06949284,1.53680352,0.58185604,10142.67868286,2.03907395,0.49222389,0.51002197,0.03647253,23.41735226,0.06042179,0,0.96132954,6024.65956449,0,9.64595353,0,0,108.38590445,0,6.19037127,7741.89132088,8.26847115,0,4.95350867,10.92388256,0,0,0,0,0,0,0.25736274,0.1109852,0,0.26321882,0,0,0,0.06116201,0,0,0,0.01659264,0,4.28158953,536.70535946,8440.81025535,0,0.69043743,0.66724027,0,0,0.16020163,0,5585.72018406,112.77477843
"GMBC_058_E2",1.29013736,0.2984873,0.16136535,15.18944204,0,0.66095382,0,0.28444237,0,0.45561936,3.31948211,0.34155702,0.11653824,0.4482618,3.31683159,1.77748752,83.52692479,0.00378212,0,0,0.21431821,0.39677859,3.18722625,0,0.02161428,0.34918046,0,0,0.27998311,753.50870158,63.51594066,0.14477224,505.92273423,0,0.3288152,3.09253771,145.07584636,0,0.06938223,13.55594822,153.72056144,0.51258253,9.04570983,43.71510864,0.41887882,0.42881888,0.65697654,0.13102649,3.01501991,1.30311876,0.02769642,0,0.11220393,0,13.09956872,0.1469176,0.0108197,0,0,0.02239688,0.00423234,0.00860134,0.02706429,0.52397806,1.00433714,0.01449911,13.51721205,0.01750075,72.33901491,0,0,0.30277658,98486.2538418,1418.95443311,35.2175159,0,0.15446113,0.74851488,0,0.48919698,0.57026828,14.60872557,0,590.00766116,633.08548102,0,0,0.26230198,1231.48728679,1.07737166,6.67191532,53.51405469,26.72874973,115.18603764,390607.23805578,0.36480935,0.72259431,13.56681265,0,0,0,0,0,0,0,0,0,0,10.02461837,551.34362525,6.91900724,0.34345864,0.17296785,0.15488443,3235081.73782262,628753.24122925,791588.10017166,90818.45283454,63734.19297391,85750.73180369,112289.45152571,49.38512864,40107.89978792,445.60358885,1.58272612,14.20446374,0,0,0,1.09185196,0,0.35135505,0,0,0.47482083,0.00883732,0,0,0.09204545,0.4315449,0,0.12467774,0,0.25061541,148.99888371,0.01479686,18879.29811565,0,0,31426.42979121,493.81889192,0.29386414,71.49879653,21.8982335,27978.42957383,0,9523.57391938,43453.852137,1080.52866847,0,0,1.98738377,0.28005353,0.47059221,216.81829523,1.44929383,78.5630603,37.20325604,46.00965129,57.40407055,0.24894556,0.38875932,0.08578824,180.2203661,83.79600797,865.70434167,46.4335474,27.28664763,130.43899584,95.51968473,0.38699563,0.4423885,1.07844792,1.68864986,0.33303025,21577.05174279,3.7266826,0.6572148,0.73321053,0,7.89817378,0.19535815,0,4.49436943,9443.17713983,0,1.94655993,0,0,487.16938571,0,4.48561221,17051.29360747,4.55240519,0,0,22.51945694,0,0,0,0,0,0,0.32219562,0.09224199,0,0.1438903,0,0,0,0.07076233,0,0,0,0,0,0.66126882,978.05962916,16541.74099234,0,1.15308739,3.36694933,0,0,0,0.06675077,34108.59632385,212.26520208
"GMBC_059_E2",0.77163112,0.41843056,0.07112998,24.75464795,0,0.07318733,0,0.1293475,0,0.39224772,0.78660073,1.38241438,0,0.04978625,19.67270211,0.35589415,11.56531547,0,0,0.09289935,0.31896844,0.12727838,0.41401834,0,0.00482452,0.00959686,0,0,0,230.89330307,23.58916629,0.05653367,405.33765678,0,0.36560267,9.04109801,3.84375177,0,0,2.10865561,100.73834037,0.38749024,2.98243627,2.21510769,0.82287313,1.1217196,0.43743312,0.38278983,1.0151531,0.44405751,0.21257434,0.00671884,0.12632334,0,10.69396167,0.11943378,0.00354683,0,0.0462189,0.01469455,0.0033057,0.01014314,0.03723817,0.31450112,1.34773898,0.02459273,4.04120316,0.02047464,4.02412006,0,0,3.25192811,83924.54587381,1142.93021544,15.26610788,0,0.06685905,0.7195873,0,0.17142096,0.60956497,4.61902343,0,218.10773296,1002.18214355,0,0,2.33174417,320.46124635,1.09206437,4.41452723,708.55708579,6.22026224,157.61050516,397855.55580226,0.23794173,6.39588493,1.18594569,0,0,0,0,0,0,0,0,0,0,15.43140029,381.46462094,1.80751862,0,0.15742028,0.0347657,1110574.07714193,498043.29862554,490730.82889123,75685.22289619,53594.64142456,61821.55852607,66473.45556874,106.75221349,1728.1003742,1766.464344,0.43201695,18.19368774,0,0,0,0.32272949,0,0.12709737,0,0,2.7217808,0.02468513,0,0,0.47314789,0.28215939,0,0.03930202,0,0.20082259,14.94888141,0.14026606,2176.17500439,0,0,32674.35418412,198.77292639,0.1503106,70.81757649,14.93208628,7028.378381,0,4167.20433694,44820.24387333,618.71284467,0,0,0.7945981,0.19814972,0.51276849,79.52913444,0.94553313,67.48476014,31.18427729,74.68036163,11.27894692,0.17824167,0.20353257,0.00316426,29.8601302,56.66489615,254.11954675,16.34883764,13.16870032,57.65927996,12.48971066,0.15378505,0.58909239,1.59756042,0.48263122,0.86683828,17144.00214511,2.68882033,1.25926982,0.31110325,0.20979117,0.95483883,0.50320302,0,0.72244952,7892.27896788,0,1.00711081,0,0,228.77406156,0,5.83778379,16004.55486094,3.30349603,0,0,49.60065711,31.12239795,0,0,0,0,0,0.34036185,0.08338288,0,0.5180928,0,0,0,0.02744438,0,0,0,0.01412915,0,6.22992116,681.27577745,12967.27312458,0,4.68449004,1.73952038,0,0,36.91462954,0.11935967,7080.78091953,65.27737155
"GMBC_060_E2",0.86692074,0.82511307,1.4360039,13.77421607,0,0,0.02611251,0.10984012,0,0.44406689,3.69696951,0.47319758,1.2979259,0,10.05168834,0.08325387,4.07797096,0.40122365,0,0,0.73889765,1.64281244,5.40096462,0,0,0.0480243,0,0,0,403.58415288,0,1.60272319,262.44208202,0,0,1.80095967,2.0796369,0,0,42.70579894,672.92271009,0.3256738,19.09478017,12.8878205,1.64669862,1.12014151,2.14791178,0.05081638,0.7454353,0.54301795,0.01752267,0.00945205,0.25145082,0,27.82249955,0.37593715,0.00873724,0,0.02318186,0.04519306,0.01504061,0.3026506,1.69587403,16.57188634,25.2824736,0.45499282,14.88940812,0.34711484,387.23591749,0,0,0.04076675,777507.87821266,575.61150549,125.55141808,0.93288604,0,0,0.08076147,0.70364705,1.22060432,31.38432223,0,250.9089576,563.23672717,0,0,3.44933125,1464.76818099,1.57630392,2.62400715,1995.69327077,73.03087637,1305.21781153,9231.4126606,0.76806344,7.67455673,0.42897372,0,0,0,0,0,0,0,0,0,0,122.31950133,887.26077659,3.63268776,0,1.06082621,0.01972883,8199825.35143466,3234116.82543981,1236087.08986552,18795.33006298,5667.06169631,13696.62143614,45827.84229436,375.77624212,772.93242384,5105.64548307,5.21751488,43.03707733,0,0,0,13.46116133,0.22901371,4.20560775,0,0,8.83629612,0.221703,0,0,0.23346138,13.46010728,0,0.69876157,0.0293102,1.13587494,12.27407338,8.3361012,25568.50317442,0,0,40731.23126079,276.53524203,6.86616187,99.46529802,42.371629,4884.90285149,0,1292.42581374,60304.07351175,1177.20599491,0,0,32.74101215,47.5819243,42.06652136,3203.67539157,35.35553984,149.05980464,2395.26749727,1437.42336963,407.76596834,33.71694159,2.58387197,0.88417187,247.9634751,145.20010962,4492.30002308,392.61233778,619.3000152,727.5369826,270.81419694,7.14056285,1.58619142,6.88600649,6.68841933,5.43711981,30929.38306175,1.64208424,0.68727846,0.1696818,0.21596768,16.58928143,0.12396272,0,1.76175341,17036.54402364,0,71.71863227,0,0,296.82744362,2.43336815,12.726811,13604.11278536,8.52105561,0,0,74.83875515,17.07916314,0,0,0,0,0,13.39585502,0.80202323,0,6.89971175,0,0,0,1.70607236,2.30943898,0,0,0.3296277,0,8.02313269,1362.28517867,16457.48666959,0,19.53472278,50.55402562,0,0,101.58496103,5.5899029,4607.97490307,854.54178181
"GMBC_061_E2",0.73881954,0.32512269,0.29846468,11.20159412,0,0.00368237,0,0.02367688,0,0.3710191,0.37785344,1.17477732,0,0.22858065,21.9182992,0.08185458,1.70297996,0,0,0.03968485,0.20572561,0.44479731,0.61261553,0,0.00682784,0.08419047,0,0,0.23467192,2.76242942,49.86266257,0.329836,297.80309309,0,0.37741524,4.21311166,0.33130907,0,0.05134076,3.66078046,35.96928935,0.52519235,3.73932825,3.60224953,0.11718199,0.03350801,0.67843679,0.03378463,0.7623824,0.23958932,0.02767106,0.00912651,0.08098407,0,9.12210379,0.04095902,0.00831511,0,0,0.01274766,0.00509,0.00939995,0.04601094,0.47354854,0.80439072,0.02838294,0.74631879,0.02584501,1.97796142,0,0,32.65166554,35557.91392516,1528.25415739,8.65294545,0,0.8754349,0.61763832,0,1.01609458,0.27757319,8.78196731,0,332.03282205,230.82189483,0,0,0.29104099,121.38621267,0.73474058,4.65764785,153.05425575,40.53515311,318.45828463,130135.50897701,0,0.75600399,3.78769049,0,0,0,0,0,0,0,0,0,0,7.7539253,244.81388763,0.73267062,0,0.03582037,0.02770123,315399.48098519,63330.01306847,27841.46191842,15025.8654953,12651.36461103,17205.94946499,11081.93685125,17.50093694,389.87741852,102.96758078,0.74569818,13.53999441,0,0,0,0.08240017,0,0.14287191,0,0,0.31506939,0,0,0,0.10032733,0.07459497,0,0.01203035,0,0,104.64816635,0.21749999,1520.67209865,0,0,12630.51708073,325.32596421,0.09682268,12.63080808,12.20532862,9284.47204792,0,2445.5622113,18009.53731811,673.05910748,0,0,0.18114513,0.20433633,0.3512628,67.77611744,1.2075517,65.11721867,20.63839693,77.95594137,15.3250417,0.14481629,0.66442274,0.05449768,30.21823959,51.63596674,208.57005132,18.17433029,32.28830616,66.99589575,20.99646005,0.22679953,1.38173209,6.10791332,0.94249244,0.9483503,7031.03558778,0.87675755,0.30933663,0.1511674,0,46.9917221,0.69029776,0,0.66673268,4160.22195874,0,1.55076101,0,0,32.12930696,0.01871529,4.97569144,5801.04632508,0,0,0,14.47175422,0,0,0,0,0,0,0.08530423,0.03788911,0,0.04005636,0,0,0,0,0,0,0,0.02020565,0,0.67002327,246.0437134,5628.49509128,0,2.01284201,0,0,0,0.19078627,2.89870763,3776.64791687,58.01734773
"GMBC_062_E2",0.93603614,0.20067398,0.30073752,13.70305891,0,0.02220682,0.00417696,0.05450108,0,0.12034444,0.79779696,0.26278378,0.36627747,0,2.17012754,0.09381774,0.34077103,0,0,0.09596812,0.21480648,0.13195161,0.80617395,0,0,0,0,0,0.10190091,315.49194724,4.41508359,0.41164952,728.67624351,0,0.93543285,8.68541185,11.85071701,0,0.00635952,4.89251312,171.27017355,0.54368277,0,3.70884297,0.76606196,0.5303355,0.72874091,0.20008424,2.16865378,1.49230332,0.08556517,0.00517906,0.0933133,0,10.83039328,0.11914595,0.02994723,0,0.03786961,0.01612201,0.00654821,0.06455862,0.26065282,1.77672852,7.1090095,0.12769001,3.64833385,0.04883008,2.78311951,0,0,0.26170711,51323.12617652,2374.91814397,7.3096349,0,0.03130659,0.33386388,0.10763409,0.07107045,0.23295876,3.22432007,0,651.11728628,676.58041964,0,0,0.5755746,173.70610732,1.0287204,2.00477535,22.11346509,8.88819672,85.52619001,463958.83352418,0.16930828,8.82350821,1.16605665,0,0,0,0,0,0,0,0,0,0,0.88840676,160.66636099,0.24121227,0.10746445,0.08547886,0,1328398.60415954,197279.03453931,131190.85417074,50197.55510846,41650.13123353,48319.36023409,53702.89276376,61.89154197,32538.12684428,253.81037621,0.9078047,3.31682895,0,0,0,0.18292508,0,0.0797072,0,0,0.43728753,0,0,0,0.05801443,0.05534701,0,0.02581299,0,0,12.76319681,2.68994385,10801.87223385,0,0,32022.20455281,370.64019739,0.10311225,4.69314764,18.06191045,18382.04906795,0,4475.34684343,38910.91781531,769.68520184,0,0,1.1229671,0.23760377,0.53126153,68.2897396,0.48663667,61.3044107,24.76962428,20.34113449,16.52594422,0.42121173,0.1145765,0,24.23579617,59.04752215,337.36533008,37.93844731,33.62648417,73.74967101,39.99753264,0.21717925,0.54044494,1.43054897,0.49392692,0.1789447,16138.6222694,3.18368505,1.14725831,0.2253299,0,9.22610095,0.5993477,0,2.08925416,7786.32022866,0,0.96897109,0,0,176.32441763,0,5.08011864,5825.86160727,0,0,0,13.13017796,0,0,0,0,0,0,0.07957688,0.0642976,0,0.12715639,0,0,0,0,0,0,0,0.01703118,0,3.9666572,650.11929154,13579.09627029,0,8.57314248,13.82661109,0,0,0.15407209,0,9678.1813455,28.61693556
"GMBC_063_E2",3.48143311,0.46374801,0,5.36975578,0,0.03974262,0,0.06767683,0,0.17769131,3.68021081,33.94932455,0.96434534,2.40366574,27.81147397,0.20117431,3.52208493,0,0,0,0.18534464,0.18909567,0.85563131,0,0,0.06633488,0,0,0.06897645,70.21528725,95.73706511,0,343.61651114,0,0,1.56968865,95.02192217,0,0.05874122,2.21230364,162.58619704,0,17.68852723,90.67748882,0.95518077,0.47848648,0.83985331,0.15180227,4.72139506,3.03654571,0.07806508,0.01321138,0.10867997,0,11.58004927,0.07639652,0.0050476,0,0.13937027,0.02263986,0.00807671,0.00911571,0.05483881,0.27020721,0.9769575,0.0264187,6.06111699,0.05741182,1.695217,0,0,0,20183.83912176,1144.84974472,1.87660082,0,0.060238,1.43382214,0,0,0.31996541,2.89557996,0,599.64912758,119.73024416,0,0,0.10915069,85.05021644,1.02839241,11.95961445,15.64028588,3.63335207,88.18608088,247099.12202191,2.45149912,34.78424691,3.8176554,0,0,0,0,0,0,0,0,0,0,34.8008442,518.58897249,0.3972071,0,0.12346989,0.0192091,1421862.65920666,292965.105175,98527.84762951,37740.4219238,26847.19011702,32324.2002305,29305.545372,25.15659344,689.41695772,114.97752283,1.37018045,75.87397035,0,0,0,0.47327595,0,0.23558479,0,0,0.1680351,0,0,0,0.10206709,0.03879644,0,0.11409557,0,0,22.25795399,51.40994952,12997.15508333,0,0,30169.44374637,163.42606188,0.23863297,137.77438356,19.63887799,14523.46766011,0,4414.86732698,33788.33439091,567.31407452,0,0,0.14650895,0.19930728,0.33449091,59.814906,0.8470145,76.96927151,24.25568575,29.25529733,16.77566559,0.13775572,0.72046506,0.24902181,88.5291707,67.15916699,915.39368701,67.17324483,23.05479147,107.02370577,22.51786831,0.40028963,0.78797892,1.52299044,0.60122239,0.82760054,14375.13537396,0.4863853,0.26169623,0.1082275,0,4.69944908,0,0,3.46262032,6683.51512479,0,1.04314367,0,0,547.47298092,0,10.36436718,17543.43216742,5.92460546,0,12.57768826,10.48989401,0,0,0,0,0,0,0.22304823,0.06471982,0,0.03703609,0,0,0,0.04965456,0,0,0,0.03392605,0,0.41684989,545.67177661,11355.6346268,0,0.23497634,0,0,0,0.15723008,0,4126.84445889,60.15117841
"GMBC_064_E2",1.51037229,0.26857419,0.14622229,14.01867775,0,0.02232342,0,0.63201384,0,0.08981869,1.67626576,19.0093299,0.49217529,2.13115997,41.05055379,0.34364647,0.59867935,0.00431856,0,0.91388665,0.28150029,0.76603693,0.62646899,0,0,0.40014134,0,0,0.11138512,83.14872891,33.9215333,0.2089375,736.19871879,0,0.29062963,8.05923467,73.43088373,0,0.02363021,2.90069864,69.92465798,0.47869148,24.94291832,8.12344417,0.31129242,0.3556746,1.53000191,0.10748089,2.86119305,1.86245557,0.01958896,0.02822345,0.09763268,0,11.26432719,0.09427104,0.01487776,0,0.07274464,0.01558067,0.0046721,0.00948824,0.02118682,0.32595262,1.60621943,0.01684288,9.65191394,0.03723267,4.41513969,0,0,0,53507.98742293,1855.94405406,5.37350452,0,0.25570267,0,0,0.99666986,0.28159833,1.13727167,0,514.88638488,1462.36030813,0,0,0.08457378,237.10555471,0.91317744,1.52352471,18.3452342,3.21802955,266.44370664,286385.18964923,0.60464727,4.96574103,10.72494729,0,0,0,0,0,0,0,0,0,0,2.39873849,254.78108941,0.30702593,0,0.92343847,0.33736841,1448805.75281551,261479.97686326,217686.77403912,41587.94020608,25291.06872051,33207.25809097,47321.07379688,49.89867659,19191.59458753,231.0435715,0.57726278,15.85296061,0,0,0,0.52731405,0,0.17774794,0,0,0.87136388,0,0,0,0.21530567,0.12655923,0,0.05091069,0,0.19468961,105.79160698,0.93648338,13669.32847706,0,0,24235.79100291,324.5252474,0.12849173,192.64965188,16.25563616,15452.0626619,0,4678.42527277,32998.02140649,855.24228142,0,0,0.22389518,0.37293371,0.53077624,119.11007404,1.5827929,83.15974505,33.33913696,66.68063385,13.48236769,0.23849687,0.32448265,0.1996488,114.16685482,64.0698191,1136.08385164,53.49262191,56.92226772,195.18367762,26.09467627,0.61081375,0.70365397,1.58802553,1.05168759,3.43333569,14271.78891436,0.67884191,0.60326885,0.45729029,0,1.50697931,0,0,0.42868489,7619.98257047,0,0.79174303,0,0,344.03737429,0,6.64525977,14283.04328466,0,0,13.69551065,8.10061658,0,0,0,0,0,0,0.51729737,0.10032419,0,0.22041369,0,0,0,0.22999767,0,0,0,0.05419685,0,3.53258077,608.63878701,12409.08847862,0,0.5168034,0,0,0,0,0,4581.3278315,65.00309806
"GMBC_065_E2",1.81728276,0.27917027,0.17814103,75.02433106,0,0.03159393,0,0,0,0.53919775,1.8031567,8.12020624,0,0.42207936,44.50673276,0.24176033,0.72667291,0,0,0.27180834,0.27216433,0.22589373,0.45503223,0,0,0.15586926,0,0,0.07933038,581.25451874,36.78695419,0.2196156,1538.66794224,0,0.3861587,6.22832157,145.81982668,0,0.07541433,10.0145783,52.21383187,0,32.66637191,4.34257947,0.25835208,0.21045687,0.63361359,0.10755745,1.49429092,0.85938885,0.04909271,0.02485248,0.09084754,0,11.22154923,0.05719705,0.02247782,0,0.10485199,0.01820721,0.00488368,0.01476711,0.10156563,0.65824437,1.12411645,0.02507332,3.44524002,0.07011402,81.55853862,0,0,0,466591.60733671,3615.13410877,90.24939841,0,1.53949991,1.16290971,0,0,0.16440038,0.39092182,0,509.25991712,3916.99371645,0,0,1.58574649,1141.09061214,1.03009963,2.89723078,13.86009281,0.8423457,1565.15289233,84689.36186496,0.60951407,3.24633027,3.46646291,0,0,0,0,0,0,0,0,0,0,6.76653984,375.24752323,0.29843858,0,0.12423591,0,1397978.96161639,287651.80007049,205843.00439243,59954.85652703,44435.38278957,66564.18108281,66748.26883123,23.67231764,36080.71557175,234.2031535,0.3383667,6.63930561,0,0,0,0.12742958,0,0.12088873,0,0,0.91566097,0,0,0,0.11973459,0,0,0,0,0.23068504,85.76837777,0.51182829,9928.38802552,0,0,9089.49059485,443.96956195,0.31479912,24.89090795,14.39710065,11447.8353022,0,7816.53273409,12337.97735022,1087.62230758,0,0,2.83462968,17.62334766,31.61699639,831.28860234,16.55765335,81.62319496,484.97611054,87.32312787,1587.66506325,6.82836004,0.48538898,0.08251347,202.25572968,65.67233208,2624.93022816,52.12129102,202.35133377,93.41637487,3314.56691854,3.56480314,1.63740112,3.3794913,7.2662075,0.99723878,4602.62590491,1.58852632,0.09019744,1.79182967,0,0.52985083,0,0,1.21153513,3031.67597668,0,1.62387227,0,0,145.570047,0,12.16181804,5500.42111454,0,0,0,19.49723022,0,0,0,0,0,0,0.03349203,0.03013959,0,0.56238655,0,0,0,0,0,0,0,0.03371197,0,2.35718422,235.98550216,4209.18190017,0,2.33440778,0,0,0,0.12735301,0,5829.16382451,569.80682153
"GMBC_066_E2",1.93235341,0.16740193,0.1924233,2.40668493,0,0.06784827,0,0,0,0.34330527,1.7466309,5.67864673,0.27802996,0.38229825,50.67955277,0.14401916,5.60289405,0,0,0.34522523,0.21968982,0.24454329,0.82369976,0,0.03238111,0.00184855,0,0,0.11202889,159.02196232,30.87590214,0.12262017,710.5870932,0,0.35162183,2.77516408,36.54617696,0,0,4.02338157,35.73525858,0.43565525,8.64797504,34.4683481,0.41076923,0.22429177,0.64873254,0.15104552,1.61788513,0.73637902,0.07832218,0.00620218,0.09254693,0,10.14662367,0.07881943,0.01180533,0,0.05356089,0.01878073,0.0044191,0.01032116,0.02202947,0.13753454,0.29800307,0.01296106,0.55158592,0.02321761,1.96798383,0,0,0,101954.63285836,1834.71604058,1.92180295,0,0.09136543,0.95422088,0,0,0.27004222,1.05731903,0,873.5090814,190.58952002,0,0,0.07031202,445.63628558,1.12832065,11.16851281,6.32733283,11.64420725,354.24338429,431326.86749325,0.53971281,1.03004553,4.42330083,0,0,0,0,0,0,0,0,0,0,18.90852314,420.17995685,0.49979912,0,0.08520117,0.0260664,1510224.32716876,262330.65394696,107490.41691794,50976.3614504,37202.05820125,49077.26369203,45241.32619529,31.39787649,10203.59275214,218.57709096,0.38183577,28.53141674,0,0,0,0.17182389,0,0.18295294,0,0,0.38216763,0,0,0,0.14434512,0,0,0.02982375,0,0.10738697,23.44058093,0.53438734,8492.82134292,0,0,19396.85737424,256.1155465,0.04735773,8.50437686,14.47982267,8212.5861949,0,4801.32210667,27689.13536838,625.7197607,0,0,0.22786271,0.56758483,3.62086455,109.47728006,1.1098356,65.07139629,74.34412964,15.06991768,21.38430845,0.41534318,0.36942025,0.04920877,198.82047411,61.22865926,1276.25632492,64.82880298,127.65585079,157.90902527,80.50587476,0.44706409,2.08303035,4.81299626,1.58881554,1.20785786,12459.52132514,0.41170317,0.22412933,0.24164742,0,2.13840902,0,0,0.68089366,6007.84895838,0,3.75738944,0,0,159.33003831,0,16.74725945,15864.99573378,11.46814243,0,0,11.4027018,40.6152377,0,0,0,0,0,0.18227498,0.11839551,0,0.084095,0,0,0,0,0,0,0,0.05202438,0,0.44351049,411.80014875,4183.36544309,0,0.18918289,0,0,0,0,0,6974.9915837,67.50973759
"GMBC_067_E2",12.58768294,0.65024338,0.15581547,7.10860199,0,0.03506635,0,0.08549206,0,4.08670307,3.34126194,0.57062375,2.00878851,1.08084635,6.10179503,0.27616129,0.95710124,0,0,2.76602601,0.28766294,0.81844333,1.56925406,0,0.0103781,0.17000585,0,0,0.05878598,156.26111655,53.462839,0.27756224,233.13170543,0,0.3275311,2.50492201,25.80888911,0,0.03424644,10.87572234,189.66434548,0.40219482,33.29013944,23.45302457,0.48141284,0.71392449,0.94145447,0.06320381,6.27207206,2.78226811,0.04667899,0.00657451,0.13348695,0.03398589,13.75508969,0.31706999,0.02267096,0,0.04063612,0.02231563,0.00850755,0.07894497,1.45398034,5.47608454,37.74895894,1.7916889,5.86111671,0.19953758,37.6589213,0,0,0,85037.01000157,1951.28774745,13.8366664,0,0.35718881,1.91024505,0.05968393,1.17165314,1.40476081,19.24384696,0,98.8060068,380.4165636,0,0,0.10307966,337.21371884,3.09309932,23.76795021,162.53498823,47.58771752,241.07129448,258128.89587514,0.64431869,4.11008064,10.14211468,0,0,0,0,0,0,0,0,0,0,4.58631189,362.13983479,0.3390578,0,0.25021902,0.13692069,3134895.56147475,695144.73117021,868585.94407288,68370.28304945,43823.8045378,61166.31774346,85866.31578199,73.73691985,91321.52562378,382.93262786,0.19807739,6.36186531,0,0,0,0.90134681,0,0.48729642,0,0,0.48360845,0,0,0,0.12674286,0.32106445,0,0.0583911,0,0.33183319,66.61387058,0.1949378,18867.07253736,0,0,40931.94559432,136.17527002,1.82472946,111.87263147,27.14532856,14445.19830303,0,2708.92204499,56985.80829223,582.14076231,0,0,0.71013556,0.97464338,1.6533624,359.66648016,4.51608447,96.76404971,98.7341335,150.61401742,113.89227445,0.31675927,0.32873973,0.20902353,58.00013572,79.17385825,572.87198487,66.54043874,60.62901385,83.74438027,71.07521013,0.67853469,0.39742037,0.62416106,0.68499406,0.14791125,30076.42804482,3.98228814,0.75711315,0.28846279,0,17.58695562,0.2089912,0,14.2237921,12108.76140662,0,1.71163608,0,0,482.30822676,0.05238286,15.83808708,20570.05340027,0.76922028,0,7.23481467,16.26770654,0,0,0,0,0,0,0.42202771,0.22137892,0,0.15778253,0,0,0,0.06885977,0,0,0,0.03573421,0,1.52972456,1330.25414774,24568.33542269,0,0.72990355,0,0,0,4.75676901,0,5840.10664681,127.63310864
"GMBC_068_E2",3.18114098,0.56762179,0.21194947,38.44336701,0,0.05859461,0,0.1513974,0,0.27110102,2.49317186,16.78741496,1.24222351,1.8077531,22.44275146,0.41539043,4.30081888,0,0,0,0.29418391,0.25399645,1.30143551,0,0.01373487,0.0772272,0,0,0.07655062,146.46137034,8.63231463,0.17808069,1236.8664862,0,0.24821333,6.85554408,20.82509347,0,0.04095928,2.739536,111.07478038,0.65230304,19.97274525,7.57531413,0.33905979,0.24134991,0.83809994,0.07994143,5.33787469,0.36411134,0.02341955,0.01040061,0.15262244,0,14.41014543,0.09686171,0.01427365,0,0.06012505,0.0254267,0.00749074,0.03232052,0.07603442,0.7717422,4.52384677,0.0712662,1.91811797,0.05800658,13.31704706,0,0,0,160199.62936067,786.46762283,10.17990157,0,0.07082816,1.46937799,0,0,0.76306034,9.95880296,0,492.72643311,2574.57530915,0,0,0.09525632,677.11534034,1.3911698,9.64013052,47.39729954,17.34253119,556.93558003,80601.5586187,0.8387348,7.96316223,4.35176499,0,0,0,0,0,0,0,0,0,0,30.53085733,637.3399089,8.94242512,0,0.26952013,0.08616339,1937819.64573323,471890.81924177,265361.87455226,31203.33964915,17780.23275945,21571.98096391,48399.04762784,38.04105998,21889.51504764,377.70474319,1.21335166,31.37225012,0,0,0,0.22685624,0,0.220166,0,0,1.69900603,0,0,0,0.19710513,0.39550905,0,0.03434459,0,0.23001554,64.9786696,1.23016681,16885.88125881,0,0,22620.13526805,366.84539904,0.29311855,92.10074888,18.89199612,11456.4836172,0,4236.15118946,29221.9484395,1080.27636432,0,0,0.60653189,0.44308955,0.69399401,266.41152427,1.71905049,106.82000919,71.10709932,119.71127876,103.74182542,0.46037519,0.18035417,0,143.33534164,82.9121685,2563.54371028,297.65815487,173.50898636,329.46572005,166.50817598,1.13989751,1.31560381,1.06196978,2.19725503,2.36165591,9411.47371369,0.92118957,1.52309863,0.83572253,0.13635185,13.15129577,0.26560303,0,1.36162506,6890.14696918,0,1.81519336,0,0,115.21823408,0,17.49291819,15385.65106184,5.93852661,0,11.98597327,7.81216265,0,0,0,0,0,0,0.11687345,0.10419063,0,0.26148884,0,0,0,0,0,0,0,0.03923414,0,25.54457518,550.72450982,9748.28084434,0,1.18365791,0,0,0,2.64733557,0,4952.9280581,233.07197379
"GMBC_070_E2",1.2409514,0.20519398,0,0,0,0.04912836,0,0,0,0.32858665,5.06134641,3.21407172,0.3182155,0,28.023898,0.18341273,2.72260348,0,0,0.14517213,0.26748278,0.03526114,0.42966207,0,0.00332267,0.00515008,0,0,0.15562138,3.52571937,1.23942885,0,140.50511411,0,0.08585656,1.05143084,76.05945204,0,0.01986574,1.33993087,42.10695628,0.34817468,6.71211657,4.67408535,0.23226352,0.06206217,0.69382109,0.02139327,0.88030661,0.10833142,0.02284445,0.01015976,0.1275468,0.02773335,11.33571235,0.04907626,0.00785138,0,0.04026803,0.01842051,0.00384328,0.01612102,0.03596453,0.3221177,0.78167026,0.03140742,1.10725228,0.07097213,0.75861454,0,0,0,36034.266373,1323.09305436,1.27137707,0,0.11570444,2.9914253,0,0.27262887,0.20382288,5.02976085,0,387.78388669,96.4070935,0,0,0.11791288,247.31143009,1.03461269,14.44951266,5.37072557,14.94388759,93.74028373,171957.13270108,0.06691532,1.05541881,2.95818334,0,0,0,0,0,0,0,0,0,0,15.53308467,347.16206109,9.56981226,0,0.05368868,0.02514287,664828.50218033,124274.71310062,65902.44927381,23984.38043502,18405.55113445,24418.62413819,20153.45159711,23.70572845,5245.93800851,91.31954055,0.46289455,27.65530502,0,0,0,0.14180016,0,0.07883102,0,0,0.13934207,0,0,0,0.08052595,0,0,0.02429645,0,0,24.51056118,0.25189599,9842.3546542,0,0,13255.10998207,131.45854928,0.03731215,55.78894163,13.73628923,15434.82498619,0,2845.94948613,17725.44649798,447.71909694,0,0,0.08732149,0.16904015,0.61292186,59.85223592,0.48615096,68.64127724,21.52833779,14.44571634,15.86823618,0.15276128,0.11317533,0.07528512,25.21953755,62.89903892,337.11243045,23.44608278,28.82347265,49.43347633,25.05174266,0.28492335,0.41022672,1.02264611,0.94597379,9.98294599,6028.53462175,0.7625198,0.17703891,0.14242059,0,3.18447885,0,0,0.71907437,3968.95209081,0,6.98073396,0,0,122.88388915,0,9.29636903,7165.16685942,3.62073447,0,0,25.73994596,16.77836304,0,0,0,0,0,0.1266573,0.068733,0,0.05422421,0,0,0,0,0,0,0,0,0,0.29344196,244.97134826,4935.00195569,0,0.09471083,0,0,0,0,0,3581.78449738,100.73458498
"GMBC_071_E2",0.92751436,1.22994666,0.46296604,33.17015348,0,0.03427874,0,0,0,1.0111143,2.37048645,12.84362448,0.35714274,1.67419576,23.97535638,0.14546401,6.1568483,0,0,0,0.21845271,0.3941593,1.39187645,0,0.02914873,0.03652074,0,0,0,255.69239966,74.05495125,0.46392243,606.59166447,0,0.18675481,2.41163002,38.36681295,0,0,3.60409848,848.27117533,0.59717642,2.70668744,3.95478127,0.26803706,0.28979041,1.03053059,0.11650867,5.61508889,1.28692627,0.0715477,0.0104362,0.17680517,0.07551183,15.38996227,0.20129852,0.02300261,0,0,0.02530057,0.00654987,0.00894268,0.0271641,0.29708291,0.54460036,0.03404737,1.48974033,0.02985304,8.16182824,0,0,0,80693.7813516,1321.05785792,15.68325537,0,0.30149504,0.41607352,0.36747454,25.08998412,0.32592842,4.14209165,0,739.85372596,720.75047624,0,0,0.93360911,400.274627,1.66021384,5.0886289,9.25041236,24.77000593,247.08137166,478051.62780374,0.31025817,5.35275762,3.21591265,0,0,0,0,0,0,0,0,0,0,55.15761617,503.91769162,4.94634996,0,0.11687736,0.0581956,2487885.27365681,395207.80515691,348158.63379666,55032.04079538,30671.76907085,42551.63105475,72839.58560637,72.74636529,33418.2397902,290.58007748,0.71309919,42.19462773,0,0,0,0.61852134,0,0.60211663,0,0,1.483443,0,0,0,0.25928555,0.19100983,0,0.0323135,0,0,48.00203253,0.8219503,12427.53028347,0,0,38191.2050377,369.13521519,0.13701824,179.81360993,20.87378052,11665.18192545,0,4586.07350132,58324.449256,786.62590527,0,0,0.16129243,1.26847197,0.87862197,219.59960988,8.17473977,101.05070359,70.66686209,87.05014692,58.77566687,0.48074631,0.28626986,0.03216716,80.99162934,87.83070731,646.84125837,58.73766569,33.00959044,81.51270585,46.324382,0.34186629,0.92912435,1.96801437,0.52241973,2.76958555,23270.24873839,1.66213619,0.59387334,0.3241522,0.1881812,1.94956313,0,0,3.82258394,11464.72333874,0,6.87554158,0,0,423.69684154,0,13.83649442,33193.38830743,6.1190383,0,0,41.16817337,0,0,0,0,0,0,0.44202218,0.32944867,0,0.30761051,0,0,0,0.08384437,0,0,0,0,0,2.79323446,488.99531754,18928.81721641,0,0.70784706,0,0,0,0,0.08148813,9659.64283194,123.73504201
"GMBC_072_E2",4.52682228,0.31267919,0.16332031,21.78513104,0,2.04569792,0.01769266,0.21961487,0,0.20483032,3.76138889,39.27132888,0.96897335,3.37730751,8.33243519,1.76890446,3.75412929,0,0,0.13605814,0.16847998,0.16964686,1.78949238,0,0.0318721,0.06196351,0,0,0,125.205184,4.55136187,0.20921837,916.72566284,0,0.38248298,2.15048695,11.2733153,0,0.14548429,11.00802454,135.64657693,0.51442202,4.39844177,3.56033001,0.53990728,0.46717786,0.44997019,0.35770598,0.44497279,0.20786562,0.20737577,0.00540377,0.12410391,0,10.81773667,0.07620271,0.00671281,0,0.01590367,0.01638539,0.00782988,0.03740989,0.16600885,0.59258589,3.60422926,0.05708317,1.80888514,0.0832844,11.9737522,0,0,0,149221.84135866,1805.15488167,3.44741615,0,0.02835865,0.36087307,0,0.28907058,0.22309553,6.87666351,0,532.94141569,1061.97357861,0,0,0.0920482,305.49743591,1.14048216,2.26466238,790.08570354,14.74562023,532.98310945,170719.19172972,0.60053612,4.26373036,16.67670438,0,0.09878805,0,0,0,0,0,0,0,0,98.35940535,485.25419938,8.83704553,0.46256482,0.70283279,0.15753335,782605.1414746,291661.61090373,163912.41492734,38490.9128401,31230.55663456,37720.01689094,46814.88680262,87.16916988,2251.37088902,1379.29290608,1.21000233,77.39302156,0,0,0,0.74505029,0,0.31062049,0,0,1.95793454,0,0,0,0.48617774,0.12663969,0,0.07193505,0,0.63757529,26.36714027,1.13015598,4539.50050367,0,0,36529.03276525,366.04888848,3.48965459,67.26201744,12.19127805,10631.11143946,0,3087.72490155,45452.33802799,993.72267715,0,0,0.43206937,1.35288047,2.02413358,738.43102558,4.2062362,73.38318517,129.59016928,148.56919932,80.08054435,2.15577216,0.5145667,0.08003489,100.22441863,60.55699336,1210.99030508,32.82816726,49.7094454,85.57993138,67.05130913,0.40342867,1.32576264,2.15200548,0.79584356,1.34367848,17144.32130097,3.07753543,0.94057904,0.18829582,0,9.20481597,0,0,5.67217925,8551.08441539,0,2.72991678,0,0,107.85057167,1.2074514,12.56356076,11782.89445234,0,0,10.84095523,171.27251901,0,0,0,0,0,0,0.39313267,0.06612509,0,0.23164946,0,0,0,0.06324994,0,0,0,0.04272491,0,6.73914417,941.26260701,14945.84018096,0,8.46771857,33.99435999,0,0,22.36820629,0.72964555,4934.31373198,124.70133828
"GMBC_073_E2",2.5732153,1.31764769,0.34852702,27.0292294,0,0.02675087,0.04384955,0.08239227,0,0,5.00309993,1.01544024,0.09217367,0.27817009,5.47404019,0.5372485,0.71060756,0,0,0,0.2111133,0.9437028,4.76089957,0,0.12375484,0.32767078,0,0,0.01255198,696.54522418,4.19907852,0.4306959,1113.77466644,0,0.51158354,1.45825219,5.35930014,0,1.88108784,56.01791564,126.68085585,0.38156469,6.76613723,19.01304421,0.69985937,0.34329421,0.63536133,0.27406288,0.80114372,0.47351633,0.16986386,0,0.13376023,0.07560779,10.97551161,0.1110929,0.00515911,0,0.00808516,0.02270664,0.0318667,0.53185045,5.53308651,44.72016225,152.07072022,6.06003951,22.25831574,1.28119578,31.78323719,0,0,0.88939178,590105.66172158,2847.79853999,17.54701223,0,0.05879857,0.67324624,0.89269685,2.16566251,0.81888773,4.41482163,1.40938156,789.95186783,1742.67302358,0,0,0.30455827,2073.64233589,0.69497548,9.21259168,822.12601521,4.30716085,2553.99942284,6336.74216002,0.28004411,10.89369016,0.37106267,0,0,0,0,0,0,0,0,0,0,51.33880663,382.59043968,4.90633814,0,0.27508619,0.08198617,1048078.3037827,296187.30659105,88177.96903787,28490.86326178,22812.97905247,25484.96671236,55794.87048748,45.29140679,2881.75358133,52.26773514,0.82411471,15.28249713,0,0,0,3.89442639,0,5.51266027,0,0,4.07766855,0,0,0,0.66332941,0.24593729,0,0.7688325,0,2.95731701,22.31355951,0.58812266,8524.11196349,0,0,47626.83410081,535.87951295,12.19563173,14.69647983,15.68359943,3928.33888283,0,6353.28706713,58462.52472876,1394.20413136,0,0,3.47623183,0.70781558,1.32699638,280.28908397,2.90482763,65.60038067,189.21622956,31.83397124,41.19540639,1.26059316,0.5664395,0.0894897,62.21325571,63.83324856,1304.47533654,86.07801118,75.69021516,115.6767488,57.86183531,0.84178035,2.55417003,3.23825444,1.13317158,1.10562612,27567.9175722,6.85806595,2.16763795,0.23387332,0.30779456,2.19959463,1.89565032,0,14.02989436,10707.09395619,0,0.68783306,0,0,267.61021535,2.26624359,65.53975532,22615.77471841,7.1189036,0,0,39.24998761,0,0,0,0,0,0,1.17000344,0.81730471,0,0.3777951,0,0,0,0.03456027,0,0,0,0.11833775,0,8.77426708,1748.54400914,21918.12046258,0,28.66130396,14.41796829,0,0,131.7576051,6.58101727,10798.38207332,1039.02714887
"GMBC_074_E2",16.69933763,0.49399494,0.58547558,26.14011496,0,0.90027831,0,1.08462459,0,12.08432989,28.19657561,92.83698209,3.40258077,7.7383622,95.32392003,4.42679502,3.89672562,0,0,0.60180383,1.76979122,3.41372518,1.35991288,0,0.15797709,0,0,0,0.12942119,922.50747795,4.90679688,0.98321981,2101.6641008,0,1.02811235,6.34840566,89.37756614,0,0.13035814,6.48569055,141.6521061,0.72009539,28.5826133,18.68167119,0.84829611,0.35890041,1.11406318,0.15354968,4.29772157,2.3276589,0.07492315,0.01831738,0.18739267,0,14.97588494,0.12417063,0.00468944,0,0.09223975,0.02459361,0.00855224,0.02985417,0.25075799,6.13888607,22.41985516,0.52208842,14.21771276,0.11247519,4.95307979,0,0,0,645291.66303566,4371.69472422,2.04665204,0,0.02680475,7.30537486,0,0.44976808,0.96895863,1.83295191,0,1221.64175735,1072.03848268,0,0,0.2505819,1641.81619634,1.47327366,104.79309775,188.41308144,4.11993535,1613.22905893,115661.1133243,1.08667752,4.63025148,93.37369552,0,0,0,0,0,0,0,0,0,0,12.95400733,540.32343506,2.0985056,0.29445814,3.26936597,0.07799545,1767305.49959797,484173.12436583,144320.10924085,44527.30247993,28386.05533044,35432.50457479,41079.6755721,49.28619485,998.29888031,483.24137898,0.74785798,60.62138254,0,0,0,0.70762385,0,0.42191636,0,0,1.65884549,0,0,0,0.30269536,0.39483283,0,0.20078777,0,0,135.01893262,1.04636873,15323.64652983,0,0,54021.24028043,645.6173173,0.22847867,14.29090384,28.67002155,9286.88436968,0,5598.39965128,67945.81317365,1411.57992206,0,0,0.99082146,0.15969703,0.4444228,60.41385697,0.64763867,95.16559187,52.23280144,12.9279407,8.59905786,0.83268686,0.43126013,0.03603637,129.75824757,84.26303513,2770.22611207,166.62767273,86.20131333,81.74866729,45.11529598,0.81997157,0.99487383,1.28546068,0.44568402,1.32000358,29589.92769863,5.47413398,0,3.27179535,0.25234681,1.16680457,0.80757996,0,1.69758765,12609.8122517,0,1.16247967,0,0,170.85064894,0,874.06897336,28708.83908927,34.12737778,0,0,56.59952857,0,0,0,0,0,0,0.2172461,0.10683747,0,0.20893503,0,0,0,0.18494856,0,0,0,0.06664931,0,0.30719212,971.32967561,22807.19184098,0,3.83883937,0,0,0,0,0.11428535,8877.3961989,838.29205369
"GMBC_075_E2",1.79415234,0.54878351,0.35223777,15.7416933,0,0.13502723,0,0,0,0.10115345,5.71369427,19.18548383,0.43913967,2.03462521,33.93858826,0.2949605,4.67005693,0,0,0,0,0.10868307,0.58783823,0,0.05517627,0.03943262,0,0,0.10818479,398.39504072,127.44670355,0.36926292,1071.03807956,0,0.37075932,4.01085425,122.19618827,0,0.03661858,7.01574704,30.65004739,0.49620866,2.4773175,5.69652369,0.16182512,0.04808229,0.41282021,0.03889504,1.81484561,0.74846608,0.00733514,0.00641178,0.12147173,0,9.38916708,0.03852324,0.00432281,0,0.03634383,0.01498238,0.00363432,0.00913307,0.0527289,0.41386231,2.19615257,0.05045696,1.10445051,0.03109773,1.338448,0,0,0,32326.1903087,1712.37392424,2.62870283,0,0.40488217,0.61829631,0,0.42637554,0.25667022,13.24283456,0,520.28974678,646.06416612,0,0,0.05141228,852.17028273,0.51551137,6.17512868,20.11852407,2.95539908,250.65424907,479841.88739482,0.06077443,1.25941012,10.22587992,0,0,0,0,0,0,0,0,0,0,16.37456264,475.32346227,1.56978107,0,0.17518781,0.06198202,448306.57728373,106242.37854068,91952.01531154,34397.2451659,32766.21508562,40754.71987147,28871.6385847,23.65406471,1355.37606995,81.57685365,0.85713756,47.42571817,0,0,0,0.13493597,0,0.17249883,0,0,0.67536712,0,0,0,0.18156937,0.03179306,0,0.01942764,0,0,183.33142407,0.05151712,3517.42873247,0,0,10725.38320578,391.51252999,0.04071089,6.37104731,10.144017,10985.85373772,0,10634.08992479,14610.14798322,867.36359736,0,0,0.0376736,0.35863162,0.71135192,80.27144925,0.77897763,61.31081254,42.48496793,12.37978821,8.29004416,0.11086882,0.28385247,0.05658145,44.52265792,51.90321702,275.72727401,41.29378509,45.32675515,68.83479782,22.52515086,0.2667991,1.03745566,2.31336037,0.84753824,2.12941258,4543.52798459,2.9382928,0.11221094,0.93066398,0,3.53023847,0.67067703,0,0.68119456,2827.97614965,0,1.33956366,0,0,194.73291397,0,100.13816106,4645.34686384,3.05721082,0,10.32626435,14.9564752,0,0,0,0,0,0,0.07959751,0.05691224,0,0.05899217,0,0,0,0,0,0,0,0.01863494,0,0.16519891,142.78228796,3555.1274863,0,0.44773179,0,0,0,0,0,14178.78662076,152.70153973
"GMBC_076_E2",8.47730238,0.72563201,20.79093147,111.5842539,0,0.52857712,0,0.64616754,0,3.13588971,3.94973083,36.42377871,0.34636386,2.05437466,134.13952025,1.41922008,45.29943026,0,0,0,0,5.92128298,266.56299567,0,0.13364685,0,0,0,0,438.78797519,39.94416056,21.96664462,2601.81596979,0,0.87814057,38.73308114,9.41613151,0,0.90257054,186.99344978,854.26297933,7.0196994,30.31922178,34.21096969,1.909277,1.37762453,2.49179475,0.43314991,7.26720073,3.98636969,0.22788795,0.05402471,0.27189354,0.11722303,27.00502898,0.20971996,0.00697409,0,0.20284349,0.04270668,0.01411285,0.04412918,0.57207685,18.00096745,30.5754869,0.42279552,16.37666884,0.09470157,251.79630541,0,0,0.60642857,727604.27525424,1967.46684807,413.93103238,0,0.15173083,0,0,0,0.78976162,13.93169802,3.45900054,931.74069838,3869.20561005,0,0,0.23311883,1275.40375471,3.03683351,52.92496673,1545.23117145,39.31516346,2705.9396672,47781.28269524,0.28401355,53.31902488,16.39161598,0,0.26461721,0,0,0,0,0,0,0,0,19.85635591,711.62269233,20.18837373,0,1.29683655,0.31635006,4839644.83553804,1075986.18070629,946062.8373629,58476.13813152,34857.49951815,44302.6082741,138846.4741131,102.38787113,1606.72588159,540.99960221,4.53122253,23.37438599,0,0,0,2.3727628,0,6.53417322,0,0,14.84339644,0.10681871,0,0,0.72991659,1.74620258,0,0.58457944,0,5.22670937,36.90659971,15.55165292,15820.25490955,0,0,65125.58487363,449.68850927,33.01939367,222.81080139,45.96153298,7748.534194,0,2336.65485959,84858.88213659,2621.7517645,0,0,1.1310105,2.74673752,4.09079218,719.44088783,11.78588146,159.38856659,163.6075541,163.27186816,69.39046701,1.28610887,1.54738674,0.04993656,93.26165885,149.16257394,2267.00533731,112.96699843,80.06158785,288.50935905,88.69243008,0.84391511,2.56294773,5.18537537,1.00210962,16.25010173,42289.24748796,9.08718022,3.17967117,0.90565978,0.50502113,5.65265127,0.93196418,0,16.58826722,19903.17385905,0,3.23979376,0,0,272.91334987,0.48329435,79.51146758,34036.23702578,212.3085635,0,23.84323348,70.81971436,0,0,0,0,0,0,0.68674547,0.73154777,0,1.20840602,0,0,0,0.27115523,0,0,0,0.0952745,0,23.28269973,2039.58524571,32601.7131415,0,95.74867367,103.13044228,0,0,758.82275177,1.2775966,4615.25600758,868.54532091
"GMBC_077_E2",2.19298913,0.34712375,0.27431776,3.23018718,0,0.02285887,0,0,0,0.78274983,1.0070886,71.44933194,1.47163468,7.20818396,42.16496976,0.21598629,3.37203046,0,0,0,0,0.27407883,1.03657347,0,0.00186603,0,0,0,0.01921824,1.63017,7.88839821,0.28547912,195.22865515,0,0.28539422,1.46817489,26.47213633,0,0,2.82030725,97.82143267,0.37898826,7.90089743,5.56607749,0.41539519,0.42996694,0.88572284,0.16809931,1.53733862,0.79857559,0.09405311,0,0.11279265,0,11.1105549,0.12378849,0.01520055,0,0,0.0181563,0.00551177,0.00678176,0.05143064,0.90012407,2.2508007,0.02239629,2.07213933,0.07659889,3.39213609,0,0,0,46324.87826978,2538.71522952,3.31369384,0,0,0,0,0.10758153,0.15476801,4.92241244,0,514.69389886,163.05864712,0,0,0.07756066,117.20483185,1.05054759,6.04038352,59.17495711,2.05837589,212.5828687,108008.01676225,0.19521095,0.73149884,3.98541352,0,0,0,0,0,0,0,0,0,0,16.84519916,429.60400583,2.35914587,0,0.07243134,0.04528562,2045187.01133647,386726.18270713,363519.17492941,85710.00261646,55638.18604858,75389.86442224,82288.57444362,110.31322495,27990.69842159,137.84711192,1.01399729,11.24436366,0,0,0,0.33312137,0,0.66697681,0,0,0.3813342,0,0,0,0.1104985,0.11495623,0,0.02727051,0,0.14866502,19.24379041,0.69027925,13940.6078722,0.09286974,0,38534.40339318,193.07634917,0.08374359,132.01909589,16.21497772,13289.27183415,0,5595.36319162,49469.85539272,527.70834032,0,0,0.07953677,0.73813607,0.95712306,166.07016767,1.93848672,71.48731059,34.80915058,47.97014698,50.33555179,0.30085684,0.45569171,0.13085083,162.74106853,65.59063508,1090.29669215,36.0927932,45.02191709,100.6271836,109.2731536,0.27894525,0.49557659,1.0195105,0.58729323,2.5606404,23118.89046405,0.79305533,0.21107593,0.07720651,0.11055652,1.6214357,0,0,2.12106427,9143.70591711,0,1.6257477,0,0,94.7346747,0,18.07921703,17442.06596036,18.58413039,0,11.52700174,9.6016539,0,0,0,0,0,0,0.15755291,0.13938597,0,0.08287681,0,0,0,0,0,0,0,0.03247672,0,1.03179211,1043.04872124,16439.10631218,0,0.39705054,0,0,0,1.37409306,0,3670.74927243,56.82895919
"GMBC_078_E2",5.77904726,0.27010102,0.29096748,23.73421658,0,0.09148198,0,0,0,3.40141095,8.18032362,1.26083661,1.46736553,0.11068423,4.20716892,0.30919405,1.70755796,0,0,0,0.46070531,1.31039508,0.75983189,0,0.03537934,0.05603489,0,0,0,597.45533776,10.36080233,0.40254054,932.26654442,0,0.27998488,6.57063419,37.33580089,0,0.30805084,3.39623573,86.57309842,0.56897215,22.97285316,9.27957711,0.27779423,0.19299296,0.83610734,0.14925849,5.96237413,2.57515741,0.01195876,0.00754722,0.15249792,0,14.86921648,0.09335059,0.01284498,0,0,0.02549865,0.00251758,0.01056004,0.0217492,0.38578326,1.08509715,0.01511377,2.83658373,0.03187169,3.49189821,0,0,16.97233146,673971.42780366,6363.90441051,2.06360614,0,0.24134242,1.99935622,0,0.29355193,0.10137162,2.89924699,0,468.40258836,1442.65171832,0,0,0.24233697,2579.29719501,1.8644639,5.2405526,1110.02193417,2.22981342,4095.10818148,59132.74853807,1.23767168,11.24325199,7.68730515,0,0,0,0,0,0,0,0,0,0,17.00211982,452.95749037,0.34793252,0.68279582,0.21249342,0.02772724,2022031.01616183,595113.2495535,218859.08646147,51171.34223764,25092.17045177,27898.15730552,59016.54816339,107.8018629,18249.41857393,583.00476828,0.69915386,16.77350352,0,0,0,0.87974557,0,0.91582924,0,0,2.39481638,0,0,0,0.15667306,0.16414095,0,0.0517831,0,0,138.42700333,0.04010487,12548.26439668,0,0,28846.73360369,261.8600568,11.40888854,30.03586992,18.69975663,9207.74449032,0,5322.26999841,41183.69014453,1214.84999184,0,0,0.99074214,0.25079878,0.44455881,55.44526273,0.81191053,102.97661616,20.66383421,28.06052203,16.0072296,0.27817036,0.24175183,0.03996238,227.45777982,89.81237228,1980.63458042,117.42760291,37.74378129,171.64126236,40.56672308,0.28259376,3.08516441,2.94885815,2.71753503,6.7474781,13389.67599009,2.29047228,1.47781081,0.72868978,0,0.80542231,0.68591447,0,1.9345542,9073.60129617,0,4.93052349,0,0,160.36345825,1.23586277,372.82555935,22837.79862973,1.61306776,0,12.41797283,46.08314142,0,0,0,0,0,0,0.25689396,0.13959758,0,0.15511736,0,0,0,0.08439039,0,0,0,0.0443877,0,3.61394456,946.90601515,14214.38115661,0,0.93963326,0,0,0,295.71903519,1.16770286,7478.26880976,1893.957264
"GMBC_079_E2",5.68212948,1.41692956,0.18030518,16.83306612,0,0.46374726,0,0,0,0.27834524,4.349197,9.70688129,2.69543871,0,2.61120459,0.10876668,5.98549842,0,0,0,0.30363563,0.42432681,1.2833271,0,0.00716431,0,0,0,0.21085497,401.50251067,85.76906157,0.20900847,1433.34859343,0,0,4.5452433,33.90071594,0,0.42434713,4.21388874,171.35039567,0.33509437,15.68369077,5.29180488,0.64838752,0.51772112,0.54871837,0.25687335,1.11520976,0.66194868,0.13814336,0,0.12215012,0.10557439,13.36785145,0.08613199,0.01183821,0,0.28660173,0.02036069,0.00437265,0.01169672,0.07789069,0.64006856,2.17606627,0.05923894,5.03005839,0.14487415,2.87552803,0,0,0.25746197,72347.30966191,560.54402824,5.06343012,0,0.08402462,0.95622095,0.26325911,0,0.37139798,2.24994616,0,899.29379356,927.61579694,0,0,0,690.81494058,1.21396124,5.32050215,161.38373762,14.08764017,249.61041078,888044.33570411,4.202043,9.80152736,11.9797374,0,0,0,0,0,0,0,0,0,0,3.76164641,376.42108126,142.22478108,0.04465171,0.35112943,0.35688322,1753200.11746441,366068.92749005,206318.97653494,56130.78722485,36914.95420906,46599.168635,65766.21167426,14.9592083,10067.16824915,311.00147415,1.02930415,10.93723703,0,0,0,0.47027021,0,0.3505885,0,0,1.70448833,0,0,0,0.66835865,0,0,0.10602349,0,0,44.61412796,6.59035766,9125.16479546,0,0,45869.43255064,286.50612091,0.1820869,341.00688192,19.18544984,14254.30257661,0,7504.960767,58374.17453229,1211.63261364,0,0,0.07235816,0.40302215,0.57219802,71.0992682,2.35792557,86.55844238,52.63608011,23.55543763,15.94557799,0.22104726,1.25514767,0.16337721,40.66273497,76.40856215,539.89670871,56.89603943,49.56641388,133.72325519,26.80792111,0.29154667,2.73708201,7.28585088,1.34400006,0.49903061,17679.54978395,1.64475956,1.59571354,0.96377771,0,6.62103046,0.15687491,0,5.70656408,10779.40935848,0,1.265623,0,0,308.90907462,0,23.49601551,30989.69852403,3.09211546,0,0,164.06398813,0,0,0,0,0,0,0.20927945,0.05782185,0,0.07943245,0,0,0,0.04913105,0,0,0,0.06673394,0,6.22344176,705.05974342,17505.56009117,0,0.55774754,0,0,0,1.31655866,0.47010782,19518.02099497,142.28692376
"GMBC_080_E2",5.78112135,0.51550378,0.16377861,6.07205826,0,0.07225582,0,0.05956167,0,1.3194929,10.70045399,18.87808946,0,3.20130327,44.11010569,0.17917026,4.9866074,0,0,0,0.24161985,0.22576115,4.54998688,0,0,0,0,0,0.05341469,175.34992878,7.24136304,0.13338344,372.40095942,0,0.1935608,5.04592137,41.33348987,0,0.02089057,11.84835656,1179.77878264,0.43864605,9.60627133,46.42533624,0.6791388,0.3174775,0.86279971,0.10518818,1.44665955,0.42869567,0.02101516,0.03487095,0.14214692,0.08562987,15.68405109,0.09862326,0.02021336,0,0.16987026,0.02672601,0.00750009,0.02637474,0.09729378,0.77832518,4.53508383,0.06761639,2.67487419,0.08032342,12.73327699,0,0,0,113806.03007275,1614.5351556,11.93774921,0,0,1.16759166,0,0.66184007,2.46265916,81.71423684,0,710.01333031,160.26605102,0,0,0.07159758,455.19872578,3.27382049,1.49977373,64.82326791,111.85194303,440.85069913,347398.52503255,1.2444639,3.5535833,10.36365072,0,0,0,0,0,0,0,0,0,0,31.81810313,483.74717808,10.03301431,0,0.27320146,0.05572781,2628682.51436356,426862.48663173,283580.9246901,63381.15607948,48458.99020231,58173.58146324,55680.82296586,102.0546978,30390.57531999,318.98280208,10.7653005,58.83451752,0,0,0,3.02247293,0,2.6286546,0,0,1.82475934,0,0,0,0.22048589,0.40600986,0,0.23196546,0,0.44232043,24.77280894,0.32989276,18845.24900813,0,0,26450.06677609,278.59011845,0.0900474,124.49181523,23.76187195,17954.00282411,0,5015.43928325,34081.33607017,761.64507502,0,0,0.5464514,5.02437564,26.46369543,330.87303402,3.3722621,92.27894411,174.24687994,136.13501352,32.93003174,0.7558345,0.31027804,0,135.87001838,89.65170929,1481.23518518,131.44592727,163.5237591,209.76142074,51.04515507,0.888864,0.83217572,1.83169621,0.82564429,0.35705525,11555.31289982,2.54170528,0.04896129,0.96051828,0,168.434628,0,0,1.97266519,7148.76703354,0,0.77044332,0,0,188.25653418,0,54.25810514,17549.80672412,0.97418975,0,0,18.22443985,32.30451769,0,0,0,0,0,0.33967421,0.14975895,0,0.15268133,0,0,0,0.08721422,0,0,0,0.04773334,0,0.92249,456.17293246,10109.67584037,0,0.41589406,0,0,0,0,0,5925.83673482,150.33612987
"GMBC_081_E2",7.68541442,1.92199037,16.33695722,86.31665296,0,0,0.00051275,0,0,0.24086794,0.7118163,0.30531756,0,0,1.8761369,0.13092383,0.57449614,0,0,0,0,0.27247493,15.48786493,0,0.0609727,0,0,0,0.2113815,887.09816891,20.01706318,18.53563414,446.21963409,0,1.90084711,6.03874599,5.44757771,0,0.62577357,38.79129871,1119.89056099,0.21424623,41.72126117,7.60264835,1.41739354,1.58135968,0.77162004,0.16930598,5.19118686,3.71561245,0.10825534,0,0.18341221,0,14.52833603,0.13511701,0.00404174,0,0.09952926,0.0230859,0.01310207,0.02159592,0.16284448,2.47015348,47.62511119,1.56602849,13.1947483,0.14090789,48.77930932,0,0,13.30614542,174483.94058878,1798.91725245,32.83992514,0,0.08829956,0.21102796,0,0,1.16166926,25.79644982,1.18817244,747.88758704,1404.33558893,0,0,0.19038683,1150.71794417,2.32596312,5.57581444,25.21578342,13.11375571,796.18649453,635907.55033466,0.10520616,5.88346787,7.69955319,0,0,0,0,0,0,0,0,0,0,2.99023814,384.99886879,2.16460735,0,0.08929639,0.55255737,1229383.10301431,279699.04649567,140924.57979014,60503.34555399,43311.82694527,54330.09408888,34055.95806372,53.12121172,655.17571044,1350.81444179,0.85960894,3.13409172,0,0,0,7.87845193,0,1.80652131,0,0,4.50446451,0,0,0,0.30852592,0.03000106,0,2.42088594,0,4.49966318,18.29670683,0.69811789,8977.5417612,0,0,58247.44131137,241.04400981,0.07741244,13.56873653,30.27418699,17187.97036241,0,5639.35896175,71674.07845107,924.16788165,0,0,0.1739989,0.37788612,0.75254712,215.76419094,3.36368167,102.23762887,115.09107814,100.81773711,57.67993463,0.73567344,0.94648497,0.1763359,10.15407571,88.46407936,410.34098261,21.94606879,32.74510337,57.52828024,53.17346473,0.59057922,1.2620702,3.3309426,0.75905433,0.33387539,33203.06894173,3.44641318,1.31637379,0.18368342,0.14135465,24.19137621,4.4305899,0,1.87092905,14466.0016873,0,0.23222958,0,0,1494.66300372,0,63.2163728,42862.76978715,1.29036829,0,0,14.95878326,0,0,0,0,0,0,0.56514668,0.05516803,0,0.11446469,0,0,0,0.00898924,0,0,0,0.18455001,0,4.1275411,1795.26713591,29575.97924903,0,114.37627601,32.76237804,0,0,0,1.73250319,7248.06771181,577.43055613
"GMBC_082_E2",18.11768076,7.87192635,0.11607355,7.42176845,0,0.09440949,0,0,0,0,1.19689906,3.55398206,3.31076479,21.04412488,123.47239394,0.62890503,1.5691811,0,0,0,0,1.30495421,0.43668556,0,0,0.30552105,0,0,0.0407545,804.52668223,15.85582079,0.11693832,129.26120733,0,0.3229375,3.08594213,86.71493473,0,0,3.12869703,284.64765695,0.50900838,17.67352604,4.79789689,0.33007089,0.61373688,0.82795701,0.16660096,0.74322269,0.36297351,0.0887589,0.00803832,0.12917168,0,14.38598525,0.1407907,0.07906455,0,0.05782324,0.01616124,0.00428013,0.00923292,0.02863358,0.60910059,1.7079888,0.04049875,2.82866679,0.0334501,5.88467441,0,0,0.06319414,730740.43553235,1378.98568887,3.01306864,0,0,0,0,0,1.66407088,14.37242989,0,502.90152764,335.51633556,0,0,0.05622788,1730.26238972,0.84118691,1.24034742,12.62318533,43.92014249,2892.35642622,138708.86768077,4.7702479,14.62298074,8.49492843,0,0,0,0,0,0,0,0,0,0,18.76601421,626.12240908,394.30178494,0,0.74098826,0.06359951,3233398.53362407,585028.66235093,827929.15728809,68669.36600959,51256.63189813,63748.17253365,159593.19385351,126.34414889,171521.44578684,1505.96656547,2.55156034,24.09464788,0,0,0,1.48038858,0,1.69723933,0,0,0.22127069,0,0,0,0.16902332,0.55984736,0,0.06098188,0,0.31356935,35.59770654,2.90738427,18852.77619722,0,0,14679.3411999,481.11999082,0,65.42184193,22.0637215,12446.67769417,0,7749.81810024,19525.98494493,1157.24419487,0,0,0.32025265,0.76509104,1.96142943,391.22579156,2.24377871,109.65097523,119.84175497,117.73788631,102.02245858,0.72268054,0.16385904,0,151.67525979,85.98797748,1411.20676913,111.66166523,43.11796832,170.44485911,53.05471732,0.85100748,1.03449061,1.10968227,0.35059729,0.78767406,7308.07719469,1.85518226,1.07464959,0.23433971,0.43327318,84.48676159,0,0,3.4429735,5179.9028196,0,0.84274996,0,0,248.33740702,0,62.26382681,10507.1918129,1.97784985,0,0,12.16268812,0,0,0,0,0,0,0.58396158,0.45327017,0,0.1755127,0,0,0,0.15336103,0,0,0,0.06140396,0,2.15693961,399.8414856,7804.55567197,0,0.73586534,0,0,0,0,0,12454.25342718,632.18220247
"GMBC_083_E2",2.94014524,0.17471184,114.69401927,17.642451,0,0.00522836,0,0.58354677,0,2.99867568,4.38327886,1.74994204,0.81405317,0.18874003,6.09234299,0.08049627,0.32017924,0,0,0,0.38182948,2.85581039,423.4012284,0,0.06777218,0.07106833,0,0,0,191.97832946,0,126.50969347,834.31074251,0,0.92516799,6.99545652,1.15590629,0,0.49913038,420.81156855,14130.36176865,6.97396175,12.46068328,15.96303247,0.55905521,0.95219534,1.46872149,0.04618394,0.62714132,0.41358766,0.0356755,0.01709771,0.20696629,0,18.38702322,0.14137163,0.00863708,0,0.0269502,0.03364938,0.00732474,0.02056304,0.05954014,3.83080693,5.61493748,0.07013722,4.94488833,0.03645544,372.46217603,0,0,12.44794512,586339.76966674,355.52535135,877.26487778,30.84064687,0,0,1.26750473,5.79880166,0.53965035,25.53717409,6.9406839,368.9880701,958.62910042,0,0,147.2771442,1510.73289832,3.75607851,5.26895199,1403.97843216,35.11090605,1588.25854146,5941.94349859,0.19372899,50.10476124,0.60055291,0,0,0,0,0,0,0,0,0,0,1.16352872,268.80429398,81.61487193,0,0.8460009,0.22968776,3306177.13497909,804532.54751269,667578.9118239,41893.99108164,26801.40419002,38356.08344702,8457.51086102,435.61042151,2035.17531331,54.22551886,22.68635388,6.08537428,0,0,0,7.76522169,0.27946798,5.66377114,0,0,4.07208495,0.20948355,0,0,0.30643214,2.54437754,0,0.36188272,0.01750702,16.68409214,5.4198855,94.38537972,9125.97629571,0.31830644,0,100156.29983632,114.64988248,6.97120065,460.08573615,40.91740658,5938.88342459,0,1610.7001925,111117.66816858,636.1739132,0,0,108.73193744,2.84632396,1.48268329,471.90316515,4.62533266,127.76729389,215.9422615,348.08520224,222.49382764,1.3758419,0.36890596,0,13.96832587,105.78477935,582.06677389,11.9641204,55.82529424,126.12166463,126.87537982,0,0.45390681,0.95358559,1.25757907,0.70671849,53976.98088661,2.96153615,2.95795637,0.15903084,0.88323572,25.21958875,0.43069967,0,47.42833524,19913.61300162,0,13.19382511,0,0,497.29530273,1.61015785,47.89689674,36184.13891761,40.68029127,0,15.0718344,41.54225856,0,0,0.77340469,0,0,0,1.64671436,1.54409951,0,2.11215072,0,0,0,0.35797751,0,0,0,0.2675426,0,8.78296762,2400.56163431,45880.25815285,0,53.0456064,181.17818599,0,0,130.88854333,15.73585961,5166.68573714,882.36600415
"GMBC_084_E2",18.05249638,2.39080984,0.22063643,16.78979758,0,0.06767729,0.00750444,0,0,0.25776935,3.74793708,52.43539694,1.09105254,5.54126392,31.90608469,0.03408723,0.64465244,0,0,0,0.49438276,0.39464107,1.45616901,0,0.05619689,1.34035278,0,0,0.05415297,153.08356644,41.89114177,0.24259274,1786.66410768,0,0.60880069,4.97699932,12.40047248,0,0.76547872,8.25073599,164.55458885,0.62932108,13.5215139,13.00419155,0.6227127,0.2369387,1.44907123,0.10835609,1.84406811,0.94482787,0.06251539,0.01913219,0.16947488,0,15.59765545,0.14566019,0.00522173,0,0.06712524,0.02130599,0.00492472,0.01058342,0.0257106,0.58367408,3.00535532,0.04875524,8.52931678,0.03618316,7.78961029,0,0,0,186510.46529053,2244.20294044,5.39362158,0,0.19219868,1.02711211,0,1.78023394,0.19623725,6.44711107,0,961.8099962,982.61658744,0,0,0.05572153,596.35750592,2.81284066,155.82130613,254.03552547,7.1002564,573.01548785,369168.34512403,1.59792363,21.31098816,8.41114013,0,0,0,0,0,0,0,0,0,0,1.8723515,377.22769039,11.84105567,0,0.69398845,0.21125602,3335140.31639403,787211.55981842,379843.72159968,54208.39538099,33011.83272426,38700.1134405,72490.05913264,26.57958226,1044.58750041,1212.25829788,0.00985427,2.98094815,0,0,0,0.81208045,0,0.39526958,0,0,1.60064428,0,0,0,0.16025399,0.26098066,0,0.09480389,0,0.2876022,38.98078663,11.49249299,14951.45509405,0,0,26359.9300186,518.94659334,0.26189493,131.1776191,18.33322761,13778.65902829,0,3584.03777643,35549.67593999,1158.66535908,0,0,0.21956893,0.85592492,0.75410618,324.04692227,1.76580127,82.22125587,79.63948693,59.09165221,111.52389859,0.43861294,0.15545205,0,48.07103186,84.99079461,740.59414222,47.2886974,47.03681888,83.66099323,112.09388548,0.57179417,0.99345659,2.54703576,1.99913989,0.57030768,14685.01774419,5.21659414,1.47717932,0.48466737,0.29097771,0.54196893,0,0,2.19321135,8216.84051146,0,1.77345213,0,0,510.80433807,0.19174787,54.50661067,19368.75240319,0,0,0,131.30516304,61.85202173,0,0,0,0,0,0.20822246,0.09372568,0,0.29376698,0,0,0,0.03903095,0,0,0,0.03644597,0,9.79788699,828.11290417,13121.80618417,0,0.85728572,51.37602276,0,0,1.1487627,0,7428.69135524,287.69761916
"GMBC_085_E2",1.76756148,0.68330294,0.25168619,16.79146346,0,0.08477758,0,0,0,0.63966628,1.6175845,3.66225681,0.80644585,0.58045212,1.88651764,0.02071899,1.4203709,0,0,0,0.2470288,0.2934893,0.86773982,0,0.02200088,0.2295819,0,0,0.00804216,155.36349992,12.1504615,0.22456618,566.23432155,0,0.1957104,1.10072211,2.37620248,0,0.03220179,5.93500284,94.24822632,0.1102281,3.39970807,2.01256752,0.18924929,0.11105357,0.33829683,0.0509401,0.08316507,0.05255762,0.03497598,0.00275205,0.07338937,0,7.68628004,0.09494044,0.00276034,0,0.00736271,0.01426506,0.00423323,0.02860254,0.25731224,2.52329784,14.94741632,0.42819226,4.80114238,0.03440763,30.68788266,0,0,0.1264622,131696.57330213,824.81758649,8.70916487,0,0,0,0,1.05751717,0.32866349,2.2681535,0,175.12191765,675.42199811,0,0,0.97250825,485.45415432,0.8707116,52.86481993,563.55570708,4.16506458,475.77232704,237461.4910805,1.05390583,8.77641679,0.42259803,0,0,0,0,0,0,0,0,0,0,1.39523964,70.46541744,3.48196181,0,0.00185256,0.21046489,554119.81694096,113529.35772158,53682.97857817,11837.02743973,9185.09714925,11216.63838856,13464.28996888,41.39922807,290.81487489,424.23766553,0.1768826,0.43345319,0,0,0,1.2962284,0,0.50782187,0,0,0.68677639,0.00478203,0,0,0.04156594,0.10935264,0,0.20973698,0,2.07432067,10.94071892,0.90531373,4673.09123256,0,0,11028.09060997,266.15999232,0.12298498,88.90548655,9.43361438,8379.66162746,0,3422.63883282,16658.37294187,652.58847393,0,0,0.65449319,2.78988345,2.36230673,583.87731808,7.09090143,48.21675401,282.90069824,323.74508191,156.81646262,1.38619007,0.32336499,0.0747725,54.33026135,43.11460427,668.03120588,32.21278839,135.69744939,162.837244,127.42324135,0.6727716,1.40684592,4.11757132,2.45090653,0.03412166,7018.66925572,2.85750001,1.05375126,0.20812973,0,0.4379427,0.68728316,0,1.36754572,3801.57887322,0,0.21944892,0,0,201.81990276,1.3489819,9.2382525,3494.8669152,0,0,8.47465891,728.55228553,0,0,0,0,0,0,1.39206982,0.38087821,0,0.58267128,0,0,0,0.04756658,0,0,0,0.11986725,0,6.43528437,442.86077122,5969.74355084,0,1.5882378,7.08811369,0,0,41.69142914,0.66231645,7145.36010337,135.71660833
"GMBC_086_E2",2.54720439,0.55361136,0.7065229,7.55458896,0,0.01803254,0,0,0,0.49257616,6.02343219,3.76768627,0.70315254,0,59.48844682,0.03562358,0.32174809,0,0,0.17254676,0.1991233,0.20064936,2.17036344,0,0.01993635,0.09457069,0,0,0.35145618,187.3813604,28.9244149,0.79044014,1453.42817426,0,0.59528072,6.8066229,144.54001198,0,0.18673727,4.83891982,86.71909738,0.49676678,27.29822199,32.10186273,0.28538831,0.06063967,0.54253081,0.03251148,1.30900541,0.70318435,0.02574458,0.03428733,0.10194899,0.21160813,11.5457148,0.07606328,0.01679948,0,0.16617387,0.01708608,0.0048926,0.01617374,0.1219689,0.66827376,1.07638967,0.02312181,1.96842189,0.04742026,2.23150086,0,0,0,288947.5611027,1818.3501957,3.94065868,0,0.23269538,5.81985805,0,0,0.30663293,1.02039988,0.36991091,808.59763102,185.03280222,0,0,0.80418993,694.61836834,0.76814863,8.08332062,130.48292601,1.98037114,713.78740695,218809.60865821,0,3.39883119,4.57784983,0,0,0,0,0,0,0,0,0,0,1.5177997,168.22759252,2.80360804,0,0.25331997,0.03302374,463437.01051989,134501.27821632,9459.21271764,31080.184261,25970.02773299,32535.39142509,9304.94096188,44.93978233,2504.14779273,199.40813926,0.65911234,3.06234668,0,0,0,0.33285723,0,0.22839808,0,0,1.69482111,0,0,0,0.42352527,0.06996943,0,0.04696677,0,0.18844961,32.79826997,0.51951625,12371.94153135,0,0,34461.10356113,252.15228091,0.29941459,31.10575052,16.77777209,10892.18618629,0,3805.578304,44683.9965408,897.89867139,0,0,0.78766779,1.33213921,8.73337802,81.32401562,0.7988096,78.87756178,146.32030325,10.86240391,5.33192074,1.34366295,0.3917833,0.07214906,76.7068558,65.72762171,642.21390756,47.13568994,80.40468531,200.81337859,30.0596212,0.73953328,3.19435182,4.83786709,0.97991522,0.33611929,18209.03864789,0.7083742,0.10167598,0.35653272,0.2145177,2.00614472,2.54762228,0,0.51784452,8225.79320809,0,0.46649185,0,0,229.70245947,0,88.55639667,26604.64651977,0,0,0,47.45733661,0,0,0,0,0,0,0.10881933,0.07186607,0,0.12313918,0,0,0,0.03871163,0,0,0,0.02381155,0,0.1689978,367.95844641,11398.73763649,0,5.4168086,0,0,0,0.41927731,0.23611231,6372.59776211,316.36371909
"GMBC_087_E2",0.34844345,0.35486626,0.07872816,29.74918987,0,0.15332385,0,0,0,0.18238331,2.14054542,13.11396434,0.28549036,1.11565116,15.31567422,0.65280971,0,0,0,0,0.20551917,0,0.20864777,0,0.05801705,0.01377043,0,0,0,400.6801824,77.29633125,0.12426309,824.90775276,0,0.12274182,3.49478195,43.66244584,0,0.02119668,2.61765967,29.98554276,0.21835582,8.69369627,9.68368467,0.41935608,0.31263436,0.58459359,0.12647171,0.73660203,0.50172279,0.06045538,0.00507548,0.08822952,0.01257226,9.66144867,0.0466045,0.01050604,0,0.02220055,0.01586069,0.00272401,0.02138061,0.13879904,0.55884597,1.76888218,0.02289871,4.26402757,0.02501758,12.75596521,0,0,0.29899137,100151.07992032,343.95698259,2.70059509,0,0.10916657,0,0,0.06875599,0.54017191,1.39152348,0,460.69632868,2610.55151517,0,0,0.10121434,293.46767423,2.2264695,0.51836229,407.03947482,5.1998014,133.10447157,613890.43311089,0.10710815,7.15782253,4.26672556,0,0,0,0,0,0,0,0,0,0,4.45399175,119.46781831,10.57353519,1.36652219,1.07123352,0,369078.13679612,69205.90153149,105768.20550439,26745.93860106,23760.50146015,29870.24488489,31022.61245364,0,9637.7413882,344.2919897,0.56717037,8.22356427,0,0,0,0.0819126,0,0.08071696,0,0,1.03375175,0,0,0,0.27856299,0,0,0.013298,0,0,93.50024346,0.08594614,781.79335227,0,0,5932.00455983,622.74909977,7.23763368,15.70905695,11.29201091,7957.4171932,0,7615.73415724,8584.47510128,1513.93651207,0,0,0.25880441,0.09778421,0.21660034,53.70296736,0.28333692,58.69110741,13.41609268,6.41882081,3.8605213,0.07385321,0.14153183,0.02159582,6.8948611,56.55903741,90.20728985,6.39313176,10.22170834,31.29012868,10.69611525,0.12012974,0.43105546,1.0032872,0.40522954,0.1154428,2477.25951187,1.84873568,1.10613201,1.26244574,0.13579191,2.01383158,0.10582908,0,0.44549467,1660.34145428,0,0.27030018,0,0,150.20171841,0,5.4661723,4190.52523678,16.79339081,0,9.87722881,6.33747853,0,0,0,0,0,0,0.06141585,0.05291966,0,0.04193001,0,0,0,0.03652536,0,0,0,0,0,23.61957725,113.68419185,2192.63444885,0,0.40993316,0,0,0,219.89675281,0.50774072,12315.77342977,79.27039323
"GMBC_088_E2",1.41302807,0.33973644,0.04232901,8.78316041,0,0.1903734,0,0,0,0.02806123,0.95490334,1.36639261,0.18149872,0.28115983,16.39349991,0.05340518,0.07061219,0,0,0,0.2585385,0.11385362,0.50949667,0,0.0355997,0.05978863,0,0,0,257.23609685,2.06909532,0.07761922,555.9872019,0,0.11949958,1.04934547,8.03180596,0,0.06467435,3.85466439,61.83345349,0.11659322,4.98723832,6.16267393,1.19603437,0.15545164,0.46474156,0.06276822,0.31196814,0.10052238,0.06886175,0.00954318,0.10536797,0,9.7145282,0.06983499,0.00284282,0,0.02473473,0.01433083,0.00462552,0.00986204,0.20157109,1.49739664,4.1036929,0.09552364,3.98068465,0.01131111,10.19831815,0,0,0.88355447,81564.56985863,1377.32714299,2.56288591,0,0.0464303,1.0325825,0.07378434,0.12753474,0.47709371,1.27938911,0.44268032,485.34428586,537.59920966,0,0,0.57467726,211.16862925,0.98297919,5.70674088,141.4023799,2.39305987,263.23119012,127158.69116013,0.10611523,2.88434326,0.26895381,0,0,0,0,0,0,0,0,0,0,1.41209528,210.55581899,1.78353834,0,0.14182146,0.04105643,772319.01434943,184926.27571477,116374.66197889,21902.18055406,14758.19440807,19997.02524573,21244.0514909,53.66530392,1073.17046151,283.53530847,0.26515686,0.84154619,0,0,0,1.54999233,0,0.30476145,0,0,3.44101422,0,0,0,0.16191486,0.76974345,0,0.0259008,0,0,15.48002075,1.18199249,5949.64601855,0,0,12203.03344114,207.66415676,2.35501242,63.69512766,7.80589282,4101.89321853,0,3877.86675114,18269.58994597,651.23579106,0,0,8.52540708,1.23887217,1.19799685,309.11498149,4.42165752,62.01657483,61.35274523,183.81859711,195.72087374,0.3527833,0.13153207,0.00281624,60.72714261,55.10804722,720.02274448,19.63049867,17.65520602,138.65131581,123.33666207,0.1959113,0.83072069,1.65484117,0.94957732,0.54590027,7938.88519753,1.00170986,0.26326755,0.12548092,0.06128213,1.31325991,0,0,0.45120489,4656.25969769,0,0.69179877,0,0,198.3751676,0.02688697,7.99809169,5286.20676461,0.3596713,0,0,6.4291789,39.00366781,0,0,0,0,0,0.51903569,0.06702495,0,1.36869857,0,0,0,0.17813837,0,0,0,0.02273298,0,2.32865843,411.56652721,6439.5679024,0,0.10467892,0,0,0,29.2165654,0.19280421,6737.35960234,66.78994659
"GMBC_089_E2",0,2.27657614,406.00972304,43.41494104,0,0.47380556,0,1.3247109,0,0.66625722,2.77310808,0,0.84811088,0,24.94526744,8.19468616,352.03546704,0,0,0,0.563882,1.06264415,858.32644742,0,0.21661682,1.07284821,0,0,0.07276946,18.80756975,3.21923697,467.62590968,1395.79736364,0,0.49166774,12.2638812,2.53423887,0,0.54807338,1277.80106927,383.68306342,19.15277285,50.6054373,65.18584264,1.98846394,1.00601924,2.14980295,0.2043082,2.15687293,0.92277484,0.07467867,0.01012364,0.34234348,0.92046336,26.36483878,0.65006966,0.0077018,0,0.13669945,0.04061242,0.29191463,2.5982341,13.40593565,101.27922574,198.34781185,13.3402727,31.99524673,2.04984482,1512.89100529,0,0,43.9662353,674800.6247521,3295.51998744,3115.65527584,14.90658469,0.21407748,0.50109153,0.67319077,1.56124131,0.67866977,112.13856633,14.55217006,984.74022265,2246.39788666,0,0,0.44125073,1688.59204538,3.08484641,2.48700925,1552.38202057,30.53749661,2123.78337731,8740.72303109,0.17747173,100.63040825,12.55875939,0,0,0,0,0,0,0,0,0,0,133.61391554,333.93365961,2.60439083,0,1.66791241,0.39182792,2964571.74560162,879237.65611225,144800.73325691,128909.47240655,64128.79348833,110291.69822976,68142.40973602,71.99166313,250.5617915,69.03484273,312.27105315,12.15547071,0,0.14401759,0,25.13640326,1.26091346,6.02145612,0,0,5.60210608,0.14287969,0,0,0.25922605,1.2617968,0,2.48217962,0.36675305,19.49931786,1435.46482516,10.68233331,26583.82771443,0,0,84847.21511505,245.64967765,9.77505957,277.65768833,53.46986585,8315.71217395,0,5607.85670168,117138.64332999,994.35285008,0,0,0.78239039,14.89026694,6.96705748,2469.68134394,27.12281417,155.66127102,944.64528097,328.9286341,211.48436879,3.17605012,8.37401812,0.30477402,182.67253933,135.54442992,4540.01864165,217.27768691,510.68870903,241.89694439,278.09207083,1.28059333,15.73184187,38.89601124,2.30873137,0.614098,60241.60062515,5.30269544,5.50456122,0.15546103,0,3.91859363,2.21418276,0,75.50520699,33071.46403841,0,5.8817364,0,0,564.8909527,1.3202017,52.51030443,40500.60094901,56.22390815,0,20.10803363,13.3865042,20.01791832,0,35.48700064,0,0,0,134.60814204,410.16487962,0,46.11523437,0,0.26405978,0,3.15857047,0,0,0,18.60881001,0,28.34887392,3631.5085896,121968.74597389,0,1653.2448092,1103.55306248,0,0,220.27623843,30.87414034,5653.66606891,982.99716303
"GMBC_090_E2",3.18179867,0.54352474,1.42034729,1.4710836,0,0.04268891,0,0,0,0.54808195,7.25627715,1.08039972,0.2393942,0,5.30500132,0.47924494,32.44878857,0,0,0,0.17753802,0.14721709,6.18901205,0,0.02642949,0.05104191,0,0,0.1441966,362.97162249,9.19228722,1.54371722,1014.51365573,0,0,2.10786164,42.10169974,0,0.11788864,10.39290064,310.05010805,0.7188025,0,6.8940754,0.12662507,0.09199341,0.51211073,0.05622073,2.87204642,0.14269322,0.00884113,0.0088284,0.09850883,0,9.22863847,0.07114283,0.00259533,0,0,0.01435746,0.01074105,0.05366037,0.22536357,2.71114402,5.59500131,0.21461996,2.50629047,0.02522567,5.93581236,0,0,0.08115865,72444.79338393,549.62745278,11.87029819,0,0.23721419,0,0,0,0.22911045,9.65755633,0,726.39518093,188.25571425,0,0,0.11355125,413.89158669,0.79792595,2.67115422,47.17133011,4.33664319,132.13986768,722008.18463981,0.32237392,6.41123145,8.24228613,0,0,0,0,0,0,0,0,0,0,3.71909117,267.64078219,1.63655277,0,0.04696659,0.03557719,785212.09599721,132778.03298858,67538.00316715,34747.47508764,30026.01402896,35968.34824781,28059.14396409,10.0650782,600.29344752,140.00651034,32.71933634,11.52638364,0,0,0,0.76216452,0,0.80274916,0,0,0.77472374,0,0,0,0.1912526,0.04508495,0,0.04040655,0,0.13045383,25.51698148,0.24176818,5165.12840312,0,0,16028.40336821,185.17962224,0.05484371,81.90433177,10.72056743,22280.41381436,0,4337.24347928,20994.92403862,639.63768693,0,0,0.24909373,3.8839816,17.40732255,194.1950975,1.88701608,69.33199465,328.13197104,27.28106757,11.71646046,1.43750335,0.45615729,0.0471518,77.24244193,53.7355607,447.98777339,28.45047059,88.60924086,64.09787167,11.94900053,0.39216494,0.57922306,1.577224,0.56964369,0.134892,7135.25384555,0.85101516,0.17789621,0.20329306,0.09698766,1.15140952,0.16465731,0,1.62830731,4165.88496511,0,0.5031733,0,0,223.91732424,0,47.71987909,10328.46143927,1.92133109,0,9.11015435,125.77639229,0,0,0.04752061,0,0,0,0.55626888,0.79189948,0,0.17938506,0,0,0,0.04139346,0,0,0,0.06578251,0,0.40524666,180.81663196,5212.02252698,0,8.15820082,4.3543086,0,0,0.65005411,0.08537675,12245.9639136,79.96072076
"GMBC_091_E2",79.25627201,0.64581421,0.49576222,3.53966165,0,0.30958837,0.12889666,0.08776152,0,8.56604633,7.78969061,13.81630467,0,1.98974219,0,0.41538109,3.43009049,0,0,0,3.43706614,0.58287027,1.4682515,0,0.04437723,0.41542411,0,0,0.29052708,1287.6112264,99.13994419,0.8945431,848.31949493,0,0.58359064,2.39572031,169.46855458,0,0.04597257,2.08240138,39.50326704,0.7521869,0,3.96227283,0.16699877,0.14203928,0.46079644,0.09856204,1.15835816,0.29389399,0.0523003,0.00277218,0.08848547,0,10.12268006,0.06946276,0.0072823,0,0,0.01464999,0.01414656,0.01428507,0.06380416,0.72182754,1.36696103,0.06033643,0.69460583,0.01874142,0.21284016,0,0,0,58706.77987003,1920.65125882,1.30040973,0.49119148,0.149839,0,0.94392493,8.38163235,0.51098915,14.44438278,39.08512121,521.4990661,342.86142216,0,0,0,917.13148558,0.5397596,11.88802392,24.18812736,14.12656361,1684.86207479,390255.86633599,5.1579277,6.30634389,73.67903134,0,0,0,0,0,0,0,0,0,0,1.81355261,350.93564091,0.94644354,0,0.56098851,0.48250529,1312798.02454417,319560.63619964,278770.46242473,74392.83867836,59879.72642053,76434.0831533,75364.03096255,33.16360682,7463.75616395,991.25736718,4.96340413,3.90834372,0,0,0,0.33556282,0,0.37306422,0,0,0.24910868,0,0,0,0.11649575,0,0,0.05706574,0,0,102.29838564,0.20163155,8776.50771572,0,0,21834.25808625,420.57202286,0.2031968,42.25311122,10.52242875,22099.24229667,0,5861.1784708,26671.13452065,679.66417882,0,0,0.05065789,1.70059559,8.57576348,162.13264274,1.92021026,68.05506617,124.08297346,57.37895639,41.71538211,0.52074677,0.20405465,0.0834448,95.22295286,58.24072567,752.69314324,30.46292824,122.31570864,134.1180132,71.55683688,0.32756213,0.73559683,1.40477408,0.99180293,0.66733061,10423.07074831,1.37162409,0.18912069,0.48666857,0,12.13243225,0.09576461,0,2.80021586,5441.25384417,0,0.0828323,0,0,860.91848167,0,530.32029181,9723.34919368,0.39946576,0,0,861.6570159,0,0,0,0,0,0.62058587,0.1692165,0.10160825,0,0,0,0,0,0,0.0589614,0,0,0.03381528,0,0.34871191,398.22956381,7815.59433737,0,0.45417378,0,0,0,0,0.1001555,12383.86625355,260.80383775
"GMBC_092_E2",2.66295221,0.23203733,0.20459003,1.97565008,0,0.02417255,0,0,0,0.30448471,1.24393759,23.5615495,0.50632983,2.63536404,17.81838283,0.11273924,2.84243565,0,0,0.13689372,0.12920506,0.27543522,0.70726021,0,0.00319091,0.15824042,0,0,0.37411851,3.33361528,71.17336353,0.24509547,542.65978444,0,0,2.46408572,75.69506656,0,0,10.53079189,39.46966702,0.63191353,0,9.2094355,0.17730015,0.03003365,0.37676404,0.03388463,1.5534728,0.31455462,0.01527999,0.00616138,0.08901198,0,10.32229802,0.05318971,0.00237263,0,0,0.01356173,0.00378527,0.01135609,0.0692488,0.56803863,1.39313593,0.05951585,1.77346999,0.02407963,0.84941438,0,0,0,41456.00649138,1272.38203309,0.33128634,0,0.1438129,1.42169145,0.69968692,0.6092335,0.3275422,8.77360901,0.19442009,639.51799677,118.35156348,0,0,0.39749973,348.27636265,0.67809093,6.94048748,18.43825319,6.21080958,228.33015741,603526.02067265,0,0.58715488,12.92644358,0,0,0,0,0,0,0,0,0,0,5.85760189,372.59984347,0.8741749,0,0.0768359,0.01307633,899593.4584597,150740.54376804,22535.13956519,35532.66628781,28593.69764961,37035.3790239,14588.38100796,33.37222909,823.30856404,40.05448107,3.89208082,8.22159465,0,0,0,0.14915047,0,0.13681977,0,0,0.12255847,0,0,0,0.07676341,0,0,0,0,0.20592138,18.08614832,0.25015801,5538.92444436,0,0,16085.67992429,353.61077679,0.13690391,3.07955033,11.66391701,23821.5373484,0,25224.88099894,21943.62472621,758.30580855,0,0,0.07054283,0.18359873,0.79079258,106.50536246,0.88886467,70.88031008,43.37107272,29.20042876,11.46293155,0.46135157,0.35043368,0.05610322,58.89474863,57.46747367,332.13104626,52.16741277,47.5760307,128.55667827,31.29635283,0.78244445,1.56405249,5.10280039,0.83776541,6.58640208,8427.83454978,1.33123912,0.06317536,0.43142957,0,4.48395929,0.25063384,0,0.75707164,4594.99640402,0,0.20137348,0,0,184.71786234,0,75.84195996,9383.77922313,6.77155365,0,0,14.23763512,0,0,0,0,0,0,0.33505019,0.33816461,0,0.28023903,0,0,0,0,0,0,0,0.03049611,0,0.17193107,270.00093061,6487.29184437,0,0.39228316,0,0,0,0,0.03890107,14157.00118703,136.45080712
"GMBC_093_E2",0.5334965,0.75475873,0.35832909,29.30672911,0,0.13735408,0,0,0,0,1.72656409,91.60333046,1.97160944,12.42982288,83.69244625,0.38503925,2.20201121,0.01330539,0,0,0.27689236,2.75052094,3.06989644,0,0,0.31982038,0,0,0,340.98973462,3.48118274,0.39041992,174.51780219,0,0.6224378,4.437459,18.31879994,0,1.04542052,7.18961123,382.83399886,0.61009426,14.35305515,14.61286833,0.68474981,0.33321745,1.13067184,0.02517363,2.26255403,1.13722808,0.02071035,0.00731831,0.20169201,0,18.60160692,0.20691849,0.00589179,0,0,0.02795883,0.00626285,0.04148227,0.26967721,3.71356067,15.17357301,0.16064104,7.3171077,0.02536125,17.8270783,0,0,19.14805149,515753.48399226,3405.74846761,32.04991174,1.27605152,0.28935977,0.85252223,0,2.06194285,0.7004606,13.25056434,0,180.5064391,1280.7316747,0,0,13.41572616,693.97577521,2.64131585,0.56868196,642.90369933,8.64549228,1768.17414003,7995.69226061,0.42122311,10.35201684,7.6462534,0,0,0,0,0,0,0,0,0,0,35.43914082,378.69595965,1.87571074,0,0.17400499,0,3029803.39266986,1041405.9226488,513268.03680721,61456.54111493,43912.35221672,50693.01154963,18471.16261825,53.82863177,2203.32746104,162.30685339,6.40088989,44.53696992,0,0,0,0.83660493,0.2127649,1.0738494,0,0,0.84912934,0.09768346,0,0,0.11698075,0.76959419,0,0.56197524,0.08209632,7.27159988,57.90621542,13.57726459,18543.33102143,0,0,43665.78053493,394.3119305,3.85353916,48.14296725,29.57394408,8075.67079254,0,3010.00299434,57929.78739844,1127.02902119,0,0,83.97126085,2.61158349,1.9858085,450.02589611,4.00176407,103.0761459,129.00564549,89.33761446,42.40898177,1.01080894,0.40424242,0,134.76801317,107.67155333,2663.9466353,149.52223543,45.36260648,244.37753373,62.36654731,0.55945457,1.06742571,0.95687489,0.48169003,0.4429052,24986.18200631,20.15947489,1.23384291,0.20295899,0.30609681,2.2477272,3.10972118,0,21.55358936,13937.02336642,0,0.72474766,0,0,482.73755433,0.37212113,17.0573727,23015.52416662,1.2351897,0,0,5.32161359,0,0,0,0,0,0,0.36495187,0.35999431,0,0.46597389,0,0,0,0.04259653,0,0,0,0.14177279,0,10.24710476,1656.5176414,24258.99225984,0,61.7984323,15.57523947,0,0,3.89636416,3.94602612,2838.15724808,321.42728814
"GMBC_094_E2",2.96620823,0.16527835,0.15337964,1.35001671,0,0,0,0.01043011,0,0.73915449,4.2671229,42.15114323,1.25892286,5.87298835,103.92062586,0.1430029,0.8279422,0,0,0.93408339,0.16890228,0.39143474,0.36083081,0,0,0.22797595,0,0,0.08182271,314.80811675,0.93533971,0.12270949,150.71141692,0,0.19637728,0.90065031,33.62432772,0,0.01928001,3.02795388,75.67373627,0.3084255,7.49069448,14.70913509,0.31048736,0.11663,0.56097248,0.04526891,4.01243489,1.81443551,0.01470458,0.02525657,0.0890979,0.05326756,11.42204953,0.10757247,0.01123674,0,0.0352602,0.01902533,0.0053302,0.00697086,0.02356197,0.41471043,1.61122371,0.05030109,2.37160377,0.02525551,2.59371961,0,0,0,330034.7032748,1154.84362233,3.2147839,0,0.14944725,3.12269196,0.11297841,0.79904775,0.02059221,1.91151917,0,298.2241451,94.85439522,0,0,0.07769695,525.3815284,1.44515027,5.71552247,28.57487159,1.13743762,1607.46457067,36451.13211336,0.20586501,2.28009638,8.30029058,0,0,0,0,0,0,0,0,0,0,1.52820633,162.15211636,0.32084148,0,0.09215045,0,1190868.92898733,219063.43685926,188526.23639345,37245.92437511,28964.17773394,36406.57430394,40175.36290132,36.54938051,34229.7196725,161.4046505,0.54220869,2.68669944,0,0,0,0.33616748,0,0.29043601,0,0,0.31589951,0,0,0,0.06426098,0.0709785,0,0.03832847,0,0,28.76696053,0.34636345,10423.18523405,0,0,11178.20227758,97.48403248,0.02846454,5.92682841,11.75746442,10033.50062008,0,2410.2684171,19576.16707336,383.82549758,0,0,0.2611547,0.25454706,0.31199265,68.87881514,0.89351902,62.81640244,44.30709705,13.05557426,11.33646615,0.9948925,0.61030101,0.06408774,31.92634556,59.33611581,308.70050295,22.52583749,26.62518619,27.84770579,12.57947793,0.366172,1.10397448,1.69519142,0.44053941,0.51494526,8028.29131948,0.71270757,0.09332294,0.11879714,0.26488292,0.41571588,0.07278254,0,0.82874507,5103.41504067,0,0.39023455,0,0,208.09224691,0.01054728,17.78942983,9137.56837958,8.37776879,0,0,8.66368899,0,0,0,0,0,0,0.17386206,0.09040278,0,0.13695703,0,0,0,0.0115394,0,0,0,0.03835748,0,0.20276543,372.92800975,7358.65365409,0,0.45309676,0,0,0,0,0.03319636,2295.7589633,257.24378588
"GMBC_095_E2",0.55526397,0.86152475,0.44010423,87.00306111,0,1.43267693,0,1.2898453,0,0.88176403,1.7323411,0.46801188,1.27681466,0,26.35970564,0.72315619,1.62560054,0,0,0,0.28191108,0.72958785,3.16458252,0,0.06168001,0.05629573,0,0,0.03396071,15.49443647,10.64843616,0.45252817,1540.05570335,0,0.65626573,7.93728942,65.0367275,0,0.34378459,7.78957314,120.54356963,1.37063976,18.58409187,11.7376004,0.49960809,1.43082601,1.22140445,0.14035364,17.50026298,10.25087586,0.02729128,0.00559085,0.13469381,0.59789835,17.36544601,0.22964349,0.00837684,0,0.11949361,0.02634821,0.01167303,0.05137398,0.42460352,11.24142781,56.40104133,0.81321967,25.36053219,1.56345489,48.64791132,0,0,35.29358854,469926.76888842,3893.70837915,33.73426619,0.82292403,0.64066143,0,0.99931318,0.54789638,0.05275869,10.92006266,0,773.18635856,4952.97738799,0,0,0.22972938,648.37208202,2.13951042,8.90337029,1406.40794263,4.27309271,2999.04590035,56237.30825809,0,29.54181226,39.61725522,0,0,0,0,0,0,0,0,0,0,32.05358531,504.29430474,1.41345218,0,1.89990307,0.63849614,3921550.69910548,1026595.05510289,698724.08649281,45305.89955057,0,38794.54393936,97568.68945033,0,8691.40462541,3465.78134002,2.0236406,5.04086269,0,0,0,1.76328854,0,1.78525745,0,0,2.1999584,0.00987796,0,0,0.36789285,0.48842021,0,0.10184636,0,0,128.72360349,12.73211085,19896.38029842,0,0,33426.12066228,874.02572733,38.9655424,75.15593582,26.90381464,6967.27018697,0,5052.83062511,43745.66420106,2355.9089372,0,0,1.17264717,0.98132487,1.95073101,682.27340158,5.28106817,114.00192583,247.04055291,357.82983234,140.84141523,1.05995272,1.78660541,0,206.97293238,95.77654597,4228.53325832,300.58446291,158.67198345,321.50562529,149.95706733,1.31926883,4.33437555,18.3755557,1.21582604,0.63985628,18992.76299908,6.77457153,6.35852082,0.82708597,0.27840501,7.25645391,0.34630783,0,2.26404912,18190.98876317,0,2.61095916,0,0,394.95657735,6.04327209,12.11737184,14346.4816801,7.01663876,0,29.35865416,224.01605058,19.43819368,0,0,0,0,0,0.36430304,0.20713194,0,0.20349822,0,0,0,0.0996431,0,0,0,0.05581107,0,19.16320181,645.99935973,13395.98657137,0,1.8039693,0,0,0,348.03358745,4.09358364,2387.58976179,297.30484348
"GMBC_096_E2",13.29209583,0.56063127,0.23652524,283.84365982,0,0.11303428,0.1301593,0,0,4.10606824,9.08203885,0,0,0.18895165,15.77911041,0.12200788,2.64905473,0,0,0,0.87548791,11.83475653,2.52106781,0,0.2779379,0,0,0,0,3652.15556789,55.72872145,0.33159386,2954.68049898,0,2.18137766,13.64912756,30.80664832,0,0.14952409,18.66110799,527.97947244,1.55018732,30.57660473,33.29517895,1.14294988,1.57837671,1.59786651,0.30170525,6.52298736,3.57866258,0.14771197,0,0.23470073,0.14740969,28.06914556,0.25207925,0.00900098,0,0.15107135,0.03787775,0.02130523,0.05213289,0.60195264,15.75757061,63.97725104,0.72166691,27.21245594,0.4458558,55.41537373,0,0,0.23622566,1168549.63381838,3072.01852712,29.46345455,0,0.23451163,0,0,0.89246852,0.8464749,230.58603104,0.21298517,1447.83015224,14425.34492645,0,0,0.79622089,2571.22969372,3.61641387,83.68114934,630.05382732,224.05369866,2582.44571555,127832.46039562,0.9163991,74.74076775,1.09293864,0,0,0,0,0,0,0,0,0,0,14.62159425,927.60721575,2.84499498,0,0.50344708,0.11270198,5421153.05178258,1486910.36747214,681230.62681587,87742.53579491,0,59397.83332786,89264.1859971,0,1505.24423894,1895.94243198,7.18330211,16.57857081,0,0,0,4.32821942,0,4.38895217,0,0,27.19238469,0.13664909,0,0,4.07134724,6.344837,0,0.2207995,0,0,212.18426365,0.67148347,6916.53101915,0,0,86348.98083222,1161.50059913,0.44069308,556.19370881,49.46247046,18057.49172596,0,8874.52825445,120689.82827158,2726.06668226,0,0,5.92106955,3.75317773,2.67424558,1329.59335612,40.63820239,185.89368672,294.71016858,674.73855578,506.05764179,1.87462367,1.60064634,0.83743644,115.37805594,155.69791913,1882.05865999,117.19591253,70.3204952,252.58015798,375.78790418,0.75400959,3.16914622,5.48790147,3.39175559,3.07303289,44447.28072171,15.52835772,7.71528706,3.56726391,2.54709218,364.40029128,0.31659421,0,10.62205036,22133.20545691,0,4.5979988,0,0,362.49008551,0,125.15130116,80644.57889111,35.63073545,0,24.2583433,48.9456661,0,0,0,0,0,0,1.33210909,1.28032452,0,2.17916789,0,0,0,0.27727811,0,0,0,0.13187004,0,45.15433293,755.02303811,43529.4443174,0,5.95975979,0,0,0,2.17580348,0.10737193,13878.19194103,1213.55320348
"GMBC_097_E2",3.92448489,0.92354729,0.15596744,41.84089398,0,6.12016846,0.37920774,3.29007834,0,2.40253935,2.73617618,22.524456,0.4811671,2.87705711,24.71682937,12.08347631,9.61588254,0,0,0,0.43718024,0.28329377,2.06596785,0.29467605,0.07148258,0.3203822,0,0,0,162.56330036,16.19248917,0.20670253,680.54827944,0,0.46327053,4.86314949,25.5139478,0,0.45164404,6.35041122,1614.15324155,0.43366446,13.57328779,8.48328338,0.40823893,0.43422654,0.91994956,0.1908735,2.27156144,0.5418749,0.07776285,0.00427755,0.13828059,0,15.14087683,0.12462833,0.00363472,0,0.03481416,0.02115048,0.00413579,0.00781798,0.04909234,1.19765178,4.7031689,0.05531166,3.47311405,0.01510505,62.84752852,0,0,10.12356977,96503.6380554,1100.70805739,44.04404573,0.46187307,0.35594918,0.27028051,0.02942899,0,1.14285974,27.05956111,0.11701521,217.79788243,2302.66717268,0,0,0.33132257,533.79025627,1.26282526,3.29682908,1139.33028972,49.15212105,335.21513473,166777.49246561,0.511947,6.48559596,253.30143019,0,0,0,0,0,0,0,0,0,0,21.64253318,573.59877189,1.27518178,0.24042375,8.60561361,2.2200245,2774603.33362973,826212.58749876,691289.2837811,48991.95515117,0,42176.60371873,85806.25618563,0,906.54697681,280.79401981,1.84014698,13.61508558,0,0,0,0.36435121,0,0.21948644,0,0,0.93013279,0,0,0,0.15420903,0.20145248,0,0.0673024,0,0,100.87777223,0.56651645,15683.91640932,0,0,21304.92380823,305.48470303,0.37250823,236.07612045,23.19910044,14570.68282834,0,11697.41074713,33194.2001694,966.05117125,0,0,2.64356025,0.64301869,1.0169461,763.3890907,2.64168324,100.99732602,92.87006331,196.82382443,217.89940921,0.37764735,1.47069691,0.03996449,116.72262652,86.02476419,2935.65152843,197.99953049,155.12138652,514.00644377,345.35554093,0.69298261,1.16325545,5.96777144,1.8199032,0.63512283,15169.76650004,1.78187922,1.62695036,1.34030815,0.1504616,47.327788,0,0,2.89967969,8188.65603648,0,1.9176478,0,0,396.384532,5.98003458,10.88859153,11372.97160774,4.2220696,0,10.52129605,174.71794234,0,0,0,0,0,0,0.86448672,0.13418355,0,1.26823498,0,0,0,0.69973087,0,0,0,0.06392874,0,4.68864168,773.89651054,13470.52296872,0,1.38879359,0,0,0,0,0.47708663,8331.21251555,151.3255766
"GMBC_098_E2",3.48223932,0.415463,0.11069075,16.52820098,0,0.26493894,0,0.1447281,0,1.2183317,0.68693522,1.58259585,0.35977665,0.29829367,19.17790137,0.73478284,0,0,0,0,0.26318035,0.46152873,0.80452249,0,0.02627163,0.10265679,0,0,0,38.86861712,1.25183895,0.50416347,405.16627196,0,4.06930047,1.97995787,33.81302446,0,0,4.35774603,1526.77720422,0.94229453,13.51225998,10.26658383,0.76975322,0.77425615,0.83624939,0.41402479,2.33494123,0.5562782,0.24745762,0.01455366,0.14353239,0,19.90028578,0.34190111,0.07834395,0,0,0.02829125,0.00148829,0.0066931,0.04454171,0.4891159,1.36779923,0.03211146,1.60344896,0.07215428,8.55397316,0,0,0,130577.91700908,1868.28751277,3.43229768,51.11732183,0.10636851,0.3597913,0.19014265,0.10646359,0.37472945,15.64328263,0,468.32752292,256.67579859,0,0,72.56300677,270.33460563,2.12600857,30.18445011,370.42503692,38.9324356,744.20610322,201336.4368169,0,14.49868499,10.10678824,0,0,0,0,0,0,0,0,0,0,2.45611569,357.30222429,2.76058697,0.27015244,0.61718458,0.10270208,4015205.33377942,688075.27462068,437739.61415453,51105.81489376,32325.70177476,31349.82488308,142120.59141364,47.96995418,65455.56914977,1325.40327523,1.94884617,15.01834591,0,0,0,2.04517653,0,0.68133861,0,0,1.23503,0.05924849,0,0,0.66630996,1.48876666,0,0.10944349,0,0,22.6970929,11.17975104,3954.03690083,0,0,80190.27559909,287.88080715,0.25709491,411.88885085,22.29530152,5878.20679615,0,2635.76273795,96438.75605528,1017.9643981,0,0,2.9895886,0.38144847,0.60934108,157.31828616,1.64028105,114.50795881,35.07463397,41.41849801,16.77381219,1.02629615,0.3402032,0.11107119,17.2584805,105.94898817,184.06365832,10.06786743,20.28987391,32.50645967,16.67560686,0.82409694,0.22496605,0.27711182,0.27287851,1.68955598,40367.65272198,2.93598878,2.28230636,0.95916062,0.27889523,25.3817275,0.16288712,0,3.12604634,16715.24238326,0,1.12045847,0,0,370.86088635,0.04028302,10.85102298,64449.67553334,2.37216155,0,16.89277821,75.17427798,0,0,0,0,0,0,0.29702129,0.07062172,0,0.03627958,0,0,0,0,0,0,0,0.04740932,0,0.67511288,1650.80272062,33655.44172347,0,3.31129519,0,0,0,0,3.58562235,2923.38630856,148.08665382
"GMBC_099_E2",1.41157875,0.23057844,0.10925062,2.36403763,0,0.00831976,0,0,0,0.35542981,0.68857621,0.46752443,0.18975519,0,8.80744086,0.11138854,1.04457612,0,0,0,0.16996481,0.14159385,0.77840788,0,0.04261418,0.2134012,0,0,0.16721943,1.09407367,11.20562226,0.15970276,189.29042972,0,0.31401831,1.61194173,72.85803291,0,0,2.606547,53.95022191,0.66366177,11.78093246,13.03183264,0.2809679,0.05393516,0.76379323,0.03951713,4.69423707,2.06942297,0.02344982,0,0.13315206,0.00849393,12.52279255,0.06041732,0.00417466,0,0.01993017,0.02055842,0.00430325,0.00637248,0.01717799,0.26162848,0.70988305,0.0142651,1.31679989,0.01852564,1.74906803,0,0,0,32064.66492417,507.67885473,1.79114323,0.38225239,0.1062733,0,0,0.97566599,0.18615296,3.41394741,0.13218011,886.69655107,41.51253986,0,0,0.22257867,230.1724251,0.94223052,1.61430474,34.35691936,6.79124968,163.72541224,180523.21245558,0.13198848,0.64289568,3.85085944,0,0,0,0,0,0,0,0,0,0,2.64605418,288.42540073,0.80851852,0,0.04781301,0.00350185,1039087.92943134,192852.04581863,39954.45432727,32892.04104909,25639.81084309,31272.85956647,27026.90667371,39.1246819,3275.62677629,134.07904728,0.29604291,3.10814406,0,0,0,0.25689584,0,0.4170983,0,0,0.0797862,0,0,0,0.07865139,0.04381628,0,0.04991629,0,0,10.16689963,0.21738659,13027.72095985,0,0,21519.15859432,204.15328827,0.06910096,5.65376407,12.6025358,15670.86079362,0,2026.36771987,27381.70803894,549.57233381,0,0,0.04622616,4.57777116,5.96065782,255.60530596,1.10228431,84.91173805,96.71852804,140.72715291,34.12368091,1.22068186,0.27001135,0.0558006,142.94085281,68.23574259,1158.56121043,71.62006075,92.87016033,161.29929282,48.95851849,1.20924662,2.88469542,1.63345253,0.95105856,0.49049676,10607.60066576,0.52031786,0.08174327,0.05527566,0.05446594,5.32080973,0,0,2.8186438,6193.1461779,0,0.15359585,0,0,368.10626871,0,12.03198162,15874.04879747,28.54286128,0,0,1.21911679,0,0,0,0,0,0,0.1387585,0.11296903,0,0.04594324,0,0,0,0,0,0,0,0.01804281,0,0.41714,123.11926893,9268.02494084,0,0.19772657,0,0,0,0,0.0141473,3241.55048175,92.97266932
"GMBC_100_E2",2.91475595,0.30724655,0.56351374,39.65826956,0,0.29191179,0,0,0,1.34772374,1.30218199,15.69653071,0,0.43203441,54.50724213,0.58199461,0.60600915,0.02098282,0,0,0.26182631,0.92410761,4.41920276,0,0.04966941,0.14034438,0,0,0,248.69341512,1.30488703,0.52190127,416.82430963,0,0.52280268,3.85554254,17.79116013,0,0.02532044,12.45609355,265.592314,0.71958427,21.79568288,16.91605736,0.79614628,0.44565054,1.31774563,0.13295666,3.06415451,0.74844073,0.07997231,0.02785393,0.12084202,0,17.19855472,0.16688245,0.01497845,0,0.09368028,0.0253107,0.01205163,0.02860901,0.06397156,1.84274272,3.68886793,0.0338531,5.43901041,0.04050832,133.21827082,0,0,0.03941708,98447.79612965,1578.03264206,43.91800766,0,0,3.00229144,0.69799463,1.77803475,0.34962259,24.56118017,0.15009159,384.59620533,1704.16094494,0,0,0.16397365,218.96616473,1.57648604,3.05871328,162.90401697,87.03391807,396.31430383,239702.76474152,0.41944653,9.32793923,4.81200328,0,0,0,0,0,0,0,0,0,0,22.04878198,491.74104881,2.90342579,0,0.21905112,0.20358986,4677074.63090106,839031.41916498,958066.91970969,37702.39145951,19015.17103149,25172.1789319,132530.78009851,80.55608667,86870.45233382,824.05638471,1.80201244,24.79261959,0,0,0,8.70667547,0.12435479,1.14972891,0,0,1.19348553,0.02475805,0,0,0.12886264,0.9403076,0,0.86321876,0.01375106,0.67604742,53.52127876,2.44741034,15408.34035262,0,0,17209.471631,368.40867837,0.260499,177.42101573,25.58062375,9811.42713155,0,1180.3874375,25418.90774407,1191.88978032,0,0,0.44746146,10.60234036,12.85078668,1767.47108833,7.34054786,111.51123443,834.74252476,943.35563734,967.36809206,1.97958919,0.23557716,0,116.14535852,99.36310523,2955.37448378,82.190627,238.57194821,482.43065244,1194.33942443,1.12687286,1.40054337,2.11670758,4.79153851,0.62335496,11678.25250528,2.13843197,2.59132305,0.13485519,0.29269367,19.14045333,0.09112863,0,1.27032018,7516.4413704,0,0.42391557,0,0,459.91602262,0,3.97979206,6799.96865636,13.20399879,0,15.78013227,31.23733387,0,0,0,0,0,0,2.75525672,0.21960303,0,0.76825341,0,0,0,0.06844431,0,0,0,0.36411856,0,14.45180302,222.8123166,10848.89979182,0,3.84256118,12.96627751,0,0,2.11708579,0.1486912,5432.10258772,67.2269801
"GMBC_101_E2",0.52734562,0.6398979,0,18.09484171,0,0.2517276,0,0.56132355,0,0.10238323,0.824787,3.30210295,0.12382664,0.22730474,8.66587938,0.39289006,0,0.00155491,0,0,0.11004558,0.15847463,2.41115576,0,0.02369642,0,0,0,0.00224958,439.8336557,10.98143784,0.11177802,1167.50838095,0,0.31950606,4.55463658,9.72953306,0,0.05569617,8.86635538,258.87035216,0.27694756,5.45261401,3.65253538,0.60494906,0.40309225,0.49014553,0.32864093,0.80156151,0.43559321,0.1937182,0.00499217,0.09000288,0,9.38479525,0.07228024,0.00349446,0,0.2003985,0.01717691,0.0056248,0.03654786,0.34335868,14.19706053,18.74848433,0.40916279,18.20319868,0.21755049,5.1935879,0,0,8.22080966,450585.45644225,2734.94168148,3.65070822,13.72364372,0.20898583,0,0.14438436,0.78962387,0.15685799,6.03726482,0,449.15804223,295.28917671,0,0,201.61086407,1704.11385583,0.97196938,3.76312842,743.22469912,14.29063057,591.35094896,109136.35916441,0,5.76769055,3.64626229,0,0,0,0,0,0,0,0,0,0,8.91151479,327.85578719,0.52312978,0,0.47939675,0.11629675,341438.56663479,99743.21572102,41885.93657217,20521.27962627,16869.21583399,19133.68147397,19205.97248597,24.8987375,722.05160732,485.2411068,0.89532883,18.12233068,0,0,0,0.1225042,0.02959818,0.14842433,0,0,0.57640912,0.09612688,0,0,0.35233016,0.02021212,0,0.04263726,0.0083658,0.13328516,4.86942302,1.87560416,3161.78546756,0,0,23518.64158424,323.47472721,5.04024563,9.00114113,16.72158895,1324.66796041,0,6581.58532519,31527.03213281,927.5655094,0,0,12.3344809,0.55767034,1.01367553,174.36464457,0.87338101,76.18217551,74.9393948,12.89273234,14.46294542,0.42415444,0.56540503,0,67.44397532,58.17036493,743.26366915,36.6613195,29.87784413,136.97360906,26.85489079,0,5.01892008,5.6385504,0.79846746,1.34005247,11748.52099909,1.87304866,0.84889737,0.14426007,3.94679067,5.57469065,0.38849633,0,6.42812704,6467.02205406,0,0.39302061,0,0,130.19032271,1.17661453,10.52424807,8863.53043426,0,0,9.13950787,286.27691859,0,0,0.04584376,0,0,0,0.10318331,0.05712749,0,2.60854158,1.07874973,0,0,3.91735887,0,0.07325383,0,0.05555072,0,4.45903752,681.79028888,12334.44835221,0,14.3267374,3.53768401,0,0,363.97249779,13.26179063,9864.54905765,891.46295431
"GMBC_102_E2",0.30054872,0.53070095,0,14.20294052,0,0,0,0,0,0.54501577,4.68141617,4.33351683,0,0.54893366,51.01157345,0.04709424,2.59513528,0,0,0.37651163,0.13043847,0.19519355,0.39281071,0,0.04366007,0.01639775,0,0,0.09911829,320.16316935,3.22966276,0.03180999,466.27254322,0,0.17404031,2.71193508,77.50456095,0,0.02605499,0.91606049,35.75999322,0.52682271,0,9.50738142,0.2865383,0.12158436,0.6727962,0.07988538,3.60491588,0.6347058,0.04338264,0.0250847,0.0930841,0,10.01379594,0.05734068,0.00807537,0,0.06073745,0.01327054,0.01307713,0.02952786,0.13478337,2.49009668,4.33300452,0.09692959,4.04066809,0.041904,6.7407471,0,0,0.02541762,122955.22490318,1427.77531327,1.69388868,0.06287606,0.01532687,1.71576441,0,0,0.36392841,1.85708293,0,319.2506593,939.07510443,0,0,0.8975609,324.95900034,1.07040894,0.26953323,111.3661161,13.66863473,99.14135244,295853.25797143,0.20671576,1.06788813,0.30755786,0,0,0,0,0,0,0,0,0,0,4.8537396,313.01081812,1.51929877,0,0.02265384,0,504538.40381373,145756.72944642,120949.58321521,33601.99532766,30029.61578312,35277.42491085,25352.68500982,34.18612054,7297.75504922,171.58847541,0.617258,35.58435877,0,0,0,0.43059158,0,0.65052617,0,0,1.78330417,0,0,0,0.17584838,0.03901291,0,0.03766948,0,0.15837625,180.38769342,0.23692754,2435.36887007,0,0,13848.86365368,277.67213636,0,5.3303903,16.83262692,7378.96720496,0,3950.7737648,19819.41563462,752.55667626,0,0,0.15257916,0.37967741,1.0978692,188.59916366,1.49427337,58.6191683,82.87584846,16.89302291,7.62542215,0.61423007,0.46931482,0.05058014,48.0353465,58.09298304,358.56743162,17.57374696,35.22812354,50.05763313,17.12134681,0.31496841,0.67873593,1.86557165,0.3465045,1.09316826,5950.86845212,0.82049388,0,1.90734971,0.10541094,1.74341531,0.26263755,0,0.12110748,3896.6056376,0,0.25152403,0,0,59.22972435,0.00579374,20.20312008,6739.07895193,0,0,20.39233382,7.3317928,0,0,0,0,0,0,0.49052617,0.25199002,0,0.51355054,0,0,0,0.0731618,0,0,0,0.02359267,0,1.96510989,169.85593411,4223.63733049,0,0.32919581,0,0,0,1.35910543,0.05960805,8002.42541695,63.77629867
"GMBC_103_E2",8.06046834,0.72309068,0.25134739,5.28709483,0,0.11686687,0,0,0,0.38396956,7.14189844,12.40486034,2.62460417,0.68213453,63.80100281,0.10180376,0.48319154,0,0,0,0.3151377,2.27955226,2.09744298,0,0.03998751,0.23839764,0,0,0.05500321,592.80988889,16.32996581,0.25925199,1073.56635457,0,0,3.40452642,27.66154098,0,0.17480806,14.22559281,312.7888823,0.43331357,27.03338275,11.22964594,0.68930436,0.48367073,1.74425912,0.13066984,2.88537525,1.45012951,0.08671239,0.00252361,0.14032153,0,17.41079702,0.20382866,0.0533877,0,0,0.02870615,0.00813053,0.02579832,0.20127584,1.71469409,5.08161982,0.08424378,7.1761673,0.05741596,25.40797253,0,0,0.19610672,616744.4024017,2964.55814858,4.19401681,0.20240172,0.06559846,0.96801898,0,0,0.16633872,5.34842368,0.14368925,774.324505,770.3472381,0,0,0.68505506,1125.02579487,1.00650037,55.93156231,172.17413184,1.26053213,3381.13684615,66178.58296581,1.40942519,28.58064904,15.07241962,0,0,0,0,0,0,0,0,0,0,0.93341576,238.7503285,0.50916744,0,1.60897568,0,3325707.19990672,589143.23412887,275216.49459285,47163.47954607,27505.12130695,33880.54458206,86254.97369753,60.33487599,75362.576304,635.6406674,0.70386333,4.97564299,0,0,0,2.57167332,0,1.29117248,0,0,1.9106431,0.02111734,0,0,0.18990036,0.78164767,0,0.17132836,0,0.14242952,32.8185592,0.7193227,25447.75989852,0,0,31057.49569379,253.02046513,0.97331611,59.18657169,24.76307077,11755.20675214,0,3446.78022222,40569.43834403,1411.23115048,0,0,0.40814151,3.41913534,4.32980302,392.4599389,5.63062132,110.97480477,335.76280121,326.88231213,989.26386297,6.59735619,2.04274492,0.78114198,141.6753769,100.6089322,2550.41863639,103.68423269,307.17254603,478.67666112,2382.82013233,5.91458803,1.83144009,4.79008521,7.34444423,0.59961599,17140.99623917,1.54229708,1.01115554,0.45030981,0.26741712,2.42646506,0.16305875,0,1.25179302,9415.13680233,0,0.83167556,0,0,455.9827109,0.06048637,94.11573434,16988.16469887,1.14979239,0,0,57.69090598,0,0,0,0,0,0,0.72058251,0.32310544,0,0.218985,0,0,0,0.09315645,0,0,0,0.04465561,0,3.91310018,967.15464476,15048.48916097,0,6.98479562,0,0,0,1.7066174,0.3858871,6465.36387179,676.22749573
"GMBC_104_E2",2.15147103,0.4145353,0,19.27750054,0,0.00393497,0,0,0,0.35256208,2.92710342,76.49634008,0.91584507,5.4767443,172.6663071,0.0486686,0.92398466,0,0,0,0.47069879,0.13288962,0.20600372,0,0.03334902,0,0,0,0.03871753,209.74555263,185.62082999,0.02200391,445.17593392,0,0.54725587,5.05494972,151.84760025,0,0.04284333,1.95502187,46.20362912,0.69109481,6.65708342,1.7698685,0.08157185,0.13044897,0.55305693,0.06578086,1.15596541,0.45122231,0.03180499,0.0135632,0.07161312,0,9.32351493,0.05505163,0.00815074,0,0.03808173,0.01661232,0.00439551,0.00669737,0.0210815,0.22871135,0.44151147,0.01649481,0.63729235,0.0297323,4.43586417,0,0,0,14422.71487799,2443.90355417,7.83082876,0,0,9.85259849,0,0.64030847,0.1465177,1.56467511,0,431.88922427,1284.11303202,0,0,0.10306359,242.1142343,0.85874603,42.75036138,48.95668394,0.63664082,51.87660804,681043.72145766,0.19463406,0.98239688,0.12503714,0,0,0,0,0,0,0,0,0,0,3.94906827,363.71628656,0.3146321,0,0.51615361,0.02610266,318851.62970494,79788.41796312,80095.5511031,29742.22825177,26810.20705446,33329.11553005,20718.9023162,37.1973732,8206.26204085,143.60034065,0.47950083,5.69764364,0,0,0,0.17849423,0,0.06553882,0,0,1.46257567,0,0,0,0.29571125,0.01908498,0,0.03449153,0,0.05079635,155.97231442,0.14984753,1956.13447225,0,0,11097.76932256,467.34760937,0.05075597,10.41102182,9.84204303,10856.0868575,0,10760.62970388,14787.72945183,1149.86028424,0,0,1.31499981,0.29258449,0.35617287,75.69146615,1.02782999,59.57757014,25.99607497,28.48865017,18.51329448,0.12704722,0.39099685,0,21.54492014,52.79070128,189.68208319,17.35815836,12.70375592,25.27953806,14.94240958,0.09776106,0.52763264,0.68863786,0.21384653,0.33102693,4764.53675469,3.31318163,1.21540069,1.32632776,0.2538663,1.40390281,0.45150446,0,0.08950079,3168.58241025,0,0.47782688,0,0,26.41301332,0,16.85523319,5855.11575613,3.06502322,0,29.67219058,37.93064097,10.97779146,0,0,0,0,0,0.11738637,0.05095578,0,0.17215354,0,0,0,0.06258639,0,0,0,0.02628436,0,12.84444773,206.94495344,4066.69021503,0,0.54865213,0,0,0,0,0.01671029,11593.71061901,70.47338795
"GMBC_105_E2",0.90754741,0.72428079,0.1154793,12.43517827,0,0.07257516,0,0,0,0.19690457,1.47936792,1.41748528,0.03584762,0.2434085,45.21732092,0.32073194,3.98215427,0,0,0.41697821,0.22736019,0.38712964,0.48674643,0,0.07181588,0.07002078,0,0,0.06399612,1.35161363,43.87053788,0.15414998,387.28326192,0,0.66972567,3.2480339,58.54966977,0,1.29507224,2.10656548,120.0800487,0.66723919,24.19384485,8.37738986,0.68143944,0.27999033,0.65093138,0.20507366,6.58661833,2.87584937,0.02749065,0.00392179,0.12282453,0,13.7639902,0.13200034,0.01955843,0,0.0991223,0.02200679,0.00666837,0.00946311,0.03987657,0.41503022,1.15647236,0.00923328,11.77287732,0.00694448,2.691796,0,0,0,71018.90134188,3362.19621578,0.64462177,0,1.0245126,0.67865466,0,0.76961534,0.10513687,1.21201579,0,460.26808467,672.69326632,0,0,0.27090308,574.78992115,1.32022496,7.65064412,38.99153553,4.3929223,152.50918755,700036.93833427,0.10895892,11.23134376,6.30965504,0,0,0,0,0,0,0,0,0,0,1.28985232,469.63941261,0.50468261,0,0.20586618,0.02875212,1522100.95931304,374949.41178379,207474.98043124,56824.60841462,36846.75987386,52445.77531406,70733.80335536,60.94676006,8973.07116497,378.96265077,0.79119436,7.66904468,0,0,0,0.34524662,0,0.16131331,0,0,0.97851932,0,0,0,0.25421772,0.14646689,0,0.06542809,0,0.0919624,72.03378836,0.19094062,16569.25112559,0,0,50589.82706662,349.41548166,0.34837764,18.38537602,24.74768833,11760.4381639,0,9872.60827373,67331.75042329,943.2230567,0,0,0.37563675,0.26422617,0.78879648,124.23404934,1.54114587,87.04264659,39.68230885,12.8657945,16.41226453,0.42668113,1.22119188,0.29432186,194.82152355,74.80945323,1505.01460239,82.71793442,51.7929309,82.79081857,40.26696811,0.69798072,2.39932005,4.43477635,1.222631,1.32361938,32165.68372424,1.18819482,1.94447603,0.36152629,0.1985392,1.29675876,0.40365472,0,2.01208749,11690.04748568,0,0.29368062,0,0,438.10773345,0,8.92673457,38433.75618667,4.7836026,0,0,50.16395945,26.60048352,0,0,0,0,0,0.18798505,0.03817022,0,0.06136179,0,0,0,0.07539739,0,0,0,0.02791771,0,7.42159075,1439.38988276,22198.33239441,0,2.2741245,0,0,0,0.15161802,0.1659201,13870.70090819,40.84774852
"GMBC_106_E2",4.65029925,0.47547455,0.25753694,47.47446159,0,0.00517048,0,0,0,0.96208122,8.80582141,0.32359928,0.61460381,0,5.51809878,0.0318008,0.62051217,0,0,0,0.47785049,0.59820888,1.70698367,0,0.10950488,0.08537646,0,0,0.00473399,490.84786223,12.28213088,0.31136259,1440.79851419,0,0.50944283,8.15461458,8.97066819,0,0.37154963,17.4818026,124.21153938,0.59057996,13.43892344,9.20703743,0.38226992,0.30800701,1.29131771,0.03853485,2.49814005,1.50043435,0.03348652,0.00447429,0.13249826,0,14.05531713,0.12693467,0.00493531,0,0.12124573,0.02409545,0.00573921,0.01387893,0.19728706,18.91836419,40.44205829,0.27056225,43.66013415,0.22872103,7.28981862,0,0,21.57631942,708307.27711137,4650.57658154,1.49965768,0.7667644,0.20200759,0.4113242,0,2.07439527,0.4554316,12.42258985,0,997.42035944,2301.03864647,0,0,0,1933.9549116,1.22319667,1.28922511,987.77624991,4.2319911,2035.50958898,142838.90126521,0.11610982,20.7985498,0.25182956,0,0,0,0,0,0,0,0,0,0,17.7692901,233.61813194,0.40560267,0,0.49579048,0.04766526,790592.25178332,197699.71940424,67243.76780477,30111.76117617,23049.04718893,28950.34944761,26597.11761394,130.69920172,755.41687716,580.12036958,0.48922071,2.8676994,0,0,0,0.33563291,0,0.15746408,0,0,1.13339277,0,0,0,0.32949118,0.00918674,0,0.45365191,0,4.53389445,26.62057244,36.30650807,6644.07999667,0,0,23073.94268397,707.98127377,8.7054172,28.99825677,20.05937261,5734.89719862,0,7881.5283651,29141.28385041,1663.00500262,0,0,2.48546014,2.27123193,1.69269779,534.15073876,3.51315256,92.22015715,93.01975063,137.41066535,89.95449977,1.17147818,1.40334827,0.18688926,306.91156989,81.0877961,3855.27447713,317.88817347,137.56059062,425.69235076,145.97517136,1.32219954,2.18506751,3.19392402,1.15270254,0.06962975,13187.52655807,2.53608359,5.48386862,0.31732005,0.14415342,47.56183156,3.42462582,0,0.47575814,6969.62934438,0,0.27900506,0,0,758.01326113,2.57062692,77.35064948,8448.30711252,0,0,0,345.94379793,0,0,0,0,0,0,0.15718525,0.03735294,0,0.0735306,0,0,0,0,0,0,0,0.035789,0,15.99621311,664.91230751,9509.26450175,0,27.23159616,21.50131638,0,0,2.79567995,1.84270485,6976.36682204,1070.73989897
"GMBC_107_E2",17.93943221,2.65594666,2.49138581,66.44640065,0,0,0.02398239,0,0,1.41689353,13.58100131,526.88522126,0,103.63710522,182.71352661,0.04947072,2.3262048,0,0,0,0.45929485,2.58648896,29.75103784,0,0.14045378,0,0,0,0.0629252,876.80286476,0,3.45700396,2464.03501591,0,0.87144922,8.27085759,19.66440272,0,0.18886307,254.66074152,14797.75310064,0,57.54277283,18.69428387,1.00950904,2.25807734,2.33237744,0.20907671,6.02603681,3.45355954,0.09796366,0.0486165,0.23823635,0,28.10410307,0.39289654,0.00520315,0,0.29757326,0.04690117,0.02402963,0.04929175,0.44396896,11.96020075,17.4122603,0.19957741,22.65485551,0.094153,102.79049366,0,0,0.53994229,1010422.24082879,3220.30946176,42.74756792,0,0.11613792,2.09922336,2.7377512,4.13486171,0.53405618,5.42599365,1.37752153,1394.35596779,2003.63052454,0,0,2.61148185,1372.25860093,2.33659952,25.10268229,255.84635232,3.52578017,1285.34713391,17840.54491139,2.30852269,10.84850726,1.30293513,0,0,0,0,0,0,0,0,0,0,23.140063,277.23765659,2.45340066,0,3.53201217,0.64484811,4917563.70776794,1358791.66218918,652892.41878448,83003.98565428,45695.90958801,65030.52657407,97913.57588562,67.44838903,810.94929641,1067.26720153,1.28628054,3.85506703,0,0,0,9.51809866,0.1998516,5.59016534,0,0,9.51026063,0.19927642,0,0,0.96539596,9.25721557,0,1.34780662,0.02799566,6.94502257,50.75351823,27.71657305,12380.88893943,0,0,69999.20347704,492.46326122,1.48338491,230.04875824,43.83935067,3448.38372552,0,4896.91175217,103445.47891952,1872.60461933,0,0,17.70097685,3.10731682,7.23098972,1651.11963413,8.54601927,181.12134179,343.33018602,136.78255388,96.41398813,6.76601366,3.22197668,0.22936557,258.83013798,155.14974503,3990.72684469,278.16977085,146.37577661,346.28853384,176.98394828,4.60020166,13.12452748,19.95808816,2.58049106,0.53107502,44640.67977242,15.02051432,3.13187923,0.56742748,0.32212477,15.4010386,1.23717849,0,11.85851445,23829.14784591,0,0.97767549,0,0,912.87632852,0.09821114,177.14441794,38576.52434549,0,0,23.32662609,118.83856629,0,0,0,0,0,0,1.86427337,0.70863079,0,0.83644941,0,0,0,0.11815351,0,0,0,0.20002614,0,10.84940695,1965.52708863,45606.30930159,0,92.61824263,80.56219986,0,0,2.62282209,0.76669861,9923.89566156,664.69696469
"GMBC_108_E2",1.84960857,0.47787883,0.06940729,3.13833262,0,0.02193291,0,0,0,0.12286178,1.26240971,26.48112997,1.27578119,3.67118821,32.37700963,0.07742053,1.26573302,0.0067587,0,0.43373543,0.14359441,0.08895695,0.39208727,0,0.00247234,0.25313762,0,0,0.17842549,3.1376,17.78217525,0.09552529,470.07746673,0,0,1.62508101,62.64486747,0,0.01398306,2.70591811,78.48934651,0.26683738,0,4.63498203,0.20051881,0.06412517,0.62905891,0.02915696,1.60598777,0.54260476,0.01734366,0.01054336,0.09312508,0,11.29316792,0.08218712,0.00507618,0,0,0.01984796,0.00299587,0.00745144,0.01987996,0.78621492,1.1375099,0.02001223,2.36211307,0.02639693,1.54620019,0,0,0,31563.95841605,1337.27466859,0.93301732,0,0.04092759,1.27403647,0,0.61050188,0.27134033,4.87950238,0,873.47303689,76.97967425,0,0,0.04769184,126.50723211,2.50526849,4.85116598,14.85250327,0.75825776,87.17269298,118024.48925217,0.00931519,0.73992764,0.20813096,0,0,0,0,0,0,0,0,0,0,5.030303,432.66687555,1.18493294,0,0.01775762,0,659083.28239725,97895.40179457,14261.50255893,23462.57007928,18807.4230562,24049.87819562,14371.51289597,37.51887398,3105.79932556,80.90633347,0.43742227,15.82446471,0,0,0,0.39732811,0,0.47939681,0,0,0.21689567,0,0,0,0.07349715,0.02455375,0,0.00775596,0,0.31246899,14.08340803,0.30868235,8442.42794938,0,0,15636.48488756,143.25174288,0,22.89689025,9.37225291,13603.7099612,0,2990.93110903,20062.40591158,465.93834786,0,0,0.10576174,0.32165125,0.67548345,88.92572026,0.79576696,72.67029927,28.9231159,56.07766395,31.00991663,0.21509429,0.32589676,0,133.96788054,62.98994016,830.70677565,31.98098328,36.4837882,236.8370648,76.295605,0.28135526,0.91787277,3.71348872,0.76983346,0.39411321,8236.88155238,0.38930791,0.06402447,0.05718025,0,9.62902731,0.03754491,0,0.60672997,4629.69454089,0,0.92515483,0,0,217.95351171,0,40.29588833,7585.32939657,0,0,10.24892397,9.59871572,22.01512105,0,0,0,0,0,0.26818822,0.22788278,0,0.15400692,0,0,0,0,0,0,0,0.03216486,0,0.47032331,299.34846717,6341.35048704,0,0.41638645,0,0,0,0,0,2013.85174047,36.06705552
"GMBC_109_E2",0.43492465,0.04437825,0,4.64084817,0,0.0286196,0,0.01243052,0,0.28584211,0.52898444,11.13353613,0,1.15223632,50.03725527,0.00800497,0.16278624,0.01108696,0,0.67480748,0.15458192,0.1524182,0.03059983,0,0.00693738,0.11419184,0,0,0.0114658,93.81673718,3.55443355,0.03252797,47.43581439,0,0.15526076,1.6184602,17.53369745,0,0.007449,0.77211695,29.82348885,0.26959872,2.02786945,2.41419371,0.09352301,0.07312887,0.45618959,0.02647447,1.3894607,0.28774138,0.0074253,0.00647859,0.06894431,0,7.7668256,0.04107468,0.00342089,0,0.02582867,0.01042212,0.00237207,0.01992052,0.065488,0.33209496,0.65318472,0.003005,1.23443265,0.00232623,1.06547628,0,0,0,22168.15223457,1123.20921619,0.05885296,0,0.16362661,2.88614361,0,0,0.21130555,1.30229226,0,58.83166778,148.17200948,0,0,0.05479435,37.79928765,0.69740096,0.77538686,7.24661771,0.2911169,61.77305143,142162.12013351,0.04415371,7.10034981,0.01965798,0,0,0,0,0,0,0,0,0,0,0.31802584,152.68491324,0.22965714,0,0.59634866,0,267239.14487851,64605.17502222,170278.05924505,13216.2382013,10466.03499509,12457.78794344,16620.69226752,12.51182015,28220.26747754,924.68321594,0.2541298,2.35833609,0,0,0,0.2021884,0,0.06791906,0,0,0.43367634,0,0,0,0.03539431,0.02546699,0,0.00879115,0,0,28.20373051,0.44281896,1401.78985967,0,0,3781.74781883,181.38443352,0,1.68107153,7.18153932,3761.51089804,0,1986.87956666,6362.40580595,387.3938497,0,0,0.1023588,0.70234001,0.18564005,39.91447361,0.20913588,57.01867618,23.9247096,40.3910246,6.30415317,0.06762348,0.19008889,0,15.79613527,46.75102283,162.01071662,11.6348217,19.26588465,44.89421568,18.04496159,0.15235622,1.32196609,2.44810652,0.55435776,0.04340074,2554.93886974,1.96112857,0.47049686,0.20730621,0.1041488,3.25014814,0,0,0.10244625,1514.11137188,0,0.42038304,0,0,32.57360759,0,1.44244653,1626.97844283,0,0,8.96835863,4.42202805,0,0,0,0,0,0,0.06967462,0.01760393,0,0.04837565,0,0,0,0,0,0,0,0.02045945,0,1.47574901,103.38980465,1861.58346575,0,0.29280251,0,0,0,0,0,2641.31179688,15.38069877
"GMBC_110_E2",3.86643414,0.3097297,28.45806208,62.86629838,0,1.08104179,0,2.23041449,0,0.43364369,1.90988292,0.81213118,0.55216874,0,1.07237853,0.6912239,3.2306563,0,0,0.47303893,0.27840484,1.91383728,304.80879594,0,0.01159628,0,0,0,0,1220.80925016,1.42879038,31.10022848,693.96898359,0,0,2.14429748,1.17973947,0,0.02484358,217.65706582,102.62152032,4.34650476,10.50250922,11.90898627,2.63809469,1.0341806,0.68511312,0.40234857,2.86458695,1.40614166,0.17071149,0.00646626,0.12788522,0,14.80202042,0.28584096,0.00319212,0,0.06558213,0.02521752,0.00530511,0.57783724,2.13020159,39.63310925,29.00618397,0.22307311,48.3332986,0.03894842,45.83335356,0,0,8.33823558,804200.24261515,3763.68518978,328.52275838,134.80245688,0,0.79545239,0.18958468,0,0.72891063,11.96142521,39.68276206,250.53201596,351.64050896,0,0,334.01145594,2910.04409936,1.22396573,10.7544666,976.84685501,8.59208473,1859.19486874,10508.49280088,0.58676441,159.76481107,29.55726809,0,0,0,0,0,0,0,0,0,0,73.90584731,143.07341392,14.20571235,0,0.5427598,0.69792168,2576775.30680601,1055775.78722703,330274.8886487,77119.85662886,65494.57200679,78738.56806748,91761.9237882,0,1525.54987013,2741.24889355,0.54113587,36.89048611,0,0,0,0.33968053,0.30108307,0.46941874,0,0,0.42367586,0.12163999,0,0,0.05290585,0.03400433,0,0.59742479,0.09382461,18.56835606,183.02517886,7.46975715,13026.25546615,0,0,68872.26112693,37.36872984,0.23308905,40.49759517,35.79289465,6200.07990924,0,5967.9396843,80819.73822041,173.52591492,0,0,0.21836335,5.79660085,5.73291731,1607.18991,2.48457561,88.30679563,1557.92112617,38.21563292,15.11058622,18.89550411,0.67136216,0.21437139,162.85972641,78.68407194,2143.062454,117.56636671,166.75521314,172.55468285,37.35941025,1.77691445,3.27356575,1.4564536,0.53557176,0.19450791,39638.80488006,1.37904692,3.71720351,0.05533358,0,4.70795927,4.57281076,0,118.78419483,13693.26823883,0,0.52461389,0,0,669.13139146,2.87759465,50.78409939,20086.70230612,4.33133364,0,17.67683122,445.55110285,0,0,0,0,0,0,0.1862086,0.08619607,0,0.04411705,0,0,0,0,0,0,0,0.07528762,0,3.31217469,1453.02299666,29095.78818993,0,1235.30823561,195.960566,0,0,4.79466977,163.52521285,6444.65632365,1364.51509192
"GMBC_111_E2",6.55315137,0.44458005,0.48425677,2.96883966,0,0,0,0,0,0.29585981,3.35139798,22.31803419,0.31929519,2.88241495,48.16014114,0.10820846,0.52340602,0,0,0.24324512,0.13284689,0.46393393,1.76438164,0,0.01172155,0.06923862,0,0,0.59514153,106.48816877,63.57113795,0.7692638,1022.38297771,0,0.26749106,3.41250494,164.07244203,0,0.24787343,3.43669073,54.32032695,0.6544702,8.82174566,47.47856731,0.25438021,0.05031687,0.54423154,0.07277431,1.21238646,0.5052276,0.01068554,0.01830522,0.08008651,0,9.45390033,0.05688554,0.01079211,0,0.07662543,0.01181874,0.00267277,0.03030406,0.13557448,2.73371598,2.74966901,0.05013774,4.51605941,0.0411966,0.54665626,0,0,0,104074.69661884,2131.598633,1.1935167,0.67442993,0.03111018,5.04351446,0.39795186,0,0.32081248,1.20470322,0.67783322,453.85089163,201.31353416,0,0,1.23657886,366.05330018,0.57657549,2.23535217,79.61400707,1.45767534,353.91249325,477514.89403324,0.41912983,5.9377419,0.79338161,0,0,0,0,0,0,0,0,0,0,12.70369342,133.20340046,1.39683887,0,0.22866519,0.05572269,665980.56353999,114883.56776518,1799.53772458,26718.6630253,24791.92422013,31507.48532441,11340.03361295,24.89091898,3806.83273611,226.4810049,0.19754011,5.61948924,0,0,0,0.16567325,0,0.10937491,0,0,0.33739513,0,0,0,0.10051988,0.00608987,0,0.03979569,0,0.10028461,31.4276739,0.42844701,8730.93339536,0,0,17742.66876779,314.40365964,0.12943952,11.49000344,13.5044855,18255.12604631,0,4005.0108595,22632.9329467,588.61954571,0,0,0.13433044,0.37911021,0.69651582,79.19405228,1.69285939,61.79105118,33.92482202,9.43474703,4.60001965,0.17356232,0.13143563,0.13069908,121.76566284,53.33247267,983.03543024,101.8552368,37.29372516,141.05946287,44.19614253,0.25726445,1.04079413,1.97941387,0.47023892,1.33187349,7890.38567251,0.42461151,0.08321056,0.95491028,0.18730361,1.42512803,0.17888721,0,1.52602992,4627.53436317,0,0.70033964,0,0,106.86887342,0,58.68050381,12699.80597006,0,0,6.40328356,20.08229578,14.23749214,0,0,0,0,0,0.10300467,0.06922297,0,0.16888216,0,0,0,0.01324338,0,0,0,0.02503401,0,0.42628843,286.61413438,5645.89773513,0,11.41887764,0,0,0,0.32934059,0.67389152,6686.9637761,92.44585026
"GMBC_112_E2",9.13751085,0.5176197,0.3263796,14.99790024,0,0,0.00134928,0,0,0,8.59423678,9.97556202,0.09459152,0.90396172,76.73256982,0.2254526,0.57363426,0,0,0,0.22937159,0.33027249,2.38069037,0,0.0294767,0.13389861,0,0,0.06797326,1213.94774122,3.11023403,0.3387475,1049.06393858,0,0.48693972,2.31913348,22.88068018,0,0.28492626,6.69029364,258.55631796,0.98910393,11.29513748,24.9435493,2.47087446,0.53788008,0.94506587,0.10503173,1.43340819,0.40755612,0.07052954,0.01468187,0.12272568,0.2456111,16.42711874,0.19672102,0.0088169,0,0.18435459,0.02512797,0.00485952,0.01174288,0.03402114,1.13002353,2.44988384,0.02349014,2.50843245,0.10181766,8.38216156,0,0,3.48028983,386171.67654901,4752.45724613,20.1038423,0.3346952,0.2870413,0.21435849,0,0,0.34263391,1.1074322,0.56293939,627.16744033,423.65120252,0,0,0.53458138,944.73208325,1.282306,32.36935091,1109.35333222,0.94996656,245.67978611,517269.78657203,1.33939257,11.35600267,11.80984427,0,0,0,0,0,0,0,0,0,0,2.41317121,266.93848966,1.58918088,0,1.1435517,0.20254135,3713171.24586002,757966.66566902,702929.59842813,111808.55453978,71380.0619466,85159.69350565,97585.94512587,510.3077846,40734.28788885,1809.22104648,0.39538105,17.1022109,0,0.05573452,0,9.33322909,0,11.71579615,0,0,8.14545816,0.0425978,0.0145461,0,0.11282189,0.22441576,0,0.78804407,0,0.33092386,33.29693603,47.23263415,16449.404819,0,0,27772.14240772,393.46176431,0.17575253,36.04110914,22.28579339,8012.46884232,0,8390.2789037,39083.13609522,678.01396764,0,0,0.13399138,0.62442633,0.8238492,130.64399887,1.39517122,100.39048849,63.99176631,25.87794976,24.66152447,0.51865243,0.32093587,0.04585309,132.13985079,86.96566391,1514.48565589,98.08156914,62.72963234,115.68280833,28.52441595,0.54934834,1.22910331,2.3275494,0.73350624,1.04932949,13275.82477961,1.29796645,0.32253796,0.47241434,0.69002054,1.17411581,0.28688431,0,1.74916772,8423.09097486,0,0.5729782,0,0,240.11924094,1.57328532,41.68326107,13742.59154664,0,0,12.9771847,2404.66084788,0,0,0,0,0,0,3.04085176,3.50941206,0,2.4242051,0,0,0,0.05374072,0,0,0,0.21267469,0,0.98036396,615.92986455,11456.44607126,0,3.75096414,0,0,0,75.02095207,0.40236293,9355.45029254,375.22958949
"GMBC_113_E2",0.70925804,0.36462256,0.02804165,12.76205853,0,0.00174345,0.04530803,0,0,0.26458327,0.5361105,0.81047901,0.48881875,0.11271777,9.3556956,0.04727055,0.15768349,0.00306636,0,0,0.0487426,0.097681,0.17561855,0,0.01709665,0.01969334,0,0,0,239.99139368,14.62131298,0.02338765,153.41333275,0,0,3.25991649,97.74464791,0,0.01701497,0.29725016,36.69691059,0.27411617,4.27226296,1.96094149,0.31456452,0.17915443,0.51494006,0.10045715,0.50100472,0.25454144,0.07296059,0.00114859,0.0928895,0,10.1954109,0.05060619,0.00197086,0,0.04842865,0.01650461,0.00369844,0.01294811,0.03587005,0.32583471,0.61427725,0.01311791,0.9171209,0.03107786,0.37170093,0,0,0,49272.50106434,1535.10866362,5.7880208,0,0.04118283,0.24067377,0,1.0238029,0.13423615,0.34821597,0,115.425055,479.05453427,0,0,0.40856747,232.65785387,1.53067603,2.60727147,64.7821404,0.3341296,170.87252781,312227.23510142,0.13197502,15.70860609,1.35362406,0,0,0,0,0,0,0,0,0,0,0.46636346,52.86431967,0.23841751,0,2.96367629,0,280204.41423882,132512.04213376,103711.35487813,27272.73515372,22030.3913603,26352.56335006,23606.23400153,22.86781206,474.18215899,376.10603646,0.23859589,2.75540811,0,0,0,0.14120558,0,0.13141164,0,0,0.97170431,0,0,0,0.2207425,0.00680415,0,0.01442228,0,0,85.74771666,0.47687491,4193.54300118,0,0,10956.35836086,213.17854245,0.16911192,4.2216572,13.07765448,11623.72680044,0,3543.95327372,14960.46519996,484.18131644,0,0,0.01992371,0.20662241,0.63105639,88.01273954,0.94210836,69.39361588,26.14710021,15.54852434,9.77852893,0.31838934,0.16750923,0.02843805,84.71054818,59.67326333,1012.54912532,50.12844301,43.30256564,89.13361886,32.36817626,0.55148006,0.77467248,1.80932069,0.63354991,0.08503234,5013.8081851,1.40732941,0.49845009,0.20609156,0,0.73347009,0.67008047,0,0.32267186,2841.68151173,0,0.01906743,0,0,127.75724167,0,5.55006543,5348.09999446,0,0,2.34906598,34.47652781,0,0,0,0,0,0,0.14060224,0.07001934,0,0.13637819,0,0,0,0.04218388,0,0,0,0.02300676,0,4.42989414,199.17093559,3634.36426932,0,1.51283343,0,0,0,0.19306463,0.07066109,9377.81738713,79.85357906
"GMBC_114_E2",0.71873615,1.25763415,0.17189784,72.47468752,0,0.09592296,0.0058901,0.30545795,0,0.55992669,2.27103789,14.38434778,1.10604637,1.20654552,12.03217533,0.04409563,0.31682828,0.02260994,0,0,0.09604751,0.73022991,2.87269049,0,0.11249845,0,0,0,0.03250384,0.89520632,9.36818127,0.21152373,1004.42546546,0,0.88364205,4.5826623,17.99534153,0,0.23424113,14.67730203,297.6080232,0.6977846,26.00578956,34.88371857,1.6979052,0.62181878,1.98850889,0.16086796,3.99962978,1.85931764,0.09362754,0.01351622,0.18526902,0.21408741,21.22127591,0.55464592,0.01175025,0,0.01575271,0.05458135,0.03274594,0.67283647,4.57221509,18.9424548,61.00950691,0.68775112,14.15771675,0.20923714,58.44812037,0,0,19.43374022,350890.0164971,2028.7136551,15.04357661,31.24853017,0.15195777,0.14725131,0,0,27.07927111,6.87122364,0,311.71190919,2361.22699566,0,0,136.44226828,945.93332273,2.05762221,15.56022466,353.27314814,4.19997219,2037.70205119,234164.50475619,2.43105593,3.54673022,3.81310092,0,0,0,0,0,0,0,0,0,0,1.85982997,259.57740363,0.3326566,0,1.4474282,0.32022609,4459679.89594791,1055350.96894038,817034.20765705,38831.91012133,19167.14356948,27312.8200658,78005.97789268,214.19732116,6248.2868343,1701.11688043,0.39843825,2.24655689,0,0.01112892,0,1.15823538,0.08240625,0.82668632,0,0,1.62876018,0.09695541,0,0,0.17866249,1.65990668,0,0.13577376,0.01234174,0.56623021,85.62237019,1.12243806,22629.90750368,0,0,27380.81728432,479.18451464,10.08021687,23.36267311,28.95494647,8283.51600462,0,6001.80302764,34746.19278186,1395.27179769,0,0,37.59976032,4.06049371,26.32242119,2144.25117675,11.92859137,135.75712361,500.91654157,303.71256491,592.84415435,37.88619069,0.91640644,0.34570432,167.4385698,117.15446787,3301.14603347,167.44029742,145.48509258,369.52474704,565.05628655,14.67825751,12.34928003,6.24125866,4.15422624,0.38442391,15470.95940571,13.50227455,3.04982146,0.40596284,0,1.79826769,0.23383548,0,1.27266978,9400.02748964,0,56.68485569,0,0,1785.75140951,0.4797088,26.87381113,12804.81539875,12.88230316,0,3.18115172,81.59008309,0,0,0,0,0,0,0.51765856,0.1533486,0,0.29240832,0,0,0,0.06901792,0,0,0,0.06887384,0,23.9320815,1075.35623138,14826.79707879,0,6.49296562,0,0,0,128.01632239,21.19519266,8865.71643286,469.0424466
"GMBC_115_E2",0.52958749,0.58583473,0.09694674,14.11096263,0,0,0,0,0,0.35575621,0.14994534,3.14083016,0.13626812,0.24468202,5.0466508,0.04306867,2.71361865,0,0,0,0.11404461,0.10913591,0.22870443,0,0.02697961,0.0332343,0,0,0.08959167,0,40.09322827,0.04031351,336.09036955,0,0.12514601,3.06253519,49.7663038,0,0.04054491,0.91313942,30.08520893,0.19404061,2.54875044,10.88115739,0.57760862,0.13314045,0.53611185,0.07705176,3.10649611,0.91803482,0.0646793,0.0041858,0.07162641,0.08679052,8.48051288,0.06404148,0.02039702,0,0.01427372,0.01563536,0.00310625,0.02954343,0.21553292,1.29463816,4.27088336,0.05675252,5.91990317,0.02336686,0.99290881,0,0,0.12635951,336653.48044327,2798.80889207,2.21812976,0,0.2125774,0.5480028,0,0,2.62127109,1.86232962,0,213.18910363,713.70067719,0,0,0.47266485,598.4748128,0.99230095,2.03796466,13.80136465,1.41624798,764.7685385,101923.4516352,0,4.63944856,0.0324936,0,0,0,0,0,0,0,0,0,0,4.92724188,124.09969088,37.67754967,0,0.07349487,0,910378.30355409,259791.58236504,171980.3096915,36810.01239092,26232.98615391,33110.57816018,34351.42097707,23.18563132,14837.23958367,966.94971963,0.39269786,3.94259922,0,0,0,0.21047317,0,0.02359003,0,0,0.50485112,0,0,0,0.09507605,0.01378513,0,0,0,0.05260952,59.89915797,1.0221345,5339.39451282,0,0,6954.27670512,214.84466472,0.06897523,3.786794,11.40369273,2311.66586687,0,4796.93520736,11526.3296089,557.07779617,0,0,0.19212671,0.19663079,0.62185071,113.75802167,0.49646929,57.42015169,43.42929635,14.16036353,4.18505709,0.23423923,0.31509591,0,108.58637777,50.89591306,974.83624827,35.72863878,53.91150598,91.22167266,24.79054268,0.23938387,1.81136555,5.21504883,0.53605443,0.22655019,3427.16465628,0.45031575,0.45685367,0.34528486,0,28.58268234,0.32978892,0,1.20754819,2100.69994966,0,1.7363195,0,0,75.32725473,0,3.63337922,2596.78536797,0.99083576,0,0,21.90812658,0,0,0,0,0,0,0.08006119,0.01710561,0,0.07242976,0,0,0,0.07021269,0,0,0,0.02104316,0,3.43858531,120.67587136,2474.13753864,0,0.69978664,0,0,0,2.03639532,0.19885664,3049.48022982,337.79555881
"GMBC_116_E2",1.98260813,0.96100634,0,10.95430353,0,0,0,0,0,0.05195963,1.84871848,27.17664584,0.59600524,3.87619937,38.63597609,0.02906716,0.42910624,0,0,0,0.10418354,0.13857834,0.4085548,0,0.03147748,0.19795799,0,0,0.17929716,273.75194265,48.54566373,0.10929214,1042.8294219,0,0.24293438,5.785628,13.68002134,0,0.07355126,2.00959744,34.3658855,0.11567391,14.54479545,9.45008158,0.26082719,0.16566384,0.56976165,0.04820907,0.44192741,0.24338927,0.03899773,0,0.1036707,0,11.64471976,0.04230966,0.00355459,0,0.06003584,0.01864841,0.00487672,0.01034901,0.05829251,0.55955221,2.197994,0.05039254,1.74083221,0.01521992,1.12333199,0,0,0.09586696,71798.04135378,3593.44622178,2.27193363,0.09330195,0.23048509,0.56098962,0,0.25517565,2.2040289,0.67980575,0,252.5789331,939.19005845,0,0,0.45204519,449.27883858,0.73929627,2.07705621,15.4335561,1.40846326,318.58710462,297870.13972598,0.15728332,20.36874061,0.35658113,0,0,0,0,0,0,0,0,0,0,62.52191701,376.80172154,8.53147505,0,0.06298056,0.04563291,613252.33798916,157012.25769511,99156.26447254,24739.3613802,22994.51314229,26118.46631235,21148.61661418,70.67263093,280.13423042,183.17341111,0.39812062,8.38219423,0,0,0,0.2816587,0,0.12337339,0,0,0.40924972,0.00297632,0,0,0.05755469,0.00620904,0,0.03935531,0,0.14019014,34.72906663,1.64992322,3942.94752636,0,0,5714.40592257,209.54579394,0,19.3369021,12.27953972,12533.22113057,0,6697.44004355,7634.59285385,542.12670487,0,0,0.25449058,8.45895194,0.61142849,491.02022767,2.29583703,77.10631735,28.75597379,88.90003091,186.31126365,0.1123948,0.07073318,0.01315019,56.83227633,64.66178561,1010.63391361,54.20558183,21.05745735,174.19244267,142.49266373,0.10412484,0.51265163,0.99149931,0.87950804,0.65599501,2364.13228867,0.66373582,0.51535873,0.58070516,0.0564694,5.44269615,0.45007852,0,1.24470855,2131.18367423,0,0.67245324,0,0,478.17994987,0,6.07533121,4219.1837789,0,0,0.97505208,8.28115053,0,0,0,0,0,0,0.16177089,0.05189079,0,0.16418662,0,0,0,0.14482229,0,0,0,0.02357828,0,5.03347492,194.57007132,3028.30519565,0,3.21588147,0,0,0,0.5386067,0.23854547,9333.95154705,87.44394157
"GMBC_117_E2",1.71848499,2.72880255,1.84285417,158.68785137,0,1.6624749,0,0.09583759,0,1.48207752,3.88772718,82.70633921,2.60454576,4.61971942,238.25093452,1.32541633,1.25005382,0.02096671,0,0,0.48234106,2.56072352,31.98671212,0,0.01646316,3.20458735,0,0,0.11546101,732.5070346,17.83787211,2.60574983,1864.99835453,0,1.62641781,19.12594083,10.17967415,0,3.33298617,89.43734235,648.65116507,1.47422557,86.69070742,14.20209088,2.13807833,1.83335775,1.76159927,0.54338546,18.14951944,9.85362945,0.2858702,0.08182627,0.27843079,0.05965394,22.39099646,0.17761374,0.00572051,0,0.25103492,0.03590157,0.00443563,0.02597384,0.12731948,6.6433202,14.38385053,0.11467313,40.21258455,0.05207065,176.97053981,0,0,49.578838,997529.4377755,3239.39391065,85.20220474,252.9500438,0.9707051,0,0,0.65359529,20.85250768,1.48432863,0.36222881,400.00982218,3889.44877081,0,0,491.88209465,2573.77613822,2.1380893,124.65756716,2184.23475206,2.80564087,1870.44713483,179145.02371536,0.40333337,40.43859667,37.921464,0,0,0,0,0,0,0,0,0,0,11.70113911,453.53604022,4.35905296,0,4.76882525,2.40389508,5579055.23767983,1744764.00574671,1431020.34360856,60541.81268845,32125.07547332,36323.47659758,86635.97889729,145.4391265,1072.64905364,2073.90634996,1.05970837,3.45241069,0,0.02039897,0,2.59865153,0.14378669,0.98943465,0,0,2.71780796,0.20064333,0,0,0.17831729,5.86935423,0,0.17459895,0,3.23327105,55.69122472,0.63249076,24453.5426814,0,0,13413.89042494,643.31544746,11.99571079,32.01750608,38.34723236,8409.36813145,0,8157.08710978,18523.94398698,2230.4020256,0,0,574.57862389,1.36494735,1.59042981,523.49754664,3.08169446,166.75590272,400.17546313,290.83671686,70.4579324,1.78800576,0.70868048,0.20816536,330.41137499,141.67595372,7161.04366294,777.38098334,406.68841561,956.18819261,242.14448144,4.92963657,13.09324897,22.91624529,3.5010381,0.64507314,8625.59504581,12.83140875,5.72822471,0.86981221,0.1912115,4.32006757,1.01757578,0,0.30082935,5178.34971851,0,2.13389776,0,0,3663.13878876,0,17.65902313,11865.73038313,0,0,4.60976313,69.78216895,0,0,0,0,0,0,0.58999666,0.15345488,0,0.53395829,0,0,0,0.26127314,0,0,0,0.08459177,0,27.43832409,637.28179397,8086.3798222,0,23.3895908,51.33838403,0,0,543.77944049,25.27327673,15034.93079373,1090.414747
"GMBC_118_E2",2.86946468,0.39070609,0.05015885,54.951128,0,0.09354768,0.06160863,0.15600995,0,0.54528016,4.16681597,0.40053315,0.15956701,0,0,0.09857191,0.73516634,0.0255677,0,0.68356264,0.50007505,0.37670182,1.31443628,0,0.09064428,0.08247927,0,0,0,321.21812649,13.89051909,0.17686366,1019.037819,0,0.65685839,10.05430433,10.58949119,0,0.08072651,9.07310168,1830.43596374,0.2296041,20.17363734,20.68470725,0.83191443,0.60144851,2.19105537,0.18558163,13.52266262,7.25896618,0.04089862,0.012658,0.1460529,0,19.74010385,0.47797567,0.03599859,0,0.04487679,0.03328827,0.00472169,0.01322014,0.0529733,2.08070743,4.1353368,0.06035109,12.75228586,0.09645009,5.64799737,0,0,15.95866096,481885.21988664,3910.70031849,3.3429506,9.95861136,0.2612961,0,0,0,6.95798456,0.8614914,0.17619008,590.61752803,1911.34988707,0,0,3.19456417,1188.79689737,1.98040833,13.77923748,1300.68527218,0.88400198,1451.55907518,220743.48168258,0.29719582,11.8073236,8.81889342,0,0,0,0,0,0,0,0,0,0,0.88071122,109.59704384,1.53702098,0,9.73583943,2.1729689,2218860.03408066,648820.0120044,287088.67371971,74028.85060105,47414.96797033,53758.30355321,94354.51242865,101.24215611,35100.97078092,834.53126457,0.36078993,0.66929631,0,0,0,1.67933572,0.03409619,1.45883095,0,0,4.7626429,0.11180624,0,0,0.23151541,1.80550905,0,0.10825595,0,0.55386088,31.56468087,1.07896801,12699.33616312,0,0,42210.15435901,334.62990942,2.36727004,379.40550867,41.22883926,9813.65088902,0,5206.62928998,80941.27464169,826.66386414,0,0,3.05803511,0.51032973,1.21627916,147.14748817,1.66779359,125.03861103,83.50334823,34.81058854,44.22339224,0.35223187,0.62554865,0.0626223,802.52948951,108.19856945,5534.11537928,290.49202127,48.85173636,236.2904228,108.67486342,0,4.89791836,5.06596866,1.05621065,0.12458207,43140.61486216,1.77918851,0.64833378,0.48881895,0.19966001,1.50652871,0.39893925,0,3.81494493,15560.56257223,0,0.51901731,0,0,159.03560545,0.04493639,24.13932111,39997.43096441,0,0,2.30973624,57.3074463,59.57497296,0,0,0,0,0,0.3749658,0.24318395,0,1.02792206,0,0,0,0,0,0,0,0.05928589,0,12.23695722,1375.47018903,29933.09710215,0,8.79285809,0,0,0,519.8688089,1.66946917,7738.17613962,538.25752983
"GMBC_119_E2",7.28067491,1.30835477,1.46699268,25.80384102,0,0.12179166,0.01941096,0.45958294,0,3.43651719,10.41251092,0,0.32068726,0,1.89768561,0.84097937,9.41231136,0,0,0,0.11299382,1.41906978,6.1345562,0,0.08618186,0.28410942,0,0,0,0,47.25553539,1.62976656,581.03320451,0,0,4.58758422,30.04008865,0,0.19433665,13.99357891,392.29704753,0.50671016,15.64729025,19.49318075,0.62200815,0.66684568,0.95516297,0.19298088,7.05068528,2.87611149,0.11482141,0,0.13297324,0.04286826,17.67884448,0.20531136,0.00566157,0,0.03800599,0.03180792,0.01222042,0.06409481,0.29928751,43.52380712,61.42267571,0.25154698,39.37104798,0.06472783,19.06730612,0,0,7.18899299,434588.25474723,3042.44164055,23.82922684,1.10067408,1.0500281,1.8267618,0,1.21628054,3.49016097,33.35139084,0.70292391,408.9366452,896.8488734,0,0,8.11444152,2019.58622865,1.18490224,48.86094929,397.26204681,183.60407221,1128.39588944,314254.05690466,1.11122063,9.49289929,18.57444719,0,0,0,0,0,0,0,0,0,0,114.16556108,556.6512698,0.57030857,0,0.47464333,0.25550739,3413361.21698816,613705.61816672,759674.74644933,31064.23294617,12864.93671386,23563.16626472,76420.14644363,75.96297234,4130.27526204,407.55100083,0.44611952,8.54318743,0,0,0,1.11495915,0.08645917,1.20428286,0,0,1.58336385,0.11456303,0,0,0.09963817,2.34775041,0,0.11761226,0,0.45819294,59.58031012,0.96874583,17744.42330002,0,0,43508.96137157,254.45680081,15.01493586,71.48865329,35.20241997,11815.75460989,0,29335.32546741,54507.81747988,712.60644066,0,0,43.13175611,0.987772,1.41392911,492.46288182,3.00395405,122.50547161,300.8317079,76.43819418,31.58101025,1.86224538,0.52712504,0.17579915,156.44669458,111.10095576,2913.57864255,70.4353357,69.46053719,178.14687138,85.01927672,0.46331942,1.76839199,3.36161814,0.82318876,0.29587738,24415.07599982,20.07813792,0.48187857,1.04557081,0.42714843,120.71818547,0.13959155,0,1.10024945,13446.74513018,0,1.75960326,0,0,377.91199777,0.34771316,44.27453344,23300.79857,0,0,5.62349729,65.79554022,0,0,0,0,0,0,1.27083738,0.80668515,0,1.69872389,0.07150078,0,0,0.05907389,0.27552545,0,0,0.0648247,0,3.18288697,1410.45303011,21994.8223924,0,8.57337428,12.89499709,0,0.331423,136.55803964,1.13511157,16955.62015943,913.20436868
"GMBC_121_E2",2.24693774,0.26773108,0.0333239,2.50528814,0,0.02872795,0,0,0,0.11078767,0.84132863,34.51532959,5.48233369,6.16170217,19.82702878,0.24944344,1.28477741,0,0,0,0.17054877,0.16962997,0.32416784,0,0,0.25804306,0,0,0.01443425,82.81443162,32.02935011,0.03517249,116.72145941,0,0,0.83580183,30.47520628,0,0.03444606,0.93407478,37.11000154,0.15203938,7.96730752,16.24667195,0.41511758,0.15430513,0.5045154,0.09506984,0.58257766,0.14443883,0.01096315,0.00648989,0.06197834,0,7.74748617,0.05403049,0.00841528,0,0,0.01508761,0.00412159,0.02368627,0.09830009,1.73174068,2.2692106,0.01808813,2.33858119,0.00361208,3.35004464,0,0,0,51369.82717106,1034.71237232,1.71924159,0,0.02550888,0,5.17226041,4.17613861,1.003436,5.56936639,0,176.52717386,97.18806723,0,0,0.21472673,211.75065673,0.54633999,2.91018543,50.68973022,18.39967918,120.01891059,196181.8668648,0.61768948,1.77084228,2.17845017,0,0.09968797,0,0,0,0,0,0,0,0,7.59085883,198.46189655,0.4224903,0,0.11048521,0,584667.54564256,146499.60725282,165428.93942988,18868.34654932,16320.20908157,17279.60655478,25897.06580746,32.83695622,18541.98074033,164.43693241,0.15394598,7.77263821,0,0,0,0.49841881,0,0.2438511,0,0,0.16235112,0,0,0,0.04774636,0.07314625,0,0.02567751,0,0,13.40093618,19.81588173,4844.42656502,0.11721183,0,9602.60220571,118.36655203,0.08021983,12.10562875,6.95390236,7769.79600508,0,2447.15681484,12199.35047411,349.15175471,0,0,0.8533544,1.29349134,0.95450016,226.43063404,2.22074061,58.28354758,51.06479633,37.50686248,17.54016556,0.35865716,0.27199255,0.02181659,151.72454879,47.99232193,1352.70238255,51.66768551,45.97232823,125.17047793,67.93596629,0.33033416,2.03711307,6.4541386,0.87039113,0.21398493,3593.21206035,0.29367063,0.31345859,0.08525368,0.06285851,8.31515391,0,0,1.95328011,2739.73751384,0,0.5462244,0,0,120.2663919,0,3.39590942,2571.03986698,27.29131735,0,6.29484736,26.00447191,0,0,0,0,0,0,0.10918347,0.05544488,0,0.03912226,0,0,0,0.02788357,0,0,0,0.01194392,0,0.31794707,128.70842838,3739.83639442,0,0.11867671,0,0,0,1.01183997,0.02239561,3799.37909619,45.4711688
"GMBC_122_E2",0,0.17307488,362.99549654,13.68407773,0,1.28003492,0.27399836,0.49480742,0,13.29270138,6.21481527,12.04026599,1.36693174,0.67414005,48.69486376,1.27872474,22.65389139,0,0,3.84443276,0.45966446,1.8357478,1120.96836501,0,0,0.11577581,0,0,0,28.94555344,0,429.92683792,7.72041179,0,8.9360084,41.37842733,0,0,9.22875436,1779.33983107,3012.96892828,54.90660189,111.79997999,124.37765545,23.98937067,5.65227074,2.44789106,1.68353373,3.4987459,1.96757287,0.46999586,0.04295913,0.44098636,1.07462765,36.90023286,2.37083673,0.04747251,0,0.36843174,0.08725708,0.49806089,30.28905329,134.11479548,551.44975559,756.24369066,39.03598933,62.73565744,4.87843159,5690.81968373,0,0,25.63979623,829349.00327387,10103.0703282,7138.61341237,1.78288208,0.51979658,0.37587872,1.81359343,1.47838147,0.71090059,63.2048753,0,6.99383641,18.42977163,0,0,0,1386.18824268,2.38121787,0,2408.40747089,59.98216325,1230.08553352,7446.07784947,2.85520132,66.38736797,18.56943212,0,0,0,0,0,0,0,0,0,0,108.44713056,201.68981871,6.69099343,0,2.18073101,0.9177041,8545745.09135723,2849610.55820947,203534.86099767,40651.98177307,51236.05600781,68532.81527321,234755.57089487,0,0,160.80339389,661.23379791,30.90044462,0,0.18804737,0,16.60630696,0.22298487,8.04594782,0,0,0.0964755,0,0,0,0.09196179,0.06338146,0,0.90359482,0.01843948,35.74202264,559.8448787,5.1413876,30076.68347631,0.22912291,0,162175.35494909,3.51962015,2.36357238,236.25105126,119.93429781,6438.10322709,0,6913.09986142,279860.97398159,10.54832721,0,0,0.37186289,8.80311941,9.93520879,1825.27624624,26.61737232,254.77499748,874.6702878,56.0129718,40.84959904,8.52798244,1.52798222,0.29687742,198.15657606,203.62615589,2845.2285005,227.61507187,81.21231258,90.97231531,35.30049144,4.56092175,3.75990715,4.5531773,2.38025503,1.0155432,56036.37637894,8.83046502,6.03455955,0,0.78141082,16.50803175,0,0,0.23416561,181994.99416366,0,37.73335984,0,0,782.62013809,2.68388582,6.11814746,27033.24445647,18.28362806,0,0,15.19475143,46.2677335,0,12.99677604,0,0,0,36.73866889,54.54804983,0,0,0,0,0,0,0,0,0,1.72416334,0,86.97070586,4768.11349066,117682.19775235,0,22.94893357,660.92910198,0,0,0,9.85262284,4667.45769098,729.44343582
"GMBC_123_E2",1.41683703,0.29417318,1.05039054,75.64757136,0,0.00805926,0,0.28198761,0,0.47080762,2.51888044,0.88158852,0.27413552,0,0.57629329,0.02998281,0.62534503,0,0,0,0.29300297,0.75624529,22.54892086,0,0,0.62619785,0,0,0,532.9560655,33.50344158,1.16537053,1173.45186201,0,0.72147283,18.14543276,5.43199669,0,2.74827545,53.37341616,169.98620201,1.95307336,16.26560087,5.9294392,0.73878863,0.77379372,0.64011663,0.07952477,0.54919967,0.33259763,0.04113215,0.00229133,0.11191526,0,13.56781175,0.11922034,0.00339949,0,0.08526518,0.02561884,0.03575801,1.07175985,12.28326766,59.46006078,105.78462703,2.19173508,37.14889021,0.26331419,70.94459222,0,0,17.96675307,684373.77669074,5068.41072413,65.56623785,0,0,0.4810404,0.25710611,0.30409898,0.31138462,8.37755044,0.80185761,535.37344884,6003.18850854,0,0,0.31130387,2700.71524949,1.52920979,4.57847759,1158.5405972,1.78555842,1862.9509533,84974.23805922,0.1013204,17.18940521,0.14540987,0,0,0,0,0,0,0,0,0,0,16.93451125,338.77715482,1.0124887,0.45242833,1.06771732,0,1655087.43108624,519125.06500913,127257.98112574,31704.95034161,21106.4687135,24449.91400778,31244.2347355,51.40660877,377.66990675,419.50028037,78.21141009,1.78589231,0,0.02129388,0,6.84003171,0.04939207,5.82135783,0,0,12.46207049,0.04659461,0,0,0.92365641,2.11801222,0,0.1511678,0,3.24480978,67.56070818,0.31571984,4443.21551747,0,0,38882.95806417,501.94374231,33.40235756,29.76982979,21.14784518,5800.93622981,0,6278.65210785,54347.87719605,1167.15309058,0,0,3.98255791,0.70466363,0.99837089,242.43903157,3.13209519,96.34946899,118.43759397,66.97431385,119.86213331,0.49832713,0.90502799,0.15414597,248.0757357,79.98712131,4422.68953551,258.25084715,39.27778623,146.94116018,167.49672155,0.29477089,3.68008716,4.61628827,1.81011198,0.38354862,21822.42127062,8.39527899,1.81034688,0.35846626,0.1265214,2.27699076,0,0,1.11615273,11573.43433613,0,0.93206732,0,0,383.8919489,3.35430511,62.83562587,23204.23890504,2.23655995,0,16.88776515,34.78341953,0,0,0,0,0,0,0.7126183,0.66232728,0,0.61573841,0,0,0,0.0706757,0,0,0,0.03856926,0,66.4576423,1302.80066963,20462.808391,0,83.11635684,26.98763529,0,0,390.63050902,3.6730569,13450.73133594,1128.05756189
"GMBC_124_E2",1.68519241,1.03164318,98.42082598,94.72324731,0,0.00552573,0.05490297,1.00109773,0,0.08135758,4.01713335,4.83259988,70.35875174,0.50001277,13.41558603,0.2504724,10.41821359,0,0,0,0.34476863,0.55003672,583.06925579,0,0,0.08040128,0,0,0.10331291,773.77858109,5.47241715,107.70409593,2350.00375896,0,0.64870011,43.32317458,1.10290559,0,7.36007301,1087.3994847,16613.23099381,20.93960691,100.16451394,109.87339097,4.48002025,0.85967319,1.05310302,0.14092995,11.25152515,3.88441791,0.13175365,0.10610769,0.17183278,3.54697912,18.09513747,1.73337706,0.00624081,0,0.08338258,0.03105426,0.15169578,3.43253885,12.46194034,139.41329432,211.54173634,8.09589663,97.10832287,2.54442439,1003.03012507,0,0,26.83656953,624717.35038649,5312.19759127,1714.25498587,96.97901626,0.62701,0.16452113,4.44563961,2.49110706,0.23840625,95.07550873,7.38935019,769.86798003,3592.40648724,0,0,608.1351474,1514.89756575,1.85215943,4.3911164,1262.05641464,29.75445272,1103.7232261,5447.43487436,0.54742531,161.31040855,0.40399119,0,0,0,0,0,0,0,0,0,0,120.09407258,500.34388802,0.62050418,0,0.39566876,0.17572114,2469566.01250431,1058101.42448692,338261.65773365,74415.27822894,51226.14884888,65091.46679961,9187.60440341,86.34795206,822.20129379,17.40628887,51.83451425,13.75863758,0,0.09703893,0,13.51291953,0.71998494,6.46971216,0,0,10.52734967,0.53397624,0.02761625,0,0.59940914,1.26037857,0,5.40534315,0.3211206,19.01621812,4.88180821,1.13955743,8439.27277571,0.17891865,0,105499.01324564,299.77333944,12.45886059,130.30482199,54.45355688,4728.0887543,0,3904.90208118,128312.11316925,997.0258317,0,0,405.08259593,12.64137483,18.15794084,3305.19274245,86.41852937,119.27035947,1342.75080187,925.31623455,1470.82116839,13.40395708,3.91893641,0.49404047,294.51358075,95.28264103,6180.78593877,135.40651778,203.51928489,214.60205963,790.83202727,4.71048761,5.04914148,6.71045421,3.62272111,2.98596847,63238.18090096,581.17918069,5.54901314,0.42871465,0.40628047,10.56386788,0,0,31.93599777,22774.68297315,0,3.86889051,0,0,496.34287811,2.90314589,57.81910706,40092.84898249,15.27489786,0,9.31260502,34.37272175,0,0,0,0,0,0,2.79957614,0.53935982,0,1.34469013,0,0,0,0.17889186,0,0,0,0.51848894,0,45.63248601,3491.55169658,48518.89012411,0,1280.85678519,933.64244813,0,0,181.63978615,299.67876914,4533.80656445,869.24488635
"GMBC_125_E2",4.76832149,1.25689111,0.0735444,13.19276974,0,0,0,0.0759641,0,0.42448413,3.39036166,23.55127116,1.89764711,0.56550176,110.61013617,0.24226267,7.73704963,0,0,0.58209661,0.12674079,0.0563598,0.82591756,0,0.00651719,0,0,0,0.03881071,153.78927869,1.57092442,0.12880843,582.95057407,0,0,1.66142712,37.6250515,0,0,2.49477518,9293.51804659,0,36.24502862,8.99296108,0.78667703,0.5639498,1.76600918,0.21045726,1.606687,0.97189574,0.08249885,0.03838794,0.15373442,0.22333024,19.57627508,0.17806937,0.00428191,0,0.16874003,0.03591098,0.01310341,0.18190993,1.21063542,14.31023396,23.14086327,0.76495155,14.2199503,0.40726188,3.4100561,0,0,0,35201.24921068,2957.69825325,2.82504299,0,0.92619057,0,3.07726628,3.02203997,0.54998955,20.49339803,0,683.7203195,540.37700105,0,0,0.21638946,122.70857687,1.89426982,4.64745522,1316.81836835,12.60418418,282.42644421,165743.26399238,2.42139938,5.37421082,0.02928423,0,0,0,0,0,0,0,0,0,0,45.17879651,746.96329677,0.37490673,0,0.21404666,0.05782756,4239627.9047877,919389.95027359,312322.50529932,52846.5037964,26926.52830939,36386.27556097,49815.79313564,85.60985888,2256.71649766,1319.20225931,41.43322008,28.70953738,0,0.0924203,0,1.61578192,0,0.94680231,0,0,2.91876654,0.02312695,0,0,0.24087052,0.94639141,0,0.02542444,0.06750633,0.20644394,67.07449371,31.79558688,7961.1131108,0,0,38070.78446918,527.6832481,2.56317324,201.71444443,29.65490159,12548.82722401,0,7778.87346058,52680.99348799,915.91732641,0,0,0.41680631,0.97619649,2.8236773,482.25113837,1.88499509,126.72458267,116.30233919,170.56626654,62.95595375,1.59015607,0.66827256,0.08488888,471.6750599,114.81200518,4116.23720435,244.20814567,92.9957543,258.50879619,115.80444922,1.35259226,2.3143705,2.3378465,0.80090795,2.38546985,24280.49492237,2.16622226,1.06534006,0.14403525,0,4.55848417,0,0,2.26007967,12955.86043729,0,6.64282264,0,0,1176.50086224,0.85895504,20.54608697,21497.03077972,11.05484887,0,10.44004917,316.77313869,0,0,0,0,0,0,0.47782861,0.1306237,0,0.44791422,0,0,0,0.09227861,0,0,0,0,0,7.79746488,1933.24525742,22524.18300996,0,0.84548133,0,0,0,1050.07648653,2.81645669,2349.98961962,32.79092714
"GMBC_126_E2",1.05618348,0.22021099,0.02294252,9.3048724,0,0.05086296,0,0.163246,0,0,2.23264733,16.70659485,0.47728493,2.0468049,41.88211577,0.72506533,0.98509709,0.00242181,0,0,0.11140381,0,0.12447369,0.05510145,0,0.00808781,0,0,0.02066486,160.64256741,23.67667181,0,187.44873588,0,0.3086266,2.49809768,9.66847249,0,0.03529389,0.94526853,63.86605103,0.26381149,9.60777278,4.78138123,0.20097116,0.08773698,0.68310233,0.04201381,2.24036293,1.2832543,0.01579134,0.00297316,0.09194519,0,12.07164171,0.0604947,0.0110587,0,0.06544109,0.01802464,0.00332458,0.03699971,0.24050581,2.86374683,4.7309333,0.11315292,5.36570192,0.08273099,0.33475944,0,0,0,140895.40591095,963.27207668,4.30067877,0,0,0.82061211,1.16285926,0.33645524,1.90378038,6.72641649,0,71.80850585,440.54520776,0,0,0.06858205,432.7572459,2.65697995,5.54822558,40.37539633,5.84608694,151.46003652,28297.56371147,0.44660566,0.94827936,9.32114307,0,0,0,0,0,0,0,0,0,0,11.61704747,367.92823185,0.60409495,0,0.53315866,0.07090044,626108.0138583,260848.69434793,174980.34041974,33918.71040815,24617.65846664,32296.29987829,39312.57909684,9.39964516,15163.47791896,177.41143859,12.51486917,10.42771719,0,0,0,0.19288081,0,0.04078129,0,0,0.61850584,0,0,0,0.10196364,0.0044513,0,0.0122761,0,0.11540449,61.90478874,1.14461279,4341.70236758,0,0,12338.43126114,79.06889669,0.06189069,8.08718772,14.0107257,6669.57589303,0,2204.7613218,21175.94165468,321.32899454,0,0,0.01395749,0.18558483,0.48237994,91.60915119,0.82198111,72.05044614,56.5251436,16.73367854,2.79600642,0.39457313,0.48554584,0.06090418,106.89320648,68.70684929,2103.85395847,130.26476158,59.30975788,120.09125401,13.18599116,0.57137153,0.74299429,1.13071745,0.25727783,0.26822972,9399.92490461,0.64006254,0.17613662,0.43706605,0,1.55287743,0.43747471,0,1.11791857,5078.90536893,0,1.17848872,0,0,610.69860786,0,7.56660306,6236.76396704,0,0,0,8.38713915,0,0,0,0,0,0,0.15214106,0.02603052,0,0.26460013,0,0,0,0.58003496,0,0,0,0.03149274,0,0.87991368,410.50099627,6897.41996687,0,0.52661932,0,0,0,0.10672929,0.01565678,3952.37777569,222.05596633
"GMBC_127_E2",6.493945,0.55313977,0.07805869,54.30677131,0,0,0,0,0,1.99810952,4.20596752,26.0454339,0.77474926,2.29197936,19.48690824,0.11576588,0.45526144,0,0,0,0.29630152,7.16354961,0.78587605,0,0,1.17488231,0,0,0,472.63519287,6.67333427,0,1441.37836083,0,1.46739619,6.66215102,56.70073807,0,0.07274662,4.54468143,217.64026437,0.51280796,14.50730742,7.29329415,0.51487712,0.34336829,1.49697601,0.09259118,13.48013574,8.08613921,0.05498646,0,0.17297195,0,17.54900213,0.10439229,0.00631473,0,0.15626676,0.02883524,0.00694315,0.03864062,0.57937175,4.71848511,34.32581431,0.38208329,18.06612532,0.12918409,7.60245026,0,0,0,731239.50507738,3593.96193181,3.68397855,0,0,1.45046226,0,1.34322653,1.28839135,3.5284541,0,569.37378386,2768.23508712,0,0,0.24858878,1781.97130485,2.53914883,99.56191952,161.47818225,1.87767008,1646.01725263,6158.72629376,1.26403081,19.39646367,0.13967631,0,0,0,0,0,0,0,0,0,0,6.75768815,368.15786098,0.1707344,0,0.24163978,0.34028134,2123559.89183636,720340.61843512,379119.60425349,60893.98769831,38636.55006435,47791.43487895,61965.52504315,154.92990659,919.45007453,80.59273501,3.48595691,2.17213299,0,0,0,0.81304005,0,0.33893732,0,0,2.43620083,0,0,0,0.3757703,0.28819399,0,0.1121333,0,0.33031638,124.8437094,13.5714671,13813.09619857,0,0,37049.87373307,603.59814584,1.54096574,453.56026408,19.96046926,5813.98534151,0,3114.32294037,51563.08162146,1432.95518869,0,0,2.03368324,1.96136265,1.95663925,2597.67092917,8.13779935,158.70060618,238.13568868,729.23755652,848.88287021,1.26599826,0.55663983,0.05497539,223.5675279,105.52543862,4991.50392029,284.88442152,116.56908178,462.50806512,662.33695403,1.29628556,3.59442433,7.52444074,8.61081707,0.62744998,22403.37099457,3.41228253,1.8522347,0.9246533,0.58477845,1.10665104,0.59305147,0,1.55990974,11103.01817644,0,1.11245832,0,0,384.98316297,0.10928144,76.25495712,21843.43785862,0,0,10.38951727,285.71383627,0,0,0,0,0,0,0.43118187,0.13143931,0,0.70247706,0,0,0,0.21180929,0,0,0,0.05601147,0,34.10886874,1069.44065922,16505.39105427,0,0.98633255,0,0,0,1.63353888,0.07236952,4554.46655381,810.09282717
"GMBC_128_E2",1.53433545,1.56150024,0.27019644,26.38534474,0,0.14985916,0,0,0,0.32035758,2.04854013,4.05896617,0.91708481,0.32992328,20.90769167,0.07553694,0.9619281,0,0,0,0.41145402,0.18426534,2.76087283,0,0,0.72242388,0,0,0,278.56174956,0,0.24183184,791.6867163,0,0.19282474,1.74608217,12.04476459,0,0.52999532,14.06557895,91.32566353,0.74048,65.5227691,45.79674479,1.32239012,2.94223173,1.04282354,0.04887363,2.41589118,1.17214261,0.02419573,0.01194972,0.15797896,0.10862466,15.0529517,0.1368607,0.00583029,0,0.10507703,0.02939755,0.03024679,0.34237949,4.69882099,139.31657528,414.36821538,5.69898133,58.24978509,0.86887287,17.12071959,0.00644189,0,23.74380686,235152.62012274,4508.59343282,10.41600007,77.50520025,0,0,0,0,0.15765776,5.92841592,0,533.77237245,1672.6041463,0,0,320.63124049,1019.75400737,1.08255892,11.0114555,974.89702984,5.55038617,1129.11621155,429174.51653007,0.52744763,5.03202209,0.12280097,0,0,0,0,0,0,0,0,0,0,10.37523142,253.98926796,0.12104874,0,0.40505428,0.04063807,2256491.52244234,714441.7265757,148887.77466045,50224.14754569,28185.01959008,42357.34067611,10395.65083748,115.159964,77.36074956,1151.95133161,7.89466775,1.36986012,0,0,0,1.0070665,0.06777939,0.4255709,0,0,0.87623637,0.07252316,0,0,0.24129739,0.22476567,0,0.8724362,0.01036976,0.16407739,32.58675705,0.02283359,17285.23692234,0,0,30084.17448174,389.24130385,10.23445418,404.09947761,26.81447774,12938.79034802,0,10277.8842659,41337.02832513,926.69778519,0,0,94.11642323,0.85711454,2.73615271,212.5399375,2.08160302,103.29099973,98.07405016,57.90486909,21.97192397,0.84577986,1.04575656,0.42010703,345.12723988,89.24999862,4293.21569929,284.47145718,56.59790793,444.98427641,104.33242441,0.57829532,10.76790711,18.0698252,4.96283643,0.55392932,17648.93138161,3.56753458,2.35118987,0.2730684,0,0.99461664,0.21255066,0,19.05448792,28787.64238756,0,1.87302237,0,0,1089.63776061,1.2945921,16.29304984,13114.78568068,8.01446166,0,15.40513084,81.32382154,0,0,0,0,0.08663937,0.39604208,0.33138934,0.13968773,0,8.31346392,0.9800016,0,0,2.19935134,0,0,0.24271453,0.14283898,0,7.58997418,1187.20862769,16054.74916258,0,1.94691812,6.06125133,0,0,316.71842254,68.29941557,9185.46179308,458.79334621
"GMBC_129_E2",2.3063798,0.39127571,0.11399355,5.71495042,0,0.0854088,0,0.10802001,0,0.08446606,1.34314107,37.2526567,0.74171177,7.37998545,62.77910521,0.37973629,5.48350774,0,0,0.06514207,0.14363496,0.05828947,0.43095219,0,0.03234058,0.51043719,0,0,0.02405719,0.36358222,59.07903988,0.06221504,571.37082489,0,0,4.27394454,73.72429951,0,0.03386247,2.08676201,50.52847508,1.05217156,11.30024473,8.94344507,0.3487643,0.24173268,0.77001394,0.10165899,1.08491254,0.47754781,0.0181639,0.01209336,0.10113012,0.01090125,9.8774415,0.07040401,0.01171992,0,0.04510464,0.01848377,0.00428306,0.01612478,0.22314273,8.37453411,24.17785591,0.51176589,4.56603862,0.07664721,1.96802346,0,0,0,48896.88592348,1689.31895787,1.97667713,0,0.11582855,1.02586874,0,0.49567621,0.76499216,6.29479406,0,190.96592816,156.47374528,0,0,0.27065198,220.95816997,0.8509557,5.27146636,32.34865026,5.59596388,187.45696674,191691.60237334,0.38014556,2.21911687,2.91476804,0,0,0,0,0,0,0,0,0,0,4.07490651,358.55665796,0.46296034,0,0.12100819,0.04518267,1704391.59662912,395269.96128766,595011.20577765,73631.69775056,58744.03782846,73991.14247545,90980.27001421,247.32936112,34223.48436619,138.9776362,2.77015446,31.7928081,0,0,0,0.15912436,0,0.09371879,0,0,0.07347039,0,0,0,0.06156072,0.04336815,0,0.0773311,0,0.07247746,31.38049064,2.48930737,1567.52086924,0,0,9897.74746723,198.31899626,0.12776486,138.94867269,13.18376397,11254.9413155,0,3011.35556096,14763.29443926,495.72538231,0,0,0.32730256,0.21375373,0.44366168,68.74685659,0.77768437,75.61283102,34.20035171,17.63763451,21.63834589,0.20133753,0.22868063,0.02200383,29.04416261,61.07216895,330.86694567,14.48605959,21.1502217,66.50233299,41.40046469,0,0.55183425,1.02913694,0.47225878,10.19978693,4711.7100297,3.35997291,0.57083814,0.3505274,0.29129062,3.36904675,0.19155519,0,1.30037973,3498.24706265,0,0.6742139,0,0,98.59254894,0,2.70376577,3149.98742765,4.06635139,0,6.7245877,19.82003031,0,0,0,0,0,0,0.14276442,0.0366728,0,0.02440983,0,0,0,0.03982945,0,0,0,0.03180054,0,0.77831568,182.13075388,4383.88898423,0,0.45032957,0,0,0,0,0.04576182,4207.42839276,50.82606894
"GMBC_130_E2",0.08074012,0.31615399,36.92696424,13.02008363,0,0.15079336,0.03174006,0,0,4.77235181,19.98692092,2.38907181,1.81607336,0,16.69646256,0.91951505,0.49324943,0.06417958,0,0.87565203,0.79007697,2.84740632,655.50980716,0,0.0950615,0.05954791,0,0,0,1.27237601,0,42.02155974,7.3360363,0,1.91116797,142.56309605,0,0,4.33075003,808.14664633,3418.82025323,7.34172425,113.20931544,97.44480725,2.33293545,1.06053867,1.47007577,0.08540506,2.54004965,1.43703546,0.06731442,0.02026815,0.2209046,0.5792261,19.67788537,0.48908038,0.02088904,0,0.18016766,0.10368658,5.25965628,65.38575677,200.58506231,1339.73935356,1626.45689663,84.36270129,120.07189571,14.76197907,2500.02858706,0.47965223,0,35.91598073,551866.21825132,7497.46119737,4633.82100779,301.87197895,0.42773166,0.56620732,0.43796183,1.42481095,0.28171799,6.29725801,0,4.10588759,10.68966728,0,0,4.05872468,793.99801424,2.0517499,0.15150889,1424.27706328,5.56523972,2171.42796484,5623.87980846,0,4.82381571,28.85380983,0,0,0,0,0,0,0,0,0,0,0.86747237,329.04472578,0.70318218,0,1.47356582,1.05806429,3622364.80495443,1113363.86588546,219048.62663712,29196.07295359,8576.61830625,15902.24269314,8594.79956058,69.87414132,510.5506128,6690.70848146,9.9052185,4.21073934,0,0.67378692,0,127.2673308,6.61332844,40.8714222,0.09281706,0,0.25654335,0,0.60706381,0,0.05402577,2.53211333,0,19.73252901,6.33445697,31.76389275,1749.54296416,46.99413687,19472.20025079,0,0,49556.52565517,3.55473115,3.09767085,80.89648596,55.60609348,5838.26051252,0,6462.98998565,58390.18785939,8.56258048,0,0,51.04136874,17.25426581,18.08400636,2673.38856032,42.17537072,135.89724958,1088.62008658,927.03315259,683.44202693,2.98739484,8.38794752,1.25852284,242.5355046,113.70672519,3920.84480154,93.05051053,225.38612983,478.25978752,344.72585852,0.97884687,4.22574686,13.25119715,2.81165125,0.94552727,35424.05215858,24.54785373,17.01645259,1.30775866,0.80827296,0.64737705,0,0,2.16815817,33710.82440053,0,6.36158448,0,0,255.16896661,1.8679698,2.80687327,14447.98248845,2.38849281,0,0,8.79655011,0,0,0,0,0,0,7.35508031,2.13864126,0,0,0,0,0,0.11550032,0,0,0,1.62053055,0,81.00032235,3196.13459485,29726.24886481,0,1838.11624029,1219.95401111,0,0,0,546.52981567,3654.99587669,350.37446803
"GMBC_131_E2",1.88708994,0.76411982,0.11444821,1.56818606,0,0.0349927,0,0.02223995,0,4.30240813,1.35179252,23.98803883,1.24131183,1.83060135,83.09944624,0.04455533,1.28182237,0,0,0,0.10082209,0.10176596,0.48658964,0,0,0.04991517,0,0,0.05759768,0.22835958,42.32948791,0.14767077,131.76712975,0,0.25119775,1.38050924,0,0,0.1005817,3.37426854,63.80891355,0.64006897,7.57244017,7.21216507,0.15639362,0.09893651,0.55838017,0.04673767,1.21086103,0.30664261,0.01231234,0.00856459,0.08075494,0,10.44015433,0.06723409,0.00862746,0,0.01247813,0.01932787,0.06175446,1.13981213,4.43935779,46.63198575,50.2432849,0.89393905,6.68868221,0.20478291,1.80972472,0,0,0,27329.69286547,1276.62717631,1.42276594,0,0.19735428,7.10777728,0,0,0.18694373,4.5025652,0,502.66523185,63.84542522,0,0,0.41357556,183.23182145,0.71725588,0.68886812,92.91541866,5.1205536,162.62658896,214250.61267204,0.74149677,0.31130669,0.23143725,0,0,0,0,0,0,0,0,0,0,18.35626724,384.0125844,7.43199339,0,0.03421388,0,949194.49310165,136968.18430913,28645.78422118,37796.06605708,26682.4891144,32560.69886852,20802.39965024,116.18390749,4061.95591359,131.68116323,4.95725332,5.67260688,0,0.02281906,0,2.25356258,0,2.1078751,0,0,1.51049726,0.01355043,0.00343768,0,0.1106432,0.37758312,0,0.0470763,0,0.17531381,11.72092276,0.76153421,9416.28168017,0,0,20623.14349579,204.02537076,0.12736462,3.84382047,15.30070002,19076.50236826,0,3148.3983881,26819.00693433,444.10885256,0,0,0.85704887,0.56684317,1.329408,144.19176851,1.71488395,72.9516881,46.07354751,67.96181745,49.14515717,0.49534425,0.11106244,0,152.52548429,64.69342642,1008.88027654,64.63559747,59.30841174,379.95044111,106.56105684,1.00657447,0.81241093,1.57803382,0.5249342,0.6229084,6966.62769584,0.50121448,0.05151176,0.11019474,0,26.56839165,0,0,0.58973844,6026.81363294,0,0.88833381,0,0,240.01299892,0,13.48678188,11191.2627932,0,0,0,3.97910973,0,0,0,0,0,0,0.30768821,0.19940465,0,0.17570957,0,0,0,0.02964769,0,0,0,0.02791647,0,0.2153727,281.30156632,8834.16724944,0,0.39751759,0,0,0,0,0.02796424,3252.53259268,59.98800744
"GMBC_132_E2",3.20142196,1.04287274,0.12089442,3.26352865,0,0.13640684,0,0.2308736,0,0.55288242,3.33375704,0.12344839,0.49616865,0,1.15309516,2.05780449,90.37868548,0,0,0,0.31538242,1.61054783,0.42238548,0,0,0.00819727,0,0,0,111.74141439,0,0.1378394,274.40365527,0,0.08851254,5.1789531,5.97292381,0,0.13517758,4.12321092,1857.47377236,0,5.46170493,8.92031365,1.10894475,1.48465648,0.70490004,0.19261195,0.51559337,0.30240089,0.0768315,0.01323953,0.15267873,0,13.28663092,0.15551443,0.00499474,0,0.13672342,0.0262266,0.02299683,0.24004452,1.22646005,12.86582454,16.22549006,0.56907914,3.09666805,0.24553779,2.72170504,0,0,1.81205699,304963.15087449,2897.30660049,5.54867339,0.21565092,0.16446756,0.19346595,0,2.78864827,0.16662449,16.84136763,0.07177679,141.64890991,132.71630962,0,0,0.22112013,451.57319923,0.84009459,20.54817969,1007.75423854,4.83550393,4427.20499908,2884.32280457,0.46366747,6.98589442,5.18984629,0,0,0,0,0,0,0,0,0,0,137.04246193,353.70116979,2.42358778,0,0.16399074,0.07132817,1295790.10475954,370860.55488128,146797.30825848,44179.6117629,32565.90593538,42586.48188925,8378.26335571,128.8059886,0,22.15555304,5.43982868,83.55374702,0,0,0,1.64613762,0,2.89326344,0,0,2.19995551,0.04856145,0,0,0.07309179,0,0,0.08928272,0,0.08380106,6.15171834,27.20412969,7516.05673906,0,0,20411.89353951,66.78921822,1.88674869,244.815415,25.0358417,10559.89106937,0,3447.0952534,27901.19649894,339.0763706,0,0,0.45769443,0.43727702,0.83877686,120.86882298,1.31505144,96.37630943,59.40836283,35.29360221,46.56815108,0.6629563,0.08214173,0,180.87706827,78.08296011,2129.9219502,42.78764479,51.76398721,206.41217167,146.54152084,0.42138434,5.31036813,2.8110089,1.34227754,0.34496186,12027.15122832,0.91254105,0.18584341,0.03681871,0.12200864,153.89198535,0.55790752,0,2.72043216,6601.88506067,0,0.51438136,0,0,122.83460785,0.46460296,44.44722959,14257.43177024,3.49920468,0,0,397.43206888,0,0,0.09461897,0,0,0,1.66468176,1.10701002,0,2.67299245,0,0,0,0.4224037,0,0,0,0.07404964,0,1.31516633,586.77597023,10284.67474569,0,35.29038863,3.15054378,0,0,123.75506,0.59044161,2048.74525738,261.96474782
"GMBC_133_E2",0.16863823,1.04283831,0.18443729,60.7806379,0,0,0,0,0,0.31162295,1.13865122,1.93615312,0,0.42667579,6.50805843,0.3026236,21.1212029,0,0,1.19124536,0,0.25737581,2.93883839,0,0.06365821,0.11950211,0,0,0.2548551,276.34946041,23.725559,0.34812416,1364.129792,0,0.38964153,8.27442578,23.51973781,0,0.00854922,3.23474116,1449.9487551,1.1042135,15.5444908,21.27325157,0.85741407,0.67960005,1.39600488,0.27647892,9.45850771,6.63448326,0.1366692,0.00827477,0.17237702,0,23.96987782,0.16269318,0.0054931,0,0,0.03835479,0.01622754,0.13881923,0.70652479,13.99662797,17.02866126,0.42920547,34.69443771,0.13472668,6.47808507,0,0,0,156827.63494839,2836.34712043,32.74979014,0,0.86792822,0.79360962,0,0,2.79856893,27.27047319,0,460.39387324,3217.51329867,0,0,2.36087217,876.28463872,2.22398702,1.87108923,101.58953933,6.30279268,508.41492943,86966.42574137,0.36901715,20.36103566,0.40830026,0,0,0,0,0,0,0,0,0,0,18.52897485,516.02856626,2.1831171,0,0.30053738,0,3068390.90591887,868979.49144308,494376.59443843,76187.50843218,46166.20184864,58423.90654973,102084.04410945,14.70768173,1190.24727881,969.55685003,9.71690309,13.75379663,0,0.01159003,0,1.08887172,0,1.40043644,0,0,7.15907825,0.03793584,0,0,0.38855383,0.44750013,0,0.11059344,0,0.19283573,131.06194235,7.83143802,16896.92440923,0,0,44941.52110518,301.73929209,1.29055423,161.64695283,48.61525283,7613.25256433,0,4816.65704535,55921.00391262,940.17911808,0,0,1.61658252,0.37602403,1.78830487,145.9395737,1.52870787,161.1874343,64.28481078,29.50938887,15.1452331,0.94773775,0.84785145,0.17930816,171.49215062,131.45404151,2006.27566883,79.00763416,72.70429796,190.12520426,96.59698317,1.12736583,6.2565289,12.68720434,2.27396665,3.04562877,23600.64212077,4.45299744,0.81714101,1.34860991,0.43840064,234.4783154,0,0,1.37491923,12900.85600923,0,1.29999701,0,0,415.42906699,0,6.46161426,33189.00649392,16.10335047,0,0,9.94804177,133.19572332,0,0,0,0,0,0.24286212,0.17071685,0,0.32862015,0,0,0,0.04029074,0,0,0,0.06097829,0,21.06908881,1258.24830099,19388.52627219,0,2.65318224,0,0,0,6.10433697,0.37378805,7853.90666917,359.10216076
"GMBC_135_E2",17.51309422,10.92179475,8.88078465,168.56257234,0,0,0,0,0,6.57706376,34.27664438,234.35279196,6.36359675,14.21751105,142.06020806,0.08987314,4.03195385,0,0,0,0.5516583,11.8377554,139.78546354,0,0.23352665,0,0,0,0,1255.73558103,0,8.51059303,2454.78484989,0,0.85325033,6.5551904,3.84703851,0,4.1285196,628.66174806,782.42573558,2.94244118,300.13913811,120.98137499,6.99989758,2.34308284,2.22264821,2.50350523,51.99376088,25.58749324,0.15443751,0.10104847,0.39071648,2.89500044,38.33540074,1.15107897,0.01746194,0,0.68546174,0.07743463,0.04298667,0.95374806,15.4383918,163.17381732,196.95566479,3.35703933,91.62192555,0.63215579,184.31096868,0,0,63.05687854,1761631.49069983,8166.55003104,156.46971404,759.92867727,1.34857949,1.32733039,2.37876055,5.45948572,12.3012195,153.16838308,6.39081434,1037.83641724,1924.82336291,0,0,943.38367503,4880.78421374,8.44896626,51.13559237,3414.27262663,103.61167029,3861.03210502,25000.98919664,3.98654253,44.64011106,1.32471239,0,0,0,0,0,0,0,0,0,0,58.63666563,1244.77400477,945.19648796,0,2.6844419,0.09083457,7622639.00867048,2681485.85286987,1279194.50854473,264604.74340123,147946.25151473,167302.23197641,432073.64119956,138.37278756,5394.7005388,6554.83145907,100.533636,26.96735206,0,0.0779471,0,4.85819558,2.42883912,8.85904391,0.0771835,0,2.42256753,0.48801027,0.01925479,0,0.65907031,2.71927393,0,1.89981236,0.31717768,36.19268712,48.07254427,0.37219536,36880.53910205,0,0,89215.97586176,430.1994015,10.82811267,176.4858645,120.74555296,7233.03823611,0,10495.10808912,120312.29544402,1549.74633952,0,0,329.52692765,8.49277864,12.31159333,3379.77420834,17.41194944,248.33643522,2903.10631992,168.78733721,88.73912928,21.91185771,3.57052462,0.14565648,268.04000328,222.93746233,3878.50044436,328.28708844,503.05984889,176.52475263,62.19457149,3.86131591,6.10489063,9.58154342,1.46809406,3.47303519,54791.31175298,25.35396475,4.69199872,0.45921462,1.48507151,97.17712483,4.48986145,0,297.92966302,27980.83327772,0,6.16241176,0,0,3064.09621607,11.099751,202.29911135,95824.03035662,78.16590671,0,0,231.37044282,0,0,7.89469153,0,0,2.72039168,4.21219205,14.02964623,0,18.6453664,2.8057699,0.265553,0,3.30549122,0,0,1.73851947,1.74946883,0,40.64828435,3869.09581582,47080.02568081,0,1735.79250093,364.66355767,0,0,86.59246625,601.66926156,13719.26883239,3013.76581492
"GMBC_136_E2",3.40995806,0.54309479,0,41.73783393,0,0.04529641,0,0,0,2.69366872,4.34090224,223.95638949,5.03261577,39.2669138,62.47328133,0.17907248,3.14242736,0,0,0,0,0.47234123,1.75835245,0,0.09494248,0.07191844,0,0,0,438.97558342,58.60816054,0.09821072,715.33902849,0,0.91648713,8.35682532,0,0,0.07665789,4.13229268,975.40490138,1.81040524,49.06717896,34.90529064,1.82457716,0.11956258,0.97136564,0.08580203,0.87135131,0.46002813,0.01083868,0.01481515,0.14732254,0.11334835,15.1703357,0.10955633,0.00402509,0,0.22147893,0.03206564,0.01442142,0.08423177,0.63095089,10.25724496,14.88427529,0.34675127,8.1721317,0.11423874,4.3440782,0,0,0.08526674,61332.7178518,2199.49070773,4.03251251,0.82025671,0.13341351,4.3690182,1.82211872,2.0655434,2.13809165,25.36972265,0.24159486,356.01269892,1426.40425615,0,0,1.95154856,289.80630944,1.61206152,13.94885055,362.9341528,10.8576592,235.03778837,530348.42842017,0.47829364,0.92216378,4.98068272,0,0,0,0,0,0,0,0,0,0,21.67181042,508.90596871,108.05565421,0,0.10955583,0,2053358.7423711,480538.01747168,158791.99598146,59295.32292916,35512.77615481,39308.29614167,48690.93343962,28.72252507,488.83586962,404.37063175,4.54349967,19.88239338,0,0,0,0.3368122,0,0.51689478,0,0,1.94531039,0.01999974,0,0,0.08007652,0.15861497,0,0.01982985,0,0.46674599,60.88076491,0.0991051,6269.21195731,0,0,19689.87319129,193.91994351,0,23.7445898,19.65024483,24356.94660894,0,9166.19334127,25775.2430344,622.25095604,0,0,1.15389977,0.31538439,0.73494686,77.0870036,1.59454862,113.09439413,39.25413836,49.47821154,22.97557428,0.66363556,0.22851013,0.0026103,51.90906135,93.41207103,697.34958062,134.31309976,22.33199174,151.40472913,34.80757543,1.21365427,1.27574072,1.89854311,1.02814691,0.84160599,9325.88759035,2.13041676,0,2.12114713,0.11422048,13.41744204,0.09850073,0,1.2763698,5691.92923744,0,0.56391992,0,0,275.89569526,0.03676949,30.93215083,13438.87116793,3.36536604,0,0,23.6080425,0,0,0,0,0,0,0.28108561,0.26635077,0,0.79564381,0,0,0,0.03602297,0,0,0,0.03511396,0,0.82234412,87.29622435,8592.45286106,0,5.54749998,0,0,0,0,0.88760277,14476.55801159,163.20537746
"GMBC_137_E2",0.85249766,0.34117378,119.29313766,36.0456641,0,0,0.00447384,0,0,0.40384054,2.2057383,1.19428006,0.77910797,0.0821793,2.55436674,0.47832333,26.02156572,0,0,0,0.16701783,1.09328439,294.65926726,0,0.00318169,0.02302665,0,0,0.0426428,268.52869015,0.78377143,137.63122976,784.35015711,0,1.1253859,6.34836948,4.02131026,0,1.23777,322.7496413,85.07773136,28.79871924,32.85001372,12.28164178,0.96544709,0.13390194,0.71650683,0.19374957,0.8518979,0.31663155,0.14441348,0.00311387,0.14864415,0.12682591,10.29331635,0.59578603,0.02105913,0,0.02948307,0.05316524,1.13187636,8.22958317,14.23491589,35.3904028,48.95138931,5.08904251,13.67988489,0.45797905,1574.20677331,0.63365302,0,0.22699786,397095.26818733,2858.99574415,2165.66324592,0.47533862,0.09521539,0.27519075,0.10176455,0.40509795,0.65650479,5.19568913,0.74640948,97.35541208,1453.15631757,0,0.60565628,0.28656392,809.82952389,2.02127562,3.52989262,786.11875499,1.82167362,192.51631898,95227.70051574,0.09340177,38.63287507,0.36242057,0,0,0,0,0,0,0,0,0,0,20.94949896,183.68604771,24.72812251,0.10656499,0.18629235,0.05096101,1872403.73417775,547504.22471157,219569.83730731,23070.945391,12428.65583418,21950.33069706,32568.11048274,67.07915231,496.74203159,159.68251833,1.02764547,3.18364381,0,0.13218049,0,3.4464242,0.04379422,1.52544629,0,0,1.91068493,0.01951416,0,0,0.05623364,0.67154307,0,0.9150053,0.01039567,19.23952434,520.42210493,0.47871961,7107.85388369,0,0,14166.12277487,116.53761448,4.4837944,135.87929504,17.8910893,3098.08256358,0,2219.15099363,22472.23583848,462.02317549,0,0,2.88833225,30.231387,10.68654353,2331.78588271,51.93770728,75.94761031,362.2903793,565.50294205,630.73188031,3.627489,0.45461021,0.13479337,266.98360864,63.90323481,3534.07260111,114.53606518,251.46904211,549.22015007,888.43297119,2.36341224,18.64215541,33.76127093,15.79001037,8.15371342,9029.03585065,9.15894617,2.3663797,0.15607908,0.09719577,5.86897611,1.04029356,0,1.28775728,6521.57655234,0,3.78522253,0,0,140.00415316,1.07253519,37.69297148,5765.25352574,21.51715155,0,4.40374622,8.75686812,0,0,0.60087214,0,0,0,7.04321444,6.47085414,0,3.56734144,0,0.00931076,0,0.36052073,0,0,0,1.44861567,0,28.77576649,481.48159209,15777.45269739,0,475.8546203,450.06776086,0,0,86.05406613,1.18792121,4886.25387565,334.6607607
"GMBC_138_E2",1.13615434,0.2667087,8.28247884,49.81826341,0,0.05276294,0,0,0,0.59455323,3.06886818,2.12236103,0.58449043,0.23127901,2.45876826,0.1041396,7.23654111,0,0,0,0.16029674,0.14483367,74.44909814,0,0,0.01852668,0,0,0.01780828,294.92049075,0.94735743,11.19802175,752.52604227,0,0.20385855,0.50158383,1.40691355,0,0,127.28397935,70.24208879,1.41135291,14.76119399,8.10646031,0.39799011,0.37308511,0.573653,0.26210367,0.93001277,0.45977571,0.15254174,0.00151682,0.09037724,0,11.17649783,0.07018301,0.00297735,0,0,0.01904985,0.05208782,0.45123223,1.0775359,7.53775788,10.92786291,0.5259084,11.78864712,0.10225793,394.55530006,0,0,0.02396783,270577.25069238,1830.09407525,357.23760495,0,0,0.49310693,0.18537344,0.14237184,0.65473431,3.24474633,2.20719963,331.81953163,764.28342582,0,0,0.0645236,651.73956116,1.21739417,3.4113733,971.4107521,2.01027422,451.62930762,143256.20039801,2.20179441,17.46654805,0.06027296,0,0,0,0,0,0,0,0,0,0,3.89089448,228.88987528,17.24303155,0,0.18945715,0.04026269,641827.03764452,211300.16414544,77408.30244795,23076.5129451,17583.30534343,20747.36788779,24953.14923826,12.74843449,435.00738185,181.47621666,2.5723052,1.04305573,0,0.00503857,0,0.6035492,0,0.30839007,0,0,0.30371885,0,0.00261259,0,0.09182047,0.04769428,0,0.07823475,0,5.75904902,7.75636833,3.88658544,5929.78366131,0,0,15550.09322316,137.54414905,0.73038397,12.58395645,15.74440539,11587.01622912,0,2365.44899263,21370.29112628,519.27859605,0,0,0.03110106,1.242258,2.45003143,719.87555009,5.76575162,90.96015409,345.7178061,54.35279429,30.34021706,2.09749539,0.91493957,0.33001836,76.86571117,69.09535967,1554.86319647,63.86720466,119.10223045,142.10552893,64.71350697,0.86922836,5.30234565,10.28848575,5.47317116,1.28552603,8092.16422679,1.32392642,0.74779829,0.13125803,0.08241464,7.07960816,0.14501491,0,4.73065736,5551.00639671,0,0.62239667,0,0,601.21074883,2.68277552,13.64488072,8709.84302751,5.8008118,0,0,186.03650094,0,0,0,0,0,0,0.49359829,0.17817541,0,0.0526174,0,0,0,0.02282001,0,0,0,0.03033443,0,7.6336432,530.18770662,7358.07862672,0,10.7217195,13.40629211,0,0,28.84519297,0.31495474,5619.74295464,354.41701328
"GMBC_139_E2",0.60400424,0.14232017,0.27719098,12.38272447,0,0.05191336,0,0,0,0.59953635,2.47504259,98.24574474,1.62846091,11.82778132,42.0257115,0.16202487,8.16719871,0,0,0.2732761,0.16653668,0.15297559,4.40606864,0,0,0.14183306,0,0,0.03510867,235.86229592,12.26218131,0.2844652,80.95885376,0,0.16615649,1.83723265,23.2484433,0,0,4.91372198,341.90495628,0.52398338,4.67212626,15.51913752,1.62004755,0.52481727,0.69919198,0.07195063,1.75725873,0.43476415,0.04558575,0.01840078,0.10340492,0.05441839,14.47780397,0.23436048,0.01725103,0,0.2425239,0.02520198,0.01156424,0.0773723,0.27897189,1.99404091,3.20412668,0.04852151,2.49868445,0.06122443,43.906682,0,0,0,157672.91737829,1021.44533277,66.72452793,0,0.12646947,4.49836156,0,0.18565636,1.46871903,6.45457522,0,85.90210781,441.25322322,0,0,0.14055909,344.57254103,0.84168519,5.20557538,297.21302016,3.41189423,925.22305532,111945.61441322,0.53399806,3.6456827,0.31420538,0,0,0,0,0,0,0,0,0,0,13.4459399,485.06489522,17.06274052,0,0.04912907,0.09250834,2239156.61449151,516897.55625598,695711.625458,41059.66488003,27529.13922137,30263.4361145,55070.41339193,50.29723126,62355.09987919,398.93043182,2.42203387,45.15553577,0,0.01348242,0,0.87430791,0,0.70763598,0,0,0.99919449,0,0,0,0.13655223,0.40271564,0,0.01117308,0,0.16541666,40.78986068,0.90532998,10332.69954571,0,0,27015.77988142,202.67858883,0.04193122,104.50516358,20.20415009,17924.23991917,0,1315.73841596,35569.80555837,656.32515129,0,0,0.8711811,1.08067876,1.41052704,331.31983073,2.40789302,101.0687466,108.33412522,120.3157696,117.00062087,0.92705875,0.24947943,0,93.49287354,80.62980647,782.01525028,50.42954983,39.58631475,131.86442365,158.94741306,0.62691375,0.60412554,1.29071277,0.79777447,0.97281957,14911.58267101,0.89580886,0.28316721,0.68560876,0.19701898,4.55120884,0.03441328,0,0.36321319,7910.74718318,0,1.77152747,0,0,107.48104171,0,3.85935018,14845.13411838,12.65208537,0,0,7.33252237,0,0,0,0,0,0,0.42438551,0.19417965,0,0.34501851,0,0,0,0.06439643,0,0,0,0.02637036,0,2.76303642,419.35341226,12277.40598868,0,1.70023111,0,0,0,0.23035547,0,5178.83266197,158.75144089
"GMBC_140_E2",0.48708835,0.10313522,0.12432559,2.98787928,0,0.02443707,0,0.00308385,0,1.26230269,0.04313219,18.41461145,0.56910264,3.98054854,29.37264234,0.18034633,2.73059143,0,0,0.2103058,0.11171503,0.09330842,0.59273273,0,0.02683626,0.0382902,0,0,0.08102951,144.11399871,13.32683975,0.10040329,92.32858818,0,0.06988351,1.22779064,155.96400943,0,0,1.58475454,43.82269516,0.40955926,4.66346838,28.2548885,0.15077644,0.05475949,0.61434661,0.02131245,1.59385538,0.45134606,0.00919904,0.00529964,0.07778634,0,9.27892834,0.04810831,0.00355311,0,0,0.01830092,0.00411723,0.03380439,0.10361115,0.97743456,1.46597714,0.05017202,0.93816173,0.04536938,2.93175118,0,0,0,20354.69787823,851.10079145,3.1894161,0,0.20007677,2.11463187,0.35839436,0,1.21224384,3.91721607,0,304.07956542,115.98728854,0,0,0.14689685,127.45549523,0.64713242,1.4638908,26.0714385,3.07401797,52.63064078,261765.23284982,0.47976253,0.36861048,0.07576675,0,0,0,0,0,0,0,0,0,0,19.38490377,220.58424211,4.9727187,0,0.01964164,0,771414.21904481,155036.76126465,77949.7472465,24943.04316795,16081.07821741,23392.51116636,20364.62433457,19.04746654,899.86057843,96.88217089,0.93219449,14.73897768,0,0,0,0.13645317,0,0.12164293,0,0,0.21868552,0,0,0,0.14861897,0.01747419,0,0.08330266,0,0,36.97151643,0.11937347,5652.11355428,0,0,15664.39000252,227.0393209,0.03658455,3.01778648,10.30580449,18289.72848006,0,2556.05023927,21618.1039482,485.14426649,0,0,0.05519972,2.80554348,17.00625692,40.98575723,0.44011042,71.45165095,158.07351827,16.39795579,6.01833489,0.46247766,0.2862317,0.05226853,37.46684145,58.79091245,232.04774204,18.64553157,43.18618941,55.79771727,23.0815138,0.30322853,0.83533763,1.65871575,0.4882179,1.06792084,8087.39586292,0.36594034,0.12797872,0.15117253,0.09843359,4.95555479,0.06971661,0,0.22982368,4570.62669013,0,0.48297408,0,0,324.62060051,0,3.09309839,11392.69790762,1.00085182,0,0,2.69948105,41.52159811,0,0,0,0,0,0.05605652,0.02900935,0,0.00542077,0,0,0,0,0,0,0,0.0078627,0,0.19397658,77.89849438,6367.3284873,0,0.31115339,0,0,0,0,0,5640.48989223,48.40530985
"GMBC_048_E2",1.45269386,0.27194472,0.2884027,39.43035559,0,0.01347947,0,0,0,0.31331261,6.3452906,5.85321982,0.59774345,1.01518901,31.50976252,0.02301684,2.17533828,0,0,0,0.17293887,0.2108051,4.03666591,0,0.02560852,0.01505627,0,0,0,304.03681478,5.18184673,0.3221939,987.20293652,0,1.4419772,14.77010328,13.6580207,0,0.02940349,63.17209039,61.58941614,0.83367908,5.43926458,7.48868696,0.28056092,0.16639887,0.59399019,0.07114465,0.33578686,0.30606304,0.04240047,0.00862949,0.09793561,0,10.086685,0.0550145,0.00371599,0,0.12109668,0.01720879,0.00344645,0.02299521,0.09473373,0.85703252,1.97146613,0.03352338,1.29762601,0.03206928,80.07183269,0,0,15.56598539,62092.96969208,1715.61390161,7.82378626,41.06386762,0.18575815,1.94567859,0,0.31868432,0.19614303,18.23105801,0,439.68607185,1725.46407592,0,0,353.91670556,324.49363118,1.21576842,11.93395406,656.68364414,49.91083937,105.28694668,526246.59834684,0.210728,13.72271832,0.12077538,0,0,0,0,0,0,0,0,0,0,6.41079769,355.33371239,5.80085422,0.23915681,0.15656352,0,761835.54969243,218287.77320938,162937.49171228,27812.02877669,22560.63288472,27098.55874044,36043.15447433,17.26613439,951.78783063,555.03422709,1.40852777,21.73602158,0,0,0,0.22607189,0,0.10689922,0,0,0.55792194,0.04658119,0,0,0.21928128,0.11061176,0,0.15531101,0,1.70885608,26.9451229,0.56561422,4007.64269858,0,0,9033.41468493,353.68385275,4.99281929,6.79311478,14.17795878,12705.73988769,0,6236.51020297,12473.57354144,1109.27798221,0,0,109.45730866,0.65009276,0.79000143,197.87031716,1.64952212,72.47308332,75.30111632,88.26496027,97.4633922,0.25781784,2.04299884,0.79861807,47.91432581,59.57078239,836.58034578,102.50969227,39.85605564,119.55259951,94.95268372,0.29445906,9.24232804,9.01850705,2.42082598,0.47664302,4788.38388415,3.08295384,1.54893967,0.43617397,0.1126336,27.87409055,0.72432876,0,0.20513686,3040.32746442,0,0.78997847,0,0,400.34775135,0,11.38884396,3039.61081155,0,0,0,62.25106732,0,0,0,0,0,0,0.07397558,0.02341597,0,0.02899855,0,0,0,0.04698062,0,0,0,0.03377005,0,8.58006144,200.91597932,3743.47681761,0,235.9017051,119.76561406,0,0,103.50480056,31.88944581,9552.76459682,84.85821718
"GMBC_001",1.6220613,0.24031369,0.14672064,8.6180258,0,0.04891833,0,0,0,0.63209776,1.03524001,5.32255086,0.31918214,0.25192153,80.40281859,0.22909317,3.62384382,0,0,0.26374765,0.11552013,0.16384855,0.65668383,0,0.01534583,0.01323235,0,0,0.06554864,67.2246037,131.68964659,0.17364147,801.96449767,0,0.07005435,2.32198997,83.29450904,0,0,2.34471844,56.55319447,0.41698125,6.51429968,3.27427637,0.18707406,0.08115746,0.88975396,0.03668464,2.2203755,0.83676249,0.00703239,0.00755186,0.06433356,0,8.64900402,0.0592043,0.00811967,0,0,0.01831642,0.00258834,0.02032294,0.07747161,0.7476693,1.17035224,0.03559812,1.25050079,0.02505217,2.85322882,0,0,0,31970.53562847,968.6256654,2.63226189,0,0.05091757,1.82148312,0,0.18725129,0.48393689,5.77471585,0,269.12334154,555.1391451,0,0,1.34914014,140.50966263,0.66057162,0.82134709,56.75497073,12.14702936,113.96209146,305732.98383671,0,1.34405077,7.07456186,0,0,0,0,0,0,0,0,0,0,5.67861622,274.17180064,3.57464018,0,0.14077688,0.05351122,538286.23981137,105307.54654822,70608.01386641,25443.03214337,20121.97036094,27893.07648714,19854.36888855,27.21135419,10052.70870707,108.5561121,0.90143259,19.32193555,0,0,0,0.27453218,0,0.16025705,0,0,0.69361089,0.00362213,0,0,0.08355163,0.07510408,0,0,0,0.16757259,82.99104664,2.19526933,4348.94787923,0,0,11072.784995,237.2410926,0.12648441,74.6365921,13.09152624,7549.44769918,0,1631.27448291,14154.18852298,531.59112968,0,0,0.3653431,0.092844,0.21539304,38.77225865,0.53998288,70.30707325,25.5013488,8.16808822,9.27932553,0.09497963,0.10680709,0,31.34492068,54.81248243,332.65065577,17.43776598,16.18424737,52.90126016,34.19611432,0.23761117,0.88652403,1.98118881,0.50626043,0.4550896,5123.65262906,0.8941775,0.23220157,0.80997651,0.16181253,8.10902261,0.23061315,0,0.14385337,3090.18829854,0,0.24640171,0,0,48.36923207,0,10.21253381,4607.9748433,0,0,0,18.64379066,0,0,0,0,0,0,0.09463896,0.05592202,0,0.12403884,0,0,0,0.02568073,0,0,0,0.01925542,0,0.87277606,206.40712572,4166.86877339,0,1.31688421,0,0,0,1.260976,0.10769234,5361.02483073,55.56646284
"GMBC_002",4.90411606,0.41009274,0.29240186,7.84006159,0,0.19978212,0,0,0,0.58957448,6.31109237,6.15248295,1.34433593,0.53670077,37.46524323,0.09893283,4.76302271,0,0,0,0.12672342,0.11569061,1.98568125,0,0.0747849,0.01213867,0,0,0.08471025,521.81389534,36.37536611,0.38100711,265.4013837,0,0.23848608,2.91773967,0.36664028,0,0,5.62887007,1703.97857035,0.80121103,21.53795174,30.64632706,0.36377163,0.32956178,2.59602027,0.1554122,8.11556629,2.919475,0.04422801,0.01729654,0.12576819,0.11949438,15.76757263,0.42601672,0.02013936,0,0.06169092,0.02784204,0.00450368,0.02067488,0.06673988,0.85203077,1.2904359,0.05050997,1.99231311,0.03391931,8.6494816,0,0,0.32048587,163187.78060627,2177.30506507,6.47519543,0,0,2.67772846,0.24487553,0,0.30901584,3.04976284,0.20388894,553.28460671,335.84335965,0,0,0.89204789,476.73251581,1.17230868,5.7464231,56.15417903,5.72036814,216.64690857,680785.61945749,1.22342363,0.69706062,5.62506404,0,0,0,0,0,0,0,0,0,0,8.34147386,403.95073231,2.87995054,0.49138593,0.10211154,0.03973746,1941694.52163711,269589.42347381,215160.05187263,30283.97403515,15146.68564993,26508.81387898,34857.16419591,31.41795608,23552.83083334,541.52117498,1.51886915,39.52285545,0,0,0,0.84772604,0,0.38020183,0,0,1.26389046,0.00949399,0,0,0.23097938,0.74605727,0,0.08294272,0,0,37.52445139,0.82464386,11566.17026732,0,0,45821.95192318,229.86380381,0.03658741,138.32333415,25.0808885,20095.03939443,0,6065.01506773,63208.34455685,622.90509515,0,0,1.10094776,1.94863064,0.56539975,269.26813026,1.97889449,121.27545699,28.99731416,133.12178231,71.39112199,0.38143033,0.18190064,0.06025813,48.93178265,103.44524445,409.13903276,22.80979407,15.25221426,99.87283799,71.28887641,0,1.20863359,2.2004579,0.71442101,0.92383597,24508.96064406,1.23138983,0.14798949,0.75747484,0.08093139,3.63767318,0.1860396,0,0.29822216,12344.06520506,0,0.68477421,0,0,444.60797984,0,46.24701799,29523.48726819,0,0,0,38.61925775,0,0,0,0,0,0,0.63618595,0.23774386,0,0.49531648,0,0,0,0.13103255,0,0,0,0.05664158,0,0.78273477,526.6385769,20278.60883778,0,1.61472078,0,0,0,0.4376943,0.09089847,16191.01683406,160.21275747
"GMBC_003",1.32400145,1.91749076,0.31318364,73.12024927,0,0.45682941,0,0,0,0.48221473,0.87681359,0.41385048,0,0,1.57363772,2.41894999,4.21247388,0,0,0,0.18513561,0.52579438,2.90402421,0,0.14256935,0.04505644,0,0,0,406.82297782,12.3625574,0.29080966,745.27213168,0,1.91937613,2.9620752,31.7717643,0,2.2413904,9.99233344,285.60699169,0.29984779,20.50249855,5.32017904,0.46215102,0.32099212,0.66032371,0.15162424,2.26627574,0.52798884,0.06843524,0,0.1017195,0,12.69419537,0.12206973,0.00314478,0,0,0.02222126,0.00975033,0.0376028,0.24688432,3.2349773,6.31611507,0.09144792,11.54258981,0.1081115,67.44292977,0.01942083,0,24.46289854,544928.85805771,2886.18245197,33.35650318,0,0.07122751,0,0.29935845,1.86167495,0.29443428,61.82984677,0,428.2958956,2090.84698509,0,0,0.2899444,1139.48271176,1.96479703,5.38571542,1217.73694055,112.38125328,867.3456376,155132.63799333,0,11.41539047,25.27560133,0,0,0,0,0,0,0,0,0,0,42.20213771,669.29849637,9.64746617,0,0.9772302,0.18250958,1494371.50699345,548857.05594312,327946.14671717,53699.09187768,29828.13124572,39287.1688121,78913.41214835,48.1017841,1215.67869293,682.19231265,0.76793963,25.08481071,0,0.04149314,0,28.5731835,0.26941835,9.51603125,0,0,8.39767905,0.05370655,0,0.02216308,1.79742556,1.27165001,0,0.35754077,0.00471658,2.44493267,87.16694074,7.67215926,12995.49838289,0,0,59246.38957424,575.90686574,4.29543974,192.00772721,30.26225357,4288.70436007,0,3759.71073301,75626.64064063,1164.66029792,0,0,0.86600265,2.26577878,2.13391363,478.10480319,15.06438108,94.7923437,232.20770347,58.60600857,51.39908225,1.13604023,0.44266554,0,23.31402413,78.22753449,673.97181742,53.89166811,120.85549321,78.03847814,47.01700909,0.93631712,2.74903793,4.55541036,1.06052336,3.10282929,34841.59199502,5.48515519,3.16306345,0.23026729,0.18005177,63.36577079,0,0,34.0418986,12994.23535511,0,2.39553251,0,0,60.85059291,2.1687237,12.02358059,40435.33862307,13.13836474,0,0,184.78552591,0,0,0,0,0,0,11.26062384,2.12046696,0,0.79872079,0,0,0,0.09498488,0,0,0,0.13841337,0,14.6176948,2086.7337133,27105.87454921,0,1.88074144,8.35580627,0,0,19.16485585,0.86170759,5234.63511402,496.03147921
"GMBC_004",0.63068351,0.13571652,0,39.29625181,0,0.0356989,0,0,0,0,1.18919884,130.28350372,3.56659287,16.31639497,68.51014314,0.25327665,0,0,0,0,0,0.07790337,0.11645077,0,0.04190597,0.18279157,0,0,0,2.52303013,53.25244771,0.10453546,105.11064746,0,0.37996411,6.91818421,104.05723994,0,0.09253447,0.73415328,50.16258692,0.23935775,3.77366441,6.48653673,0.2801852,0.20674235,0.519345,0.08122372,1.02139562,0.59392672,0.04836975,0.00718507,0.08630923,0,9.08491966,0.05866571,0.00283525,0,0,0.01733399,0.00264868,0.00955013,0.03903206,0.52933755,1.72240638,0.01643687,4.66321963,0.02704869,0.54303514,0,0,0.11080405,20528.13128518,2164.59741338,11.6296446,0,0.09488077,0.4356053,0.03251608,0.38922679,0.65855918,11.00341768,0,93.26158637,1016.14572794,0,0,0.16994478,227.71006898,0.94371411,0.24293642,246.94577666,9.27499332,145.38126479,366155.56724124,0.68719797,2.0573174,1.68539414,0,0,0,0,0,0,0,0,0,0,6.95847552,315.46213481,2.00254263,0,0.0764851,0,977380.24763015,301998.50565178,354038.79539398,50714.42666204,39000.09368205,43624.23118876,42220.60638264,82.2254402,777.23423418,309.90335996,0.82885448,14.58806705,0,0,0,0.31397774,0,0.17569423,0,0,0.85615244,0.00625438,0,0,0.12952915,0.04600002,0,0.01750243,0,0,216.62599559,0.12032682,4042.05138633,0,0,14850.92678031,268.34811222,0,191.01368169,11.22916994,21654.07096542,0,9674.07325774,23516.13904924,540.26936594,0,0,0.08884981,0.13524457,0.18911959,28.38179585,1.10237832,54.04180548,8.27960699,32.4547086,16.09619324,0.09041384,1.9204677,0.53246874,9.78875452,54.89169411,119.25993454,13.21993082,7.36234323,33.81454714,15.24094007,0,1.04511249,1.14297548,0.53288583,0.97817963,5382.35324113,2.32568968,1.65241595,1.18144972,0.13390536,5.34360632,0.26046254,0,0.66175295,4047.15478419,0,0.71212098,0,0,218.63072411,0,1.36446394,3697.14424846,0,0,0,22.305084,0,0,0,0,0,0,0.23094218,0.09215256,0,0.30620267,0,0,0,0.05136,0,0,0,0.02879516,0,7.03296616,249.2154033,5920.21751735,0,0.80981298,0,0,0,0,0,5810.74923521,90.52558956
"GMBC_005",0.27209627,0.17536337,0.00536497,3.54305094,0,0.01932244,0,0,0,0.90744208,0.30463777,1.11968713,0.21262439,0.25521501,2.38630514,0.05059947,1.26090332,0,0,0.17236807,0.12511368,0.04999537,0.04360464,0,0,0.00730786,0,0,0,0.63899378,35.99784817,0,42.4153131,0,0.07212661,0.86599644,44.03484991,0,0.00727155,0.67712618,24.61038221,0.09056628,2.56632311,4.07905417,0.15362356,0.14492516,0.38769375,0.06239076,3.68099587,2.44773275,0.01226336,0.00084281,0.06906809,0.02708736,7.07821603,0.04043157,0.00267019,0,0.02811009,0.01375496,0.0018704,0.00763496,0.03586627,0.30649304,0.38495209,0.01938717,0.78285918,0.0156969,0.38125815,0,0,0,12233.91432415,186.72355326,1.26029473,0,0.05201851,0.59892633,0.03460147,0.3168031,0.28922913,3.10460319,0,65.7797549,98.84282627,0,0,0,22.68284053,0.63278698,1.42669501,58.62596238,2.10226363,14.70102858,79382.57588417,0.24636763,1.17846384,0.88780604,0,0,0,0,0,0,0,0,0,0,4.13114871,176.90456904,0.87909835,0,0.05550787,0.0190238,229184.77025123,79811.44424767,80572.51130397,18140.57013949,13930.68537531,17080.4486996,13081.14106873,50.07924991,71.22718644,63.05210243,0.84595339,50.55846471,0,0,0,0.26479156,0,0.06662342,0,0,0.16430683,0,0,0,0.16376762,0.01177369,0,0.03861317,0,0.03301886,13.22490055,0.60330315,2907.6946338,0,0,11748.63507226,119.75537225,0.06847369,5.99060042,12.09410095,5910.15614803,0,794.55135915,15991.59812966,333.95770644,0,0,0.0127279,0.22731134,0.39963547,38.33549731,0.57266343,45.03654765,16.65045451,3.81884218,1.2739815,0.09924804,0.27108152,0,36.18479463,45.76555689,385.70470684,29.54900404,29.28483923,46.58585453,7.03330326,0.25480885,1.49252962,3.35582148,0.56452167,0.16350055,5421.11404113,0.45518536,0.1057769,0.10402087,0,6.03511655,0,0,0.27259817,3252.36964947,0,0.58235249,0,0,77.78107249,0,1.4764541,4959.26130999,4.62962442,0,6.67860438,10.88504752,0,0,0,0,0,0,0.0529594,0.01486661,0,0.0052305,0,0,0,0.04218904,0,0,0,0.01902102,0,0.1275148,201.76311939,4147.18993337,0,0.09190225,0,0,0,0,0,1337.31342079,18.43069802
"GMBC_006",1.51676488,0.5262583,56.66419248,168.17808095,0,0.07964635,0,0.33124432,0,0.98277302,4.43179813,1.47976982,16.01797994,0,43.75216492,1.05793,82.10341805,0,0,4.01621791,0.29316939,3.4358307,275.16175363,0,0.01671275,0,0,0,0.04560514,303.03296283,5.55169597,72.38262185,1047.41454661,0,0.6586577,38.01438064,1.32930933,0,1.76784819,183.50601183,2266.6603837,12.26531374,49.65678509,12.67636494,0.92936076,1.7805738,1.72967452,0.2031631,0.95126353,0.4548833,0.08528843,0.02790997,0.23051351,0,23.85452264,0.30014187,0.00926261,0,0.02821793,0.05089621,0.0278358,0.13036908,0.56588835,12.05696369,33.38643114,0.39102732,10.31787494,0.18866652,906.97430216,0,0,19.90987134,658560.19882182,2070.19894426,997.93720251,0,0.18256544,0,0,1.85069409,1.57916825,35.39352358,0.27345189,56.45875112,3244.57561916,0,0,0.08604431,1935.91229661,2.71547327,4.04374761,1767.05531785,98.48942639,4498.57084421,6079.75123989,1.14127248,18.7632145,5.74312916,0,0,0,0,0,0,0,0,0,0,298.08901207,985.85246033,2.91787895,0,0.24943627,0.19141771,7278612.05370424,1260927.98104348,1756865.51301435,11436.85439464,1901.47569864,5256.72074111,61467.058475,69.3507598,833.14743499,1385.14565097,49.74888544,226.04841286,0,0.19456324,0,12.0519371,0.1729232,11.4907674,0,0,9.43073384,0.15153739,0.01631389,0,0.18870638,4.00173461,0,2.04205412,0.06609074,16.80386169,7.641669,14.22554514,17639.79346566,0.62910265,0,23163.80645277,102.92157319,17.77146813,130.50314126,40.6304689,13697.73388276,0,3704.79880542,33073.03634674,1002.50692875,0,0,1.29354995,11.46994084,22.04657722,2259.34240009,18.36798046,201.06204392,528.9977043,250.33178842,317.86499161,46.07052423,3.32825234,0.15989689,202.7955216,149.1493261,3189.3725231,158.02971828,202.52103628,501.15018595,322.79137976,21.04812451,6.23007531,9.52138989,2.50182234,3.38053232,19509.84842716,6.88620974,3.90229135,0.31686185,0.1562883,29.44778612,0,0,5.16461064,10286.37973379,0,17.633538,0,0,665.39402574,0.22198944,15.89833437,6739.32676884,31.42229916,0,15.64340098,15.68839335,0,0,0.90230076,0,0,0,6.17032716,6.54294944,0,8.23694031,0,0.07432054,0,0.87967546,0,0,0,1.25528969,0,19.75353553,768.85466557,14892.05485947,0,368.08199009,542.01046789,0,0,309.06987538,0.85217913,6074.97918168,1275.44331341
"GMBC_007",0.63671588,1.39711627,6.07399815,430.38989938,0,0.26230507,0,0.378216,0,16.94250835,7.65923951,0,27.67704707,31.34518775,0,0.7831113,5.87975624,0,0,0.14561981,0.21317103,6.69298107,166.55171452,0,0.04447536,0.08338529,0,0,0.48352681,650.51332078,3.2790003,7.40695533,1527.22543899,0,0.78761168,37.9805259,0.58044748,0,24.87572199,501.31465073,371.92127881,2.28439467,197.3601838,86.25374044,6.09003695,1.1923821,1.79750783,0.30534891,1.39031646,0.55674803,0.61537755,0.0534171,0.29122079,0.40021975,18.03126543,1.63767257,0.01509933,0,0.22403179,0.03971835,0.34399477,7.53072657,14.30524003,81.51116622,132.23792192,4.13116663,26.16434052,0.90614914,412.00144242,0,0,24.93777137,850097.72362324,3771.75514885,226.29600914,210.90736692,0.27210961,3.92482211,0,0,0.23961803,187.00887709,0.06507047,264.86089423,10788.84014467,0,0,1224.01467607,1570.37741253,4.58871861,236.38753162,4039.35127377,10.27035005,2897.87020265,6157.55503996,1.65772156,4.52727074,22.7462848,0,0,0,0,0,0,0,0,0,0,40.64700472,253.59876211,0.32905899,0.17408606,1.34897538,0.21618115,3011487.99143261,1094153.1402053,726552.91569921,89259.14523275,50048.34113937,69991.81151364,154794.25275374,49.89503729,1284.981663,3155.41546774,62.80920849,13.69777451,0,0.24527197,0,5.89069576,2.07614115,4.32286813,0.01841293,0,4.42956317,1.20176344,0,0,0.47970997,13.88903885,0,1.15616367,0.18130713,11.77299978,5.18557339,2.50494949,14817.77684796,0,0,32100.78193998,593.05488031,27.65115903,17.82484979,38.61134061,4776.46028205,0,2793.1782479,50733.90012977,1876.77196654,0,0,1030.80736249,6.96605449,9.38213451,1779.57417768,6.23555868,110.74004197,900.25830164,174.98792682,146.63756782,7.0004381,0.55873879,0.1761706,183.89900831,101.21149925,4286.7858884,209.67473008,187.59749688,317.65562306,120.53888215,2.57013766,1.52426334,3.20717209,0.93787423,1.54855092,36346.90839198,17.39413165,3.49496866,0.79636969,0.58236365,14.68956187,2.21206677,0,15.73319889,16418.4193721,0,8.13710346,0,0,1497.81425407,6.51745221,8.82373351,7182.88488214,3.45434713,0,0,44.00293062,0,0,0,0,0,0,2.96005916,1.21244408,0,2.4867633,0,0,0,1.16972182,0,0,0,0.43577445,0,83.46058677,1456.7789467,46487.00190826,0,956.20068684,994.27672301,0,0,479.06429396,127.78776236,7851.88769893,1458.9855697
"GMBC_008",0.7646675,0.32682291,0.0383898,4.85361635,0,0.03644205,0,0.0564675,0,1.52982938,2.83970161,21.30375094,0.96363062,3.81045425,48.12210735,0.27352063,3.31143586,0,0,0,0.16712416,0.17609232,0.39311448,0,0,0,0,0,0.02221876,0.99787756,84.99639047,0.03375957,58.25007849,0,0,0.91021168,92.3650425,0,0.01657189,1.47672045,144.19217956,0.41541354,3.55068682,3.13930121,0.32381817,0.25391709,0.6080047,0.09227847,1.86754595,0.44311955,0.01571858,0.00491755,0.0798981,0.0592357,11.8069096,0.1056679,0.00734775,0,0.00871816,0.02378887,0.0109861,0.20934383,0.64309629,4.5150703,9.23228515,0.22994573,3.11398455,0.02654232,2.63952,0,0,0,88855.44201273,1051.50236248,2.79617682,0,0,1.32283031,1.5397971,3.08499705,0.11611499,24.53699767,0,137.51763103,204.24645415,0,0,0.2025503,385.0271518,0.80339748,10.49241659,520.01234272,1.51355877,205.91311916,248693.88880868,0.36525898,0.19759773,4.97734624,0,0,0,0,0,0,0,0,0,0,26.54301639,96.71364753,0.9952039,0,0.07827438,0.02207999,1687179.15459313,566317.62410271,452668.39209002,83415.30338941,60710.22180616,66458.98904165,63891.69409894,27.70910251,12675.02503762,808.87896944,6.60484419,26.61306891,0,0,0,0.44505743,0,0.42562788,0,0,0.28820391,0,0,0,0.11969751,0.03366388,0,0.02566018,0,0,57.3369508,0.42951337,4518.60143466,0,0,22494.6504359,262.67526478,0.10670732,33.55827196,17.99831575,20104.05546211,0,2866.02171146,29633.78898895,685.35629931,0,0,0.13799058,1.61607941,3.58938145,80.67357854,1.21823174,76.03736899,90.48411486,16.28082195,6.8876174,0.75991004,0.18334118,0.08848687,152.89401229,69.01446126,678.56469298,43.74418055,76.92794699,112.42399807,31.36179861,2.13514774,0.54855101,0.79223007,0.48615325,1.82278953,9837.37221696,1.27704509,0,0.90821195,0.10486212,2.33895797,0,0,1.11171141,6677.42693864,0,4.6195221,0,0,285.04627677,0,5.55243826,9132.59426662,16.12277715,0,0,10.95669561,0,0,0,0,0,0,0.3223073,0.14109654,0,0.06464748,0,0,0,0.03730925,0,0,0,0.02418125,0,1.46460039,387.34097403,9204.84410014,0,0.15612028,0,0,0,0.08864584,0,5218.4787949,164.20422338
"GMBC_009",3.92139457,0.5738201,0.11404603,19.26799141,0,0.95648222,0,0.81691198,0,0.60625378,4.67958116,4.01048494,0.3952676,0.30459156,2.6103853,0.99220961,2.16457402,0,0,0,0.05729296,0.89945894,0.88615935,0,0.2084702,0.28975648,0,0,0.00864436,687.05393565,8.27695977,0.14360964,485.69659559,0,0.96230493,2.73760919,20.26272288,0,0.3319929,11.61463634,561.13414774,0.66062798,6.71320226,21.70058893,2.17331469,0.6978609,0.81432736,0.13694461,1.2556978,0.47860974,0.02538048,0.00337052,0.13274435,0.03939425,16.79859686,0.27228465,0.00430441,0,0.02558065,0.03135826,0.01034935,0.18961765,1.37157797,11.36609603,23.71223243,0.38435369,13.33527579,0.22719982,40.19719309,0,0,0,626849.08457031,1329.45758241,9.01693745,0,0,0,0.14398044,0.51076496,0.63187903,42.1833496,0,390.25852955,1389.80716233,0,0,0.23886285,1031.56916957,1.41150209,33.79500922,450.25568006,3.34140752,1998.44081774,86533.20937243,0.75480935,9.47519663,29.32820767,0,0,0,0,0,0,0,0,0,0,75.75885278,597.87077458,1.53307815,0,1.72415197,1.04039112,3278740.14638323,975185.88534639,923371.20948379,50386.48355639,29278.49307569,41062.4194446,107074.15851111,76.05036924,3022.214948,102.46847823,9.84623817,26.96158564,0,0,0,5.68534559,0.05119249,1.03854151,0,0,2.39685736,0.02828105,0,0,0.38784034,0.89074754,0,0.46570458,0.00764514,0.2833373,32.19648341,1.96407331,11371.95506134,0,0,40951.0620268,541.75462094,0.65454189,117.27443295,48.89074128,12391.41177813,0,3265.43802951,51958.59644858,920.51845537,0,0,2.41232023,5.12393953,2.19597167,621.3314252,4.90981035,121.22105177,222.85322588,211.83500037,105.54646136,3.14699791,0.66393075,0.18537585,68.62094256,98.06884423,859.81027624,47.41080782,63.48291953,199.74066021,122.4772433,0.74591136,1.69699582,2.74505736,0.83823905,0.83140675,26292.75298378,3.24313021,0.61169498,0.2627864,0.21747301,4.99038468,0.37914045,0,3.57426558,12011.70134516,0,3.64808381,0,0,270.61631366,0.04627135,19.12960794,14043.41735022,2.83632864,0,0,22.90582572,0,0,0,0,0,0,1.19173086,0.10991699,0,0.2414528,0,0,0,0.13242852,0,0,0,0.1521639,0,3.91003191,1315.43790527,23688.26844233,0,0.49078394,4.99468915,0,0,2.09381014,0.34849569,4904.44714529,621.99668045
"GMBC_010",0.36968762,0.3315296,0.17714962,41.36177683,0,0.36734623,0,0,0,2.00826196,2.79610324,58.16396337,1.57124828,8.07968473,44.48089043,0.51798152,0.44325093,0,0,0,0.17208397,1.95275278,2.55658476,0,0.20412029,0.3257497,0,0,0.01888546,68.52727755,5.27062824,0.15071033,41.09110079,0,1.19024147,13.34025021,3.71420698,0,0.5248962,4.96218001,537.06410613,0.43078362,74.3369721,3.17914457,0.62104161,0.51982819,1.17009681,0.09904163,1.96505085,0.95498521,0.01308056,0.03299373,0.10828317,0.01238401,11.99269677,0.1253266,0.00356154,0,0.08134738,0.01970346,0.00494319,0.03320653,0.22756487,4.44679023,19.36084939,0.03441632,10.17199101,0.01224048,50.4467517,0,0,18.30505458,492910.08796462,2860.63745513,76.36572037,58.92510395,0,0,0,0.85838174,0.45754683,10.18438545,0,80.52636022,2007.01214752,0,0,728.5339181,952.37161529,1.05063508,1.84490346,998.00735069,0.88135741,1371.52720289,19740.19524514,0.1054859,5.15064213,4.61691887,0,0,0,0,0,0,0,0,0,0,4.39669767,279.90088287,0.95208076,0,0.09097112,0.43992379,1546186.48148629,666155.47982167,580049.95292715,44052.35327443,31603.38418629,45512.30376306,49210.16252641,74.68181069,3138.17215464,1056.49555828,1.80707478,3.02439904,0,0,0,0.57153114,0.04448138,0.27575985,0,0,1.05646157,0.16256956,0,0,0.1579511,1.50741612,0,0.05608426,0,0.24901302,8.60096143,1.33191474,8707.43818397,0,0,13068.28564264,427.05929662,61.64150056,24.17164982,14.68834041,5302.07230318,0,3398.72843908,25346.43221104,988.06234555,0,0,647.22467116,7.2912294,3.33511694,1547.09141874,9.98322097,84.89359531,226.74100277,709.29070145,656.41663562,0.76969333,1.27530769,0.11792502,95.04776351,72.46043543,2850.36229367,166.38556114,81.1939294,423.96248968,573.55238047,0.62082316,1.09503359,4.60091309,1.50654257,0.24546514,14168.90207209,3.4599462,1.98641845,0.12819797,0,0.77949064,0.24006069,0,0.84467633,6850.70351682,0,0.58973299,0,0,1592.07877311,1.44494618,1.4294991,5466.77881433,9.19017997,0,0,60.84055561,0,0,0,0,0,0,0.26556041,0.07591354,0,0.69242206,0,0,0,0.0489703,0,0,0,0.03368934,0,14.25745519,482.42463347,10275.0594468,0,9.56232587,12.15654081,0,0,1530.19699078,11.43598937,3780.0970318,669.87906082
"GMBC_012",6.70751182,2.90492739,0.24740108,23.28823895,0,0.49370078,0,0.16145681,0,0.89895731,7.30814213,19.79884082,0.98956261,2.48034378,150.1026209,2.10165372,0,0,0,0.41655237,0.30009996,0.43052387,1.20112808,0,0,0.2615032,0,0,0.18202381,141.27050007,9.69780936,0.09165603,464.54728711,0,0.27136556,3.94479207,66.62750462,0,0.3480078,7.58716502,1232.23403306,1.19332546,49.176191,15.88992528,0.42394963,0.34057017,2.86267848,0.13761737,8.5005283,2.06962653,0.05042944,0.01482922,0.15497711,0,20.18369358,0.37597194,0.01921226,0,0.11847386,0.03480819,0.00454888,0.02822437,0.1266418,1.61212267,4.06511614,0.02130006,4.76491805,0.04840386,10.12189527,0,0,0,530451.6190734,7276.83384336,2.99825101,0,0.46282606,17.58769459,0.30283109,0,0.7746813,7.12226403,0,703.62892733,608.56784712,0,0,1.48353748,1072.62030915,1.85421667,9.03306819,246.40071009,1.46752696,1287.7231031,119485.42049866,0.42052056,2.19793281,17.39083816,0,0,0,0,0,0,0,0,0,0,11.02289333,613.29793479,3.65817865,0,0.49022088,0.16922977,3137465.28794475,592458.03532866,502010.51629848,42129.6282786,22852.31235867,33577.65506427,72305.2419864,122.46460838,57641.00235038,849.1794446,4.35519809,23.04470633,0,0,0,1.96352329,0,1.46065516,0,0,2.86986396,0.0849888,0,0,0.17941219,2.06440918,0,0.15932968,0,0.12065627,63.25322496,16.96669287,10481.1352497,0,0,32640.87477179,446.71990332,3.4723955,174.22072525,30.2049888,12221.94101089,0,5360.93197794,47642.93593492,821.5373863,0,0,3.01686075,0.87741487,1.63377202,238.88371014,4.24766519,137.56565993,100.36590544,97.92982222,83.01489881,0.67339473,0.36080502,0.06230353,200.89191321,123.1893841,1805.72326569,89.73346269,69.34556035,67.30457042,37.47512472,0.89403979,1.37750699,1.83949531,0.70260649,3.49344173,20291.68473108,2.84444065,0.64869647,1.38655924,0,2.45155626,0,0,0.45946956,12097.46785789,0,3.30122453,0,0,1911.06768882,0,58.86859223,28303.12535967,136.31402928,0,8.8919339,82.39169,0,0,0,0,0,0,0.4633765,0.24050384,0,0.41132091,0,0,0,0.04165155,0,0,0,0.06272052,0,3.18839861,896.89294142,13448.67000589,0,1.4625208,2.49673918,0,0,22.93149169,1.19088078,4122.68106152,729.93159412
"GMBC_013",2.44101546,0.5188836,0,33.64713233,0,0.01842113,0,0,0,0.63736242,2.54256532,1.3510205,0.89570917,0,8.86126377,0.11598506,1.78994221,0,0,0,0.11804027,0.14600861,1.58034804,0,0,0,0,0,0.02224235,0.32631339,9.23212004,0.17743126,462.36595919,0,0.83907947,3.49830116,0,0,0.19344679,2.02499112,1075.71509451,0.63262732,20.60807872,7.555851,0.61224668,0.5702576,1.50139666,0.20448949,1.96550361,1.04185883,0.09860298,0,0.15163452,0,16.18549016,0.20560027,0.00300783,0,0,0.02471937,0.00512863,0.02816037,0.05752316,0.77865917,2.26971853,0.05147546,2.02679864,0.08179712,17.66265982,0,0,17.28073523,55206.57340108,3070.58089641,19.6741973,80.32597026,0.29022972,5.23140305,0,0,0.16472092,53.13034012,0,413.90926246,1491.89953493,0,0,488.66565301,198.78715789,1.35602647,1.21688304,1202.95551116,131.26193597,472.79946376,288311.35632017,4.07133567,5.6382469,2.11657877,0,0,0,0,0,0,0,0,0,0,31.93724471,668.35518768,6.68080373,0,0.16214283,0,1480630.20700579,624520.72451086,383828.75815528,57176.7791337,33374.78104026,41182.22124633,47533.40363174,134.5350842,1390.64982256,511.20582545,2.1165215,15.061406,0,0,0,3.92867705,0.27321103,1.30999227,0.00659458,0,4.27178748,0.32414183,0,0,0.56303325,0.56212945,0,0.2578876,0.01917803,0.56419655,135.09560634,2.86665015,1594.59302088,0,0,45634.65992537,532.00591167,0.17802578,72.51805351,24.40306349,8985.05643728,0,4754.41752589,60454.02643697,1027.54572976,0,0,81.29638789,1.72053747,1.69866819,510.36487824,3.56477867,118.91664105,126.57673579,339.72066739,211.7855113,0.79131982,0.35471624,0.13840003,181.92329699,100.10985054,1858.44645624,98.10445258,42.86541479,122.1987269,126.78201308,0.52740632,1.98842338,1.39480962,0.80449585,0.92142279,19941.62922175,1.23453097,2.26388169,0.30082584,1.05868341,234.30806023,0.49534471,0,0.49367858,11559.47509228,0,2.40794736,0,0,668.78730999,2.4149055,8.7504003,34117.06784458,18.40524061,0,0,176.44963768,38.85052255,0,0,0,0,0,0.84175985,0.37614237,0,0.38700547,0,0,0,0,0,0,0,0.05899552,0,0.74211303,1079.16665409,20427.7901601,0,2.50689303,0,0,0,0,33.53644529,4855.44314377,58.09731385
"GMBC_014",1.25806951,0.0953771,0.11874713,17.27618019,0,0.12259348,0,0.0479977,0,0.55510885,3.45244488,44.63827972,1.17177588,4.48594922,41.58789891,0.18337132,2.09639707,0,0,0.20685574,0.19398244,0.45423795,1.04462961,0,0.01706006,0.06122566,0,0,0.18060404,763.68431832,3.02890165,0.19507018,336.65734938,0,0.24459893,5.26242305,306.3814218,0,0,2.20853402,255.12272992,0.88049432,39.13551239,6.83884288,0.21051068,0.1293896,2.29829356,0.07098308,5.45313878,1.34034255,0.01606778,0.01364795,0.13123525,0.10820915,13.36530492,0.11471983,0.00583012,0,0,0.02082423,0.00341529,0.00988669,0.0462187,0.67412579,1.49470507,0.0161218,5.12968568,0.02795966,4.74507653,0,0,0.06546775,446372.1517698,1456.17541161,2.01685635,0,0.04521727,2.91330809,0,0,1.34728691,9.50923573,0,311.73287997,638.80565656,0,0,0.39337016,1517.64946086,0.97929492,0.89180278,69.87986867,22.7338587,897.04620175,183392.5921975,0.51925509,1.89197426,3.93742502,0,0,0,0,0,0,0,0,0,0,6.31014947,392.77077727,1.66870587,0,0.05905016,0,2075697.83322005,401536.20832086,441053.01051142,76925.58382645,51234.97849747,68337.96933186,80372.82833371,34.15510802,10056.74626315,609.93360502,0.76102893,43.80215549,0,0,0,0.8677157,0,0.40851179,0,0,3.53428176,0,0,0,0.12866085,0.08128036,0,0.03826083,0,0.21252171,323.34749819,0.53042302,12947.7893787,0,0,20609.40445714,387.62937937,0.42115921,46.39254329,21.60096084,11679.12863903,0,3631.2052504,28709.56677246,596.06781631,0,0,0.23067183,2.28985937,3.9283772,417.03599723,3.90255181,97.37562477,72.87466527,112.05425854,189.55776661,0.44030445,0.82051443,1.61409813,449.14943299,79.06302072,2553.67251944,131.36718035,98.13373261,319.79735619,200.20659326,0.90074781,1.58190381,3.33791343,5.55023367,1.21854145,13576.48181829,2.1757081,0.24812292,3.50690744,0,40.62116014,0.29232162,0,0.26104494,6756.93277719,0,0.83442836,0,0,1322.70822981,0,9.25414992,10239.91441276,37.37431127,0,11.25034379,4.19394028,0,0,0,0,0,0,0.14712861,0.08905198,0,0.28841629,0,0,0,0.07087475,0,0,0,0.04396099,0,0.24814687,67.61737022,10095.98536257,0,1.21241445,0,0,0,0.55604479,0.12360592,10460.22908183,554.32056278
"GMBC_015",2.74166957,0.26638381,0,7.07513218,0,0.09024081,0.04155948,0,0,0.32123653,1.64219672,20.29580614,0.22537619,1.34587712,43.06470432,0.18397067,3.83467853,0,0,0,0.17007685,0.4071529,0.48335076,0,0,0,0,0,0.03845757,0.42112048,7.5723525,0,296.77433952,0,0,1.82305051,118.80021142,0,0.00728297,0.89149152,87.35824186,0.81169223,19.36534527,11.47679563,0.57550593,0.12286326,0.81230147,0.03792786,3.61972759,1.13407883,0.01224843,0.01745785,0.09686871,0.10401601,12.03895695,0.10012954,0.00902973,0,0.16126345,0.0231594,0.00447097,0.01800694,0.05120289,0.79264576,2.30395496,0.02618248,4.37178438,0.01405726,4.3539583,0,0,0,188367.43911963,2786.07419416,3.64952816,0,0,4.36609254,0.03327847,0.76005898,0.47687275,81.30075671,0,302.24968209,292.65244487,0,0,0.96816298,620.54873321,1.25048533,24.32509609,45.94457791,97.0986911,531.68378611,207947.8627024,0.29268868,2.03027722,5.49324708,0,0,0,0,0,0,0,0,0,0,11.10425985,430.91005406,41.7062232,0,0.13086141,0,1087116.17818252,234049.65340247,150275.85093058,29589.91677186,19641.74699969,25525.86090945,29871.19133735,22.89900446,10647.19154657,162.75826202,2.16195697,33.42714693,0,0,0,0.55355828,0,0.47545993,0,0,0.78115276,0,0,0,0.09792016,0.10155673,0,0.03190841,0,0.11304304,74.37663843,0.08351455,7702.529947,0,0,17279.3452154,160.13700867,0,79.21553563,16.26324217,9386.36542606,0,4622.10963234,25027.35136243,489.61748703,0,0,0.78843621,0.28097822,0.35121806,85.14378924,1.29946618,84.01163773,31.45099469,43.41561113,39.49411276,0.20318523,0.33702619,0.03587018,139.62905169,75.35208598,1612.19919237,88.98374748,24.80105496,97.15427144,56.37675824,0.32495218,1.12728091,1.60963898,0.47013296,1.00556606,9349.31538462,0.94434685,0.22868062,0.30879109,0,64.80792972,0.13766793,0,0.64551065,5633.51241178,0,3.70868629,0,0,142.43337501,0,28.37405957,13068.07186419,4.6511326,0,14.37532384,27.91806118,0,0,0,0,0,0,0.40076328,0.39584922,0,0.26742783,0,0,0,0.05528876,0,0,0,0.04047303,0,2.97166143,399.55617318,7762.89494881,0,0.27906902,0,0,0,1.06864167,0.08669704,4042.22792087,271.01944852
"GMBC_016",0.85109005,0.38107813,0.11654606,6.23137097,0,0.45163762,0,0.14165264,0,0.02567739,2.46390559,17.94563094,0.99944893,1.76862073,59.50381531,1.38527999,1.84006039,0,0,0,0.15976312,0.12745215,0.5773527,0,0.01623294,0.10321253,0,0,0.01921202,319.62846511,112.66549492,0.05863609,339.07078484,0,0.16795832,4.64814338,19.21769104,0,0.08051167,2.77300715,92.76260541,0.41663073,9.86705941,10.10776544,0.7988475,0.99377482,1.30620945,1.03597592,2.03806474,1.09016612,0.51514162,0.0100479,0.07898943,0.02339592,10.95173135,0.09212278,0.00397888,0,0.15550841,0.01904497,0.0011671,0.02838648,0.15787414,1.60774758,4.40618201,0.07076938,11.04689486,0.06881505,3.21161141,0,0,4.47049618,78972.71231119,3026.56180798,2.333631,17.03972191,0.18650881,2.14759068,0,0.69015202,0.36257339,11.88001248,0,308.75982158,431.7229424,0,0,0.17752649,578.81293979,0.75198652,0.17167101,36.61807285,18.01201576,233.76774544,392140.3645797,0.168604,15.02759656,17.39670884,0,0,0,0,0,0,0,0,0,0,4.33492413,409.11910326,7.05701659,0,0.23733412,0.0394375,1304882.47063594,313795.97403122,78652.20499921,25692.91952808,17026.48425971,22076.9050659,34539.25997054,20.52841934,3273.39448031,53.79559019,0.15131203,8.8884914,0,0,0,0.39306932,0,0.2070456,0,0,0.54236699,0.00802205,0,0,0.06669915,0.12752262,0,0.09373391,0,0.20835093,22.58325808,0.21248496,11177.83244124,0,0,17484.1430662,177.6799036,0.68546241,110.91368604,21.52277827,21048.71075901,0,9472.45375626,21171.37110046,513.88904344,0,0,0.56095329,0.92939426,0.72575213,344.64908302,2.42374793,80.47160399,137.86901341,108.59347252,98.85546904,0.607437,0.20356179,0.06181763,97.24982631,71.30556996,1862.26130992,80.85967586,52.11755658,89.4090143,71.66867837,0.51790306,0.58598372,0.95938829,0.75736635,0.32950504,9504.99410711,0.92417804,1.6313001,0.27731416,0,14.35621616,0.45822865,0,6.59923922,5139.61017088,0,0.85617246,0,0,726.93296505,0,8.40290414,7550.08948839,0,0,0,5.23302082,0,0,0,0,0,0,0.16611383,0.04673633,0,0.05738152,0,0,0,0.02580268,0,0,0,0.03146776,0,4.28891381,560.77333599,7633.57675498,0,0.34681052,0,0,0,188.7997027,0.33106417,11384.03134702,98.06714194
"GMBC_017",0.44474413,0.53658355,1.93005338,147.1253559,0,0.40395152,0.07689437,0.50941812,0,0.57260634,2.61222947,60.86386271,4.8890332,0,2.75659756,0.3373597,0,0,0,0,0.63666848,2.12426321,36.11876075,0,0.08094411,0,0,0,0.02715268,1666.5731613,0,2.36254401,720.28824186,0,0.62237794,31.51047363,4.256041,0,3.31857304,61.83060379,29415.96271607,1.10497379,86.96992052,195.59493673,149.49990906,0.56896141,3.80536982,1.68949387,6.80086735,3.15407883,5.63722608,0.26430146,0.67566785,0.63069816,27.78989774,16.73012182,0.14889932,0,0.02402634,0.18170994,0.3249307,1.48463132,1.26915045,5.34150303,11.84300625,0.34931652,8.63669497,0.08818934,252.61732021,0,0,22.06896847,980697.20312272,3871.64254642,244.53043158,2.2953044,0.56582984,0.25904683,0,2.71763214,0.31632254,14.95410257,0,138.23934456,3281.64469884,17.79898437,0,67.08267635,1089.54008062,3.11048264,13.49924111,2306.91950678,9.013198,1181.69477641,7073.85127748,2.63026728,9.66157976,5.03959517,0,0,0,0,0,0,0,0,0,0,51.21620968,359.11664425,7.68773345,0,0.64583521,0.28993058,9351233.99157125,1591870.30205445,3139924.53590279,18124.4831581,4730.22824753,9869.05971508,84681.27510065,236.04219592,340.11062239,2362.86652831,51.11278212,21.16762446,0,0.08197159,0,11.44203137,0.44155422,11.50079735,0,0,15.48047273,0.72497536,0.0234793,0,0.34683043,68.83232002,0,1.01753541,0.02935113,3.99692503,9.06366706,4.10562612,16241.64479624,0,0,69574.6540843,617.96951474,92.68153735,104.75343769,49.12065468,8442.26593606,0,2976.02393923,92801.60641979,1503.09233433,0,0,379.68194684,57.82685184,9.54354892,3044.9824619,15.69047995,223.6880347,1665.64691974,262.93069136,314.96817454,15.06640306,1.04262558,0.38750245,287.62633552,176.90374091,4256.63150983,235.50267401,411.88492606,301.89598393,190.35267562,6.1620213,3.13388178,5.45830631,1.71641337,0.59187303,55254.75130214,13.66976264,3.9177095,0.61294988,0.23498684,13.26675638,0.1935317,0,4.63959107,21473.80911478,0,27.29443819,0,0,1607.21423377,0,8.85365911,21619.14297715,5.95845139,0,25.31971582,28.29865913,0,0,0,0,0,2.07488554,7.2040151,6.67695057,0,11.9808951,4.40609654,0,0,2.81301006,28.08625331,0,0,0.94707572,0,30.37103549,2388.16485174,37745.16609288,0,155.87977958,292.3438808,0,0,92.40915389,16.14181243,5939.06792875,620.79279887
"GMBC_018",4.42287232,0.53925217,0.36471444,29.25076395,0,0.07178763,0,0.06378825,0,0.57433286,4.17300291,3.08028167,5.45714589,0,2.96395182,0.67262657,0.50330883,0.00211976,0,1.19842109,0,0.17245395,0.45833357,0,0.00854557,0.08945596,0,0,0.02362087,69.40343907,13.49536,0.52351927,881.72439653,0,1.34056356,9.72203399,45.02186481,0,0.03133374,1.73489885,92.45854658,0.23707041,13.12924542,20.14124455,0.18591671,0.05269183,0.66492672,0.03071113,6.73022325,2.45864124,0.02833498,0.00143658,0.09048426,0.22118416,10.74356583,0.14402576,0.00725778,0,0.02357966,0.01817956,0.00899676,0.06020249,0.0479415,0.81249357,7.20386565,0.01867515,7.60936709,0.02404342,2.07015491,0,0,0,460527.95121768,4356.39162891,16.23065708,0,0.34636348,4.11670209,3.06571907,5.60204371,0.70010041,4.04088432,0,386.44857847,469.93918197,0,0,0.76106139,1370.09158512,1.29701347,24.80535925,112.27850188,3.11057189,1465.75401581,200441.6929814,0.60664899,6.50556214,13.4525773,0,0,0,0,0,0,0,0,0,0,3.04620775,268.18500857,1.09831713,0,0.17430329,0.24399457,697218.58886352,135860.23425209,13619.6136794,24260.59234804,18271.37559487,24229.4219831,17692.47628452,51.36204562,3867.82384498,65.77962948,3.39771069,4.64460293,0,0,0,0.29030972,0,0.20342561,0,0,1.0664001,0.00572325,0,0,0.17126435,0.23289228,0,0.00821015,0,0,56.25774889,1.8331898,8207.24625292,0,0,27995.32300561,277.39993403,0.13370587,31.92541941,17.44447806,10092.7079786,0,4908.95952465,34314.53186463,615.23197672,0,0,0.36639695,0.11479415,0.24510334,31.45517226,0.45945125,76.83651982,10.21909998,10.85064853,6.43821464,0.15058583,0.12195916,0,37.59481199,68.95537651,822.55114242,85.37036523,19.96458014,97.06788165,37.24060789,0.24226455,0.49540405,1.00440717,0.30662932,0.3320742,12917.5102409,2.73236255,0.41131354,1.37779502,0.12177967,3.30582546,0.98899129,0,4.18700237,7134.40962643,0,0.90904246,0,0,637.93514044,0,109.65505605,14320.81813694,0.2917199,0,0,10.70889674,0,0,0,0,0,0,0.11938458,0.04161126,0,0.16198581,0,0,0,0.01286854,0,0,0,0.02244515,0,4.62752016,582.56379455,11173.71488523,0,2.6077123,0,0,0,0.09413828,0.10446225,6625.74709023,635.80216372
"GMBC_019",0.15488112,1.33196848,0.59380732,29.41720507,0,0.1304406,0,0.07293716,0,0.45152593,1.85230831,11.45150676,0.30384772,2.04518469,23.36329431,0.2544604,0.41714015,0,0,0,0.35899959,0.12777699,11.89419523,0,0.02704427,0.19516674,0,0,0.02154457,355.24102614,76.44422391,0.83612055,70.91664813,0,0.19622806,8.03838999,1.93585504,0,0.02745189,21.38846882,310.07467958,0.26963748,14.35819585,10.63890737,3.00653272,2.89573019,1.00165794,0.61610969,2.8159042,1.58077369,0.34917688,0.07113713,0.14057656,0,17.86063803,0.34118462,0.00555084,0,0.23297642,0.03850873,0.02863185,0.31034322,1.30808974,7.1457598,39.60110015,0.35424005,28.28684427,0.14920013,441.64354346,0,0,0.31546028,69022.49627948,868.96679601,412.81335743,0,0,0,0,0.36405971,0.25600415,3.73737467,0.15865838,62.03272214,693.47618108,0,0,0.35711117,760.75765778,1.7063158,0.62044246,970.0128225,6.44908009,373.28874942,818214.91857532,0.20294454,10.61894479,3.60794731,0,0,0,0,0,0,0,0,0,0,7.76431279,388.81514336,1.37657297,0,0.1343481,0.36792045,3415858.2825652,1444103.82650578,1408794.76730994,63656.05232567,35131.4689069,47721.14912103,94570.40178575,92.14822987,6518.09289529,1623.78777957,2.09284391,2.70770437,0,0,0,1.6975688,0.1257067,0.51277685,0,0,2.07980913,0.17268819,0,0,0.0760105,2.78259132,0,0.39086433,0.01584942,1.07033289,5.56459519,8.7210638,17565.99144224,0,0,24102.41794794,169.99724035,2.61303429,178.30243474,29.07624577,10526.48328021,0,7003.53669693,42229.10423003,724.34915828,0,0,1.84081861,4.89115839,3.20903697,1015.32283141,6.84956787,115.52804374,287.17162599,400.39642203,158.28144429,5.21056445,1.09393658,0,75.12052794,108.60920865,2709.61191754,144.44650876,150.80097129,708.18174947,346.76533856,1.91939226,1.23307525,1.86187458,1.3004409,0.8454508,25124.49296449,2.27927658,1.68561922,0.13095754,0.27565188,1.58433447,0.46822048,0,5.61949975,11549.46907544,0,1.51135737,0,0,317.8726692,0,5.51914372,11472.89291231,0,0,11.76581296,31.48536722,0,0,0,0,0,0,0.8092915,0.16877804,0,0.84423099,0,0,0,0.12964805,0,0,0,0.11401183,0,7.70427302,1010.25697624,19015.55622257,0,20.5084593,104.35611508,0,0,275.79971902,0.7866032,17117.50526961,184.34240751
"GMBC_020",2.64818506,1.04778579,3.62749023,57.05439884,0,0.02149034,0,0,0,1.15601237,2.10010341,13.05033081,0.44184295,2.144987,16.36211311,1.00589925,48.9476699,0,0,0,0.17044206,1.60697666,17.87712259,0,0,0.13587662,0,0,0.04348799,3.89808924,37.46284734,3.80041043,962.52018231,0,0.56870013,7.26604424,13.93614124,0,0.05149606,40.8494709,422.54443698,1.26093261,31.71320393,9.5584845,0.90786617,0.25428384,1.36918674,0.02839358,1.49217647,0.79902222,0.07996954,0.03395662,0.18881026,0,21.20499716,0.15094462,0.00794949,0,0.06248989,0.03600094,0.01398845,0.13787359,0.29007726,2.78185331,19.81059883,0.30843909,10.51894262,0.17773314,533.90307431,0,0,2.77631018,122438.04393124,1969.81458469,320.33748137,0,0.15428489,12.08247108,0.03025921,0.3992759,0.33043311,3.8362716,0.1833007,357.13043385,2486.64727055,0,0,2.67982838,596.32184063,2.49146513,9.75427346,510.14863614,47.39626128,234.34317097,255730.85048103,0.76194365,7.66896,3.72848182,0,0,0,0,0,0,0,0,0,0,31.97886221,828.96943417,0.77699366,0.2143756,0.13633358,0.20539004,4935175.42822911,1196545.69125934,1188308.34670602,50134.45588932,25831.87140349,33189.39664849,84111.59151105,133.77115837,15103.1829957,506.06260836,1.08843104,8.96989423,0,0.06864072,0,13.09436785,0.19101601,3.76056512,0,0,35.76176063,0.29354996,0.04998575,0,0.55209828,21.09544217,0,0.17035803,0.00396194,0.84125997,68.44221393,245.42854695,11495.0444142,0,0,4637.16520801,389.95892735,2.31081679,321.74796389,29.56724618,10031.45656442,0,3143.74182625,6680.68434068,966.95252845,0,0,16.95817517,5.22305055,9.10529727,1607.34192667,20.71944095,167.0436706,460.98544179,334.05778243,503.64590914,14.66379351,3.14604759,0.13827101,256.11820625,136.50467444,3834.77034114,126.40551333,337.78795111,527.93131339,921.71938644,11.20791416,5.23646153,14.82611172,5.51399037,0.74317447,2984.92598608,2.65266396,2.19787129,0.16846362,0.58107589,3.364402,0.15148666,0,1.3176089,1924.94992792,0,1.13339916,0,0,748.79958146,0,7.48125106,2536.56772018,2.03007682,0,13.83763875,9.41205126,0,0,0,0,0,0,5.33649421,0.96019428,0,15.03743711,0.1113367,0,0,2.8242445,1.22065555,0,0,0.07829908,0,17.79963524,168.91693584,2948.12083863,0,12.27393974,22.19345045,0,0,22.47844205,0.38405154,7379.85869564,219.02713424
"GMBC_021",4.70992749,1.23521214,0.14229534,89.31400588,0,0.36209334,0.10975554,0,0,1.15615461,11.67485143,0.6482315,0.96180999,0,9.50626794,0.36224648,7.76187164,0,0,0.22636899,0.17798749,1.61168357,5.91596052,0,0.15390336,0,0,0,0,2117.98565122,103.57805277,0.27261321,1805.83130236,0,0.73738104,7.84875156,0,0,6.38005263,36.15906063,1447.06434525,1.08364485,41.48075575,77.30595271,1.36118821,0.74694617,1.42879983,0.32255178,16.0572104,6.16073347,0.03676325,0,0.16264864,0.44540835,19.27022805,0.23387531,0.00562016,0,0.0055751,0.03373708,0.10236689,0.67615858,2.64002963,31.06107798,70.32062255,0.4977035,54.98702204,0.27194156,126.94579026,0,0,0,1169895.55029651,6494.975297,24.68371491,111.51184138,0.2728568,0.28041174,0,1.07945187,0.18827527,9.21006719,0,886.27651238,5294.16850664,0,0,1030.89994667,9345.75307727,2.04373878,14.98710428,1814.95466048,32.57065967,4262.7939991,186110.36794466,0.79183929,45.4061346,18.12582283,0,0,0,0,0,0,0,0,0,0,2.81362953,520.89782138,1.46775499,0.23663952,1.07498469,0.13171006,1527369.79013282,364091.99749506,124257.51037799,49514.87368127,33243.43888228,45041.88011752,40191.18450119,375.52814957,769.78078161,1509.96949263,1.50317239,2.9452525,0,0,0,0.94650587,0.61982899,0.53142381,0.00955404,0,5.89780751,1.06364602,0,0,1.17048129,1.41616773,0,0.21945451,0.06850967,0.46925922,73.23680673,3.08912182,17199.53272511,0,0,93688.1657101,519.02628788,33.80756665,26.42667691,56.23907463,9670.72379714,0,6140.40417533,107133.85144183,1830.25588154,0,0,848.05165142,1.79913543,2.89079514,407.07125777,2.82531615,139.85346484,338.04110663,65.86339912,27.12679392,1.69266725,1.00133692,0.61907255,437.64032367,115.45065729,6078.39326425,225.19875094,165.94995583,583.85974465,184.17973533,1.84425083,9.78107897,14.23658777,6.11346757,0.34147898,47625.3748362,2.01020017,3.25119506,0.96635685,1.03056972,127.75645226,0.70579038,0,33.86926687,19450.52923906,0,0.95223803,0,0,1536.07487603,6.74829982,79.17937213,52335.91316876,0.78432564,0,20.60901187,78.91999861,0,0,0,0,0,1.73184028,1.35223846,0.38414885,0,48.11962067,10.37810019,0,0,16.60474495,4.32084046,0,0.92956176,0.16075286,0,70.89879167,2665.30590177,40600.98241171,0,1.65324665,15.01583121,0,0,798.14010541,94.47007034,15216.89532205,6335.38675241
"GMBC_022",1.83591804,0.18511087,0.06635067,43.98018934,0,0.07925641,0,0.07003935,0,0.06572882,2.62419721,17.37817569,0.75317554,2.87794767,24.94394245,0.31029803,4.20424753,0,0,0.12114649,0.17551876,1.19332361,0.27650798,0,0.01967858,0.01776869,0,0,0,1.8572624,1.60164901,0.10618666,470.75872857,0,0.3326248,5.17335548,23.7903683,0,0.04362238,1.29971675,271.72252115,0.25774461,4.94621661,8.50310369,0.29306128,0.22577782,0.50346279,0.11713208,0.95611289,0.35870076,0.01428588,0.00728895,0.07102565,0,9.25723339,0.14397922,0.01862665,0,0.08566593,0.01716262,0.00559219,0.02701352,0.12610567,2.24014025,5.85642283,0.03666421,5.32198139,0.01701693,2.30520696,0,0,0,350172.80391525,1878.18586998,2.16759092,0,0.0466281,0.61422947,0,0.25944722,0.31698052,23.53358854,0,184.61898087,1183.49534761,0,0,0.08614545,549.22272992,1.05406444,11.92077265,236.13115278,120.27115716,1246.33799478,4703.4281345,0.48400368,2.4719855,4.63641485,0,0,0,0,0,0,0,0,0,0,2.76480595,350.492856,2.44638475,0,0.22831483,0.0592696,591223.81342155,120020.65740764,103980.172202,23068.68360632,16046.13706798,20932.12793406,24140.83726836,10.76925813,16184.306153,333.72867087,2.24006565,23.68238148,0,0,0,0.52173674,0,0.30716759,0,0,3.71979984,0,0,0,0.3066831,0.18438044,0,0,0,0,81.92007468,13.36209074,3670.66762148,0,0,29257.44789884,280.83083349,0,92.11923405,13.22205824,4554.24346384,0,3116.43222171,39223.50890125,516.38641309,0,0,0.21309106,0.54223846,1.04747116,172.50809284,1.92438102,71.25807818,53.42877817,34.54531464,27.00544265,0.28572347,0.92559366,0.07738359,80.45533183,58.12815795,685.1881867,43.50239224,53.45234325,182.55279455,47.90474242,0.848495,1.95052898,5.42432426,1.15818832,0.34819915,12848.42367505,2.54193077,0.26698925,1.5138337,0.07341696,79.44338157,0.08098494,0,0.30596405,7209.8194968,0,0.40952243,0,0,180.38176182,0,18.18116258,16415.2880233,0,0,12.1451703,7.30919085,0,0,0,0,0,0,0.17400785,0.10002817,0,0.50151765,0,0,0,0.09721746,0,0,0,0.01972114,0,2.65495716,436.31373088,12127.16443928,0,0.23345517,0,0,0,0,0,2020.45354982,318.16266083
"GMBC_023",3.87844315,0.33502743,0.11518092,14.57075415,0,0.01270283,0,0,0,0.46323198,4.22862049,67.23646551,3.17570507,5.43917834,109.36340566,0.77474276,2.24273056,0,0,0,0.23449588,0.30026473,1.70956174,0,0.00776924,0.23282566,0,0,0,8.94864474,37.65741546,0.1896797,348.11243078,0,0,6.32158894,132.38077113,0,0.12481568,3.6651437,745.45599635,0.55964814,25.20289742,5.73485446,0.81686266,0.55176003,1.62888042,0.13024312,5.82531841,3.95232839,0.01295624,0.00950851,0.12192845,0,20.61895491,0.20312721,0.01719422,0,0,0.03845944,0.00864306,0.01896633,0.1271435,1.58347955,5.84977539,0.08417165,5.49081129,0.03551291,16.86087653,0,0,0,288169.79064779,3374.22665416,9.45548977,0,0.59092467,4.53705661,0.90423372,0.5239007,1.8266217,54.67345597,0,299.03525165,1082.12982843,0,0,0.30010572,1206.177257,1.60949613,40.09537832,1515.21858835,324.79359195,1766.96094682,201282.5199337,1.265649,14.98148249,6.3070188,0,0,0,0,0,0,0,0,0,0,21.67633371,593.16868675,1.83221763,0,0.17916621,0,2088030.68822173,659637.21915569,677682.8891366,66460.38883086,44635.4301606,60811.73998748,87921.95514431,61.45570401,43588.91809714,529.95680535,1.13457834,17.84751309,0,0.01410843,0,2.17225014,0,2.62332627,0,0,2.68070861,0.06046111,0,0,0.31844733,7.61785171,0,0.09772918,0,0,186.81782522,1.2086476,7055.39980254,0,0,51949.93140373,393.52601846,0.99523204,209.80852627,20.38961967,22518.60058944,0,4040.82704084,65924.67635806,908.10267012,0,0,2.22842205,6.34933802,12.46903368,1411.34599658,10.52558684,157.6662164,773.81375656,534.60965391,358.10744585,20.69551537,0.90499162,0.11216621,173.84200249,124.24446082,2934.31615732,157.62210835,600.32868239,431.9279178,1141.69916339,11.85216784,1.51623597,3.08996069,4.09339962,1.25019683,22312.45596789,1.93181715,0.93426642,0.4171292,0.17242568,65.60605868,0.17765374,0,1.34602237,14714.61646085,0,0.99200144,0,0,210.63461405,0,24.01936415,27796.47464177,0,0,0,59.08433099,0,0,0,0,0,0,0.63559761,0.30551056,0,0.61898211,0,0,0,0.24575277,0,0,0,0.04773754,0,4.84501034,1243.75342679,21502.21976353,0,0.97259005,0,0,0,3.20914167,0,9500.686769,443.73233921
"GMBC_024",0.74322386,0.46192713,0.39700383,0.9963215,0,0.0318667,0,0,0,0.21785929,0.53788095,14.68077715,0.04515446,1.24003583,36.64047079,0.05665003,0.82149201,0,0,0.40774112,0.1497665,0.06151471,1.76291643,0,0.01350604,0.08039292,0,0,0,2.17979663,19.55687236,0.44390115,195.84064783,0,0,1.53929915,0,0,0.06443473,3.69102786,77.09019078,0.40146742,7.28699736,15.42363305,0.20838851,0.03990365,0.48541056,0.03318423,1.58464748,0.65700129,0.02306997,0.01918868,0.07523499,0,9.78231906,0.05982176,0.00807917,0,0,0.02274199,0.00382729,0.01822523,0.03983998,0.45122123,0.84735966,0.01592359,1.11431559,0.02207508,3.67698182,0,0,0,51733.46315868,1612.62070631,7.79436271,0.22100471,0.23794558,4.7353111,0,0.21849877,0.28213386,8.62442494,0.24307579,419.97686679,78.61121079,0,0,1.01235341,427.76389724,0.8071719,1.81128031,99.49683895,38.94257555,149.28440888,342299.9369719,0.38553835,0.97717969,2.03475165,0,0,0,0,0,0,0,0,0,0,8.25183184,362.51602515,0.98617236,0,0.07887728,0,812897.53312639,134392.30053789,20370.0917064,16479.66699597,10403.04445376,14730.91722728,13182.45945758,16.70439655,3986.14358744,100.08114719,1.31653283,14.5853672,0,0,0,0.70677726,0,0.33635089,0,0,0.97613227,0.00753751,0,0,0.06419605,0.23596397,0,0.01880657,0,0.08066609,12.06665259,0.40972513,10255.08774367,0,0,19329.84305228,112.84457974,0.36559267,90.21765335,14.51493969,25295.12173936,0,2173.22729783,24074.33572624,327.09997871,0,0,1.34915077,6.04307241,18.22170006,207.36144009,2.27577836,78.5738972,249.36005114,42.2685093,20.0873747,1.14492452,0.45645999,0.06151132,268.60356338,64.36049491,1177.25990703,64.92083109,254.97669579,142.28255327,55.57399536,1.33601459,2.24447306,3.49958479,1.07429292,0.62734142,10325.85581271,0.40871587,0.03665991,0.20253073,0.03150597,18.43639802,0,0,0.33894777,5352.89059105,0,7.25236404,0,0,162.98048137,0,21.97524636,15660.45737785,75.21700741,0,11.00835943,12.19310463,0,0,0,0,0,0,0.10406681,0.03252858,0,0.08708288,0,0,0,0.01924876,0,0,0,0.03000547,0,0.09257958,281.80333846,7579.51772902,0,2.7807535,1.53130285,0,0,0.2616733,0.36910756,3977.96032968,34.41873588
"GMBC_025",2.25835156,0.77555462,94.71447275,251.9787357,0,0.53847848,0,1.33538585,0,1.43307265,4.09453503,23.18491565,3.87284441,3.05793405,57.60333057,0.77329518,2.83625514,0,0,0,0.19567833,1.15012324,567.5977,0,0.00780062,0.24508573,0,0,0,861.9167578,0,89.0534732,975.39618517,0,0.62937974,61.47649694,2.17226315,0,0.68910569,550.73334577,631.92523727,13.09802588,45.80395298,38.09507376,3.99288268,1.42315596,1.34875737,0.18734286,1.31583331,0.64702772,0.0649498,0.01750062,0.19488265,0.28244079,22.32300476,0.33250031,0.0053184,0,0.06995902,0.05054003,0.01495049,1.50160467,13.87163643,62.24162654,101.00337755,1.3741819,20.86417867,0.70602609,1260.45747504,0,0,61.63445632,924590.86086262,4710.84016398,2557.87140613,138.5822883,0,0.39334124,0.2097904,0,0.37712301,6.165292,0.44891917,230.01246998,3527.70459748,0,0,959.83143007,1678.7681568,3.92988663,2.55708509,1462.70236153,25.4054679,2277.1557422,58137.60497051,1.65410349,33.35099253,5.71786972,0,0,0,0,0,0,0,0,0,0,148.7512262,434.10156496,2.24137178,0.10505733,0.85204224,0.45965531,3039902.26212331,1389042.15402386,859817.86243939,45423.23480799,17633.03612865,26126.97299433,86181.93672969,116.6798128,1664.40225485,66.91825467,1.94597764,30.79619877,0,0.05948777,0,4.75847561,0.43673042,5.09964785,0,0,6.30617552,0.36612548,0,0,0.34433259,2.8936526,0,1.48954828,0.14219308,28.60971038,7.34080855,2.97970634,25531.68630917,0,0,86198.87054341,187.31186862,71.40718528,81.22938062,38.44954739,8128.2219581,0,4452.83899238,103095.04562437,1066.72128957,0,0,1694.84351037,9.23122286,5.62095436,558.04042696,64.19029259,146.19479969,223.66981776,43.89161237,51.75780894,1.95640935,0.90859947,0.06421092,159.55331713,143.2771621,4076.21114011,170.10205498,96.28640887,86.00468289,46.96074107,0.7554027,0.8617022,2.28814824,0.70228251,17.02572102,48931.29002932,36.43928712,7.7968913,0.19277687,0.15895864,12.77841206,3.90092224,0,3.10713917,21931.52365176,0,19.07835025,0,0,647.63760635,1.23611519,10.3850959,32509.04848249,20.83693281,0,0,9.63942738,0,0,0,0,0,0,0.45950314,0.28283784,0,0.29270411,0,0,0,0.09357017,0,0,0,0.13277307,0,46.41036703,3119.05706367,34398.21057729,0,1062.29579094,896.2425378,0,0,447.109944,437.82880025,7867.08057508,779.24664352
"GMBC_026",0.17487054,0.46478274,0.22561324,30.74560912,0,0.06874269,0,0.04193241,0,2.48507016,2.21078483,7.64382178,0,0.7891124,133.25817202,0.31608162,1.2180961,0,0,0,0.2044624,1.9376052,3.07344716,0,0,0.866548,0,0,0.0293591,523.77344449,12.00431907,0.41146057,601.547071,0,0.47846152,3.69453676,36.43066768,0,0.03396554,3.43107868,896.07006091,0.57436047,11.77215675,5.95327239,0.2765663,0.202445,0.57601759,0.08272881,0.86134029,0.36464589,0.04724154,0.00787931,0.08233693,0,11.46774677,0.09451618,0.01692401,0,0,0.02367618,0.00306769,0.04825007,0.53511057,2.99544277,5.82607106,0.07614013,2.18258321,0.04254562,8.14520234,0,0,0.20928824,396450.67331119,1959.19413736,16.72992329,0,0.92473099,0,0.13227737,1.11758465,3.62997573,1.85031112,0,265.00455496,1653.80890652,0,0,2.24299939,956.46928831,1.13070848,1.13103895,33.50378556,5.13571947,1844.01059326,80080.09301716,0.81633215,1.85719318,4.66646201,0,0,0,0,0,0,0,0,0,0,15.84013286,308.99790985,1.93546336,0.23060249,0.10643157,0,1235392.766204,344716.64404715,225762.51308211,73584.52855074,55835.40197677,61903.84260571,43458.70043905,33.94830479,16269.03034725,580.30276598,0.774639,50.37004396,0,0,0,0.62401067,0,0.72977519,0,0,4.74996006,0.01088396,0,0,0.45017597,0.1360923,0,0.02043402,0,0.18957565,186.49773559,0.25589205,2447.36173149,0,0,60219.79110545,318.6112468,0.1393515,190.81971996,17.66828978,10981.97013387,0,1878.86177171,78988.64345823,726.80563868,0,0,4.33100656,0.27102128,0.28486883,45.31250645,0.6513992,79.07391128,19.08005237,6.95185786,23.99775121,0.29772982,0.10527303,0,31.89695821,69.51482883,303.92192202,35.14203154,13.46780632,95.03453974,43.96718231,0.20151134,0.88147782,1.53147253,0.99844204,0.4740501,23681.60171585,4.19783331,0.76389002,0.59499789,0.07469643,2.40062652,0.08392742,0,2.46083391,11301.21725079,0,2.21569677,0,0,516.21259604,0,5.34897875,23722.48599152,8.01070593,0,0,42.99171452,0,0,0,0,0,0,0.37431524,0.16528154,0,0.3322194,0,0,0,0.04517526,0,0,0,0.02071401,0,7.79414217,1200.10870737,19375.68660977,0,6.45874171,0,0,0,0.71848045,0.79446835,3786.37885968,251.77977124
"GMBC_027",2.64270968,0.27912787,0.06936376,22.86050195,0,0.02810925,0,0.01836024,0,0.31955526,1.74985306,32.06558427,1.47932091,3.02755555,56.0381554,0.24245555,1.42780593,0,0,0,0.09454467,0.1849622,1.10095444,22.87415927,0,0.31433972,0,0,0.05083636,1.93385916,24.30111144,0.0610727,108.72482274,0,0.27996337,3.14976599,0.28722456,0,0.01735324,4.71055923,705.09391234,0.42349394,4.88542699,7.04152602,0.64529835,0.41649937,0.74550755,0.12140447,5.31509052,1.59392137,0.08021293,0.00840106,0.09276092,0,14.46328009,0.16886526,0.01767805,0,0,0.02483046,0.00257084,0.02001391,0.17650313,1.11742983,2.29176453,0.04766721,1.4588166,0.11983957,42.33056161,0,0,0,66556.38626271,1429.01711299,14.37639321,0,0.12875212,1.93905403,0.48779802,0,1.06506015,39.70384992,0,82.57774372,1090.96928069,0,0,0.55986365,272.3642561,1.64616291,0,21.889132,222.65796288,217.83176758,349245.95825945,1.54858615,2.67323061,1.37360128,0,0,0,0,0,0,0,0,0,0,25.3027452,575.09848398,0.18240172,0,0.25463712,0,2536784.10717423,532956.33239333,610189.19659274,68869.79001228,46879.4188245,55302.62362454,87674.42026681,77.8155299,44628.87183486,819.39476736,2.5596174,20.35318994,0,0.01891026,0,1.24648858,0,1.14914284,0,0,1.3323148,0.00403779,0,0,0.2221453,0.31117145,0,0.15667608,0,0.11895422,101.09789221,1.84064613,17503.63190086,0,0,22756.93528958,429.23836477,0,253.43077085,16.85956135,23094.33598936,0,2188.74712955,35835.71322693,839.63875125,0,0,1.70613635,1.10523015,5.10763224,431.50648034,3.34484088,112.68079311,61.72661625,109.7718651,107.03237769,0.85056288,0.53287183,0.07271849,24.47893714,86.55618373,283.11400889,19.37403107,41.10895741,102.74460504,95.40068331,0.52425219,0.77269095,0.7555947,0.86579451,0.32871797,12553.41346061,1.17441903,1.53362262,0.46768806,0.17213734,53.74821939,0.1414413,0,3.69494324,7996.67204949,0,1.23292282,0,0,365.08325758,0,2.47607376,8879.25987916,6.61447578,0,19.86001528,7.75176072,0,0,0,0,0,0,0.48809284,0.17812091,0,0.41069713,0,0,0,0.07277979,0,0,0,0.03878889,0,5.68471935,638.41579233,11840.508641,0,1.48806022,0,0,0,0.39139093,0.2256307,4478.81128438,95.92354976
"GMBC_028",7.18499534,0.3657273,0.19386486,7.15323525,0,0.06854022,0,0.11087224,0,0.13481647,11.6690966,0.30960642,1.15225206,0.42491093,2.86857251,0.03543376,0.96446711,0,0,0,0.17341199,0.25386546,1.27065238,0,0.15565518,0.02948121,0,0,0,358.00091118,225.45060192,0.25069737,537.77576701,0,0.36142559,3.22663217,0,0,0.04674558,6.02172116,1558.26814366,0.50355032,9.4066978,11.91919567,0.62718465,0.63200958,0.66949977,0.20680506,3.94786738,1.09636571,0.11305488,0.00640547,0.10196548,0,13.57438673,0.41226839,0.04580279,0,0,0.02843949,0.01036887,0.02817133,0.07883238,1.14703468,3.44751325,0.07401166,6.4186656,0.12316231,8.92904651,0,0,0,152876.89148818,2614.67615943,6.56690662,0,0,0.49774142,0,0.66789927,0.79587696,17.28530638,0.15813485,574.06899653,529.65015611,0,0,0.21748326,423.84679169,1.49421928,18.39124782,51.6752649,88.30202997,552.81899425,387631.66870543,0.47218563,1.84741044,8.78725853,0,0,0,0,0,0,0,0,0,0,9.76692129,583.83507939,0.69982756,0,0.21035199,0.01701526,2575838.93552314,502973.02769159,334167.42237066,60756.71740586,39477.95283464,41327.72602226,61034.27885927,132.56271181,39791.90081615,580.00663262,0.63989284,16.90587712,0,0,0,2.62752472,0,2.48869114,0,0,2.78369355,0.02180461,0.00186717,0,0.14102184,0.21343911,0,0.03894219,0,0.18942224,30.02649629,4.06372566,9182.23711561,0,0,44151.31526766,180.13136115,0,243.65168241,24.22268659,11608.90995527,0,3590.03044217,52666.77511836,558.95500594,0,0,0.44585125,3.7606286,15.48049629,969.80789183,8.29047519,98.40760561,339.23216484,402.67474802,112.571717,5.62679193,0.63561121,0.19131086,299.22004022,87.20946609,2931.01934873,136.21571912,120.16089885,415.61149608,182.12611023,3.21336596,23.42463564,18.11120713,24.53563736,0.76245142,21509.53472062,0.58791615,0.58326995,0.14943188,0.29399364,10.7600604,0.18036322,0,1.73136353,9979.52110736,0,5.05633435,0,0,800.27750039,0,210.16174778,30686.81442784,2.7488922,0,18.94267628,18.28828371,0,0,0,0,0,0,2.38304448,1.30854003,0,1.86080034,0,0,0,0.24539597,0,0,0,0.06741305,0,6.37542439,182.32081922,14822.03633114,0,0.61143527,0,0,0,0.16758401,0.06502541,12582.28354313,233.03718594
"GMBC_029",7.18002804,0.38805644,0.33434713,5.40326897,0,0.05506622,0,0,0,0.23473565,4.52510111,12.58273376,0.16374981,2.12094327,14.69692577,0.05615533,0.3700189,0,0,0,0.15221754,0.5399986,7.92481502,0,0.0058602,0.20858111,0,0,0.0998973,259.83603018,15.01560185,0.34668816,605.30140758,0,0.27280526,3.29582113,47.19963907,0,0.01269218,17.49338744,245.50689913,0.25322137,10.28183523,12.85788927,0.28511697,0.1271909,0.93887325,0.07401233,1.73209776,0.54461229,0.03954698,0.00940107,0.10247192,0,13.30162123,0.18078067,0.01230845,0,0.04013056,0.0265429,0.00468517,0.02335489,0.05620769,0.59946729,1.8869731,0.04117847,1.6227872,0.04465565,13.40896506,0,0,0,58007.36055507,2558.80383644,9.14715154,0,0,1.8911945,0,0,0.3463516,27.6290773,0.4293804,575.84958567,325.51302572,0,0,0.18806629,214.10973209,2.57714646,3.02143596,17.74370438,88.59274761,1257.00625783,327652.76078424,0.11961576,2.93630248,8.79355321,0,0,0,0,0,0,0,0,0,0,4.06387808,394.04167417,0.14867449,0.72897999,0.07449627,0.04438647,1877712.00667413,294286.12055624,210634.02435019,33949.61537472,20761.26519508,29595.0685186,44525.29080941,41.9586731,34554.61989263,358.67406565,0.94019934,10.96937508,0,0,0,7.01638196,0,2.08398139,0,0,17.62970381,0.0537505,9.332e-05,0.01066941,0.11966073,0.56370886,0,0.04586688,0,0.14484878,33.62768012,0.47569351,7865.35071062,0,0,17049.76666614,167.19087148,0,45.86026602,20.85817098,8323.39959294,0,1856.85336663,25039.85778895,430.42403069,0,0,0.64959872,1.08261821,1.92990938,153.89321319,2.53843155,103.92372255,74.09715152,236.78893261,61.98371294,0.31891351,1.03832516,0.15624963,35.04812941,89.62477214,369.43325793,43.85450874,30.13253114,111.69967868,27.20753998,0.46304757,1.7135926,1.69207756,0.78634648,3.60720811,9760.71524377,0.83006806,0.03723208,0.84631389,0,25.74738809,0.26197926,0,0.78733381,5754.72200036,0,8.39288841,0,0,114.50472784,0,59.44981024,12192.97311488,6.20786776,0,0,16.59967587,83.75864106,0,0,0,0,0,1.27788343,0.85190509,0,2.98984492,0,0,0,0.17719611,0,0,0,0.03233087,0,1.61997061,93.1368599,7444.63960669,0,0.5399212,0,0,0,0,0,9037.09888771,69.29978729
"GMBC_030",2.74669118,0.35697863,1.05981642,65.21188492,0,0.10173227,0,0,0,0.43039526,2.85081548,22.31411676,1.75003929,2.52679368,105.93522569,0.29003002,0,0,0,0.21011481,0.21018395,0.18959634,8.78528644,0,0,0,0,0,0.00924979,354.26575473,20.40749105,1.0671257,1081.93056663,0,0.24290922,13.87824612,9.49927955,0,0.05419012,9.53600014,132.88759121,2.31392148,13.35235302,20.35286415,0.35330826,0.18724121,0.71251778,0.07789579,4.77425204,0.55271414,0.04540959,0.02059731,0.09617291,0,12.58801234,0.15681254,0.01309365,0,0.1528793,0.02429784,0.004047,0.01495866,0.07428882,0.72190757,5.25367773,0.06973144,3.85564577,0.03580383,7.50944753,0,0,0,41445.6559577,1771.3242433,17.59081641,0,0,9.78732557,0.22710945,0,0.02131498,7.83041318,0.25058816,503.9756294,1969.17332693,0,0,0,317.72139178,2.22018277,18.51270028,35.52005882,18.4239697,165.95462391,385937.59141054,0.5898498,6.1994001,6.69558614,0,0,0,0,0,0,0,0,0,0,22.86877648,376.8114636,0.82861648,0.2164223,1.07143417,0,1383698.95016986,305605.92135018,164388.64445932,24741.34909253,13754.78915567,17908.36362345,31922.42667983,29.79485119,22496.06628354,775.43225753,0.65748249,28.98688217,0,0,0,0.21727618,0,0.23360355,0,0,1.82346818,0,0,0,0.15912083,0.03403836,0,0.01868233,0,0.90094534,27.51398106,1.20348916,8898.58127009,0,0,27511.86097502,409.19347049,0.34424744,30.55766491,18.36131288,8764.9250145,0,3104.12493945,38812.12654733,658.65539712,0,0,0.05978345,0.45857519,0.39012628,133.96135859,1.08420236,97.3985849,46.30086088,83.46188098,66.04242171,0.21929935,0.24077674,0.0489531,37.57050021,80.30868202,671.65332041,69.22634404,19.04811464,89.29682188,77.63737058,0.1261263,0.74907219,2.79866204,2.40292044,0.97872226,11207.77700629,11.29649175,1.26590675,0.34032999,0.15082556,5.47253261,0.17686692,0,0.16927278,7455.76566839,0,2.16226233,0,0,151.10453413,0.02810033,31.40905224,15531.13734182,4.12633921,0,9.53871514,96.88585366,0,0,0,0,0,0,0.117352,0.11094439,0,0.14758514,0,0,0,0.01109269,0,0,0,0.01936989,0,34.82458014,252.33350265,11041.62717726,0,15.88242634,0,0,0,1.34789474,0,10716.82615726,114.40553983
"GMBC_031",5.06514954,1.12552952,0.19779997,25.8647707,0,1.72525849,0,0.25362015,0,3.17249865,2.86300467,44.82646862,0.35967966,5.13648943,81.2437181,1.65502388,0,0.01413801,0,0,0.13168033,0.27968562,8.93356547,0,0.03081679,0.06101304,0,0,0.0204371,602.00327541,5.22300233,0.29802445,291.4781772,0,0,6.01968761,4.46855372,0,0.18600567,35.77725438,157.11104463,1.16760987,12.31946299,8.23522416,0.78752644,0.43647741,1.5418665,0.14592839,3.0107032,1.3838261,0.05915662,0.02093061,0.07907412,0,10.82812271,0.16700594,0.05630792,0,0,0.02404234,0.01187496,0.06375578,0.15093795,1.33731517,2.95818731,0.0634099,3.75115804,0.04262241,142.2003567,0,0,0,371632.13218767,2663.90809445,80.62566574,0,0,0,0,2.64064618,0.34374757,2.62724338,0.18987992,169.33147384,768.55287981,0,0,2.18724687,854.93529455,0.93146935,22.83456727,434.31444044,6.90109973,416.86734916,369931.55794808,0.84466048,5.26665864,21.80547386,0,0,0,0,0,0,0,0,0,0,30.71230942,450.39149865,4.58197768,0,0.71040873,0.28167407,1625581.69310118,456297.38301419,367496.82361777,58033.66832261,39563.62127221,48405.21840217,70625.37003132,28.75188194,52162.78408702,1093.12280223,0.60059414,21.28755015,0,0.01626813,0,4.66063591,0.15483085,0.82266923,0,0,4.11816087,0.16166544,0,0,0.09830447,1.6634915,0,0.67099361,0.0221952,0.4508068,9.57485215,0.36466729,7419.01346671,0,0,21547.14594635,200.6661695,4.52544064,39.79321577,18.22102835,7637.84533684,0,2412.54775245,31413.08824903,603.3155086,0,0,3.54361326,6.87487739,4.35453725,1211.63846405,12.6736531,82.60443318,339.43420951,323.53541029,381.63849096,1.84938206,1.01531356,0.12588871,101.45071714,71.66013222,1411.57895897,80.42014528,96.45627162,261.14926022,291.13455544,0.73890677,6.26403765,7.94924318,1.99264745,0.69285892,12084.81102096,5.39939503,1.21263517,0.20334584,0.13108559,4.08861366,0.54115241,0,3.18022365,7423.20833332,0,1.50664178,0,0,2081.70732363,0.04098836,10.58399414,9342.70488742,21.20796604,0,0,64.30951133,99.38606176,0,0,0,0,0,6.5128985,1.12106256,0,5.00805117,0.10290423,0,0,0.23499774,0,0,0,0.5773865,0,5.00261042,502.51745112,11006.52591616,0,9.16873937,41.68980803,0,0,19.42884402,0.97984052,13525.23279752,387.16394481
"GMBC_032",5.10291437,0.42868038,0.11358928,14.22914477,0,0.33568186,0,0.23369494,0,0.96619511,4.91452088,38.23959955,0.4891811,1.83858337,23.99516184,0.74464796,0.9170234,0,0,0,0.29685236,0.68064278,1.64559142,0,0.04831639,0.26457673,0,0,0.06043744,463.79010149,18.79822495,0.09686935,597.89475803,0,0.52283378,1.52034797,16.49443943,0,0.24127359,14.56404649,126.62541025,0.51786485,11.53233923,9.54539818,0.36599111,0.22463603,0.55222815,0.15582929,1.89256599,0.29802772,0.07761653,0,0.07752625,0,10.15903335,0.11378053,0.028393,0,0.02285143,0.02130764,0.00619203,0.02318497,0.07603452,2.51890187,4.30538497,0.03830672,20.42408084,0.0304108,28.0665158,0,0,0,667718.22291219,1764.56838514,7.48391401,5.3593715,0.06938044,1.90493112,0,0.4753592,0.26890706,2.29291577,0,381.48996561,707.92921701,0,0,0.20056301,2742.50311156,0.83439563,72.24475718,70.0722818,3.56876046,1836.84791212,189602.07739854,0.30246396,13.17117286,28.63338134,0,0,0,0,0,0,0,0,0,0,4.47338879,227.95431219,2.53023677,0,0.6061403,0.11469246,1216769.24642273,300471.3688572,104705.74338464,32687.97649837,24334.45387089,32280.85885485,44477.41253439,54.16885811,12861.2946967,459.57652289,0.4477304,6.34594912,0,0,0,1.02902962,0,0.57373413,0,0,1.98654766,0.00855661,0,0,0.29351107,0.13500779,0,0.15626408,0,0.27434233,32.21043897,22.03204347,14119.87212941,0,0,65979.27820036,196.8738632,0,65.05877936,23.3350391,6200.0627507,0,5878.03820936,81611.20490525,789.13086367,0,0,0.98025545,0.39733465,0.65127245,183.33981187,0.96976827,83.63306085,36.75923744,25.0509776,21.42405879,0.31537495,0.32481295,0,44.39715385,65.28574143,1582.03900052,105.09536096,98.94416448,177.50779812,47.57954359,0.3776035,1.87530043,1.84908661,0.54208944,0.20632635,39018.9949641,3.72674579,1.57856545,0.86090297,0.06592567,9.96328803,0.30101129,0,1.6819341,12406.43692724,0,0.25384386,0,0,240.7027545,0.02801665,156.52555577,26618.05012329,0,0,0,25.5469529,0,0,0,0,0,0,0.28898383,0.06473277,0,0.09472864,0,0,0,0.01775839,0,0,0,0.03477021,0,5.394877,1369.77616228,27374.61636857,0,1.9314417,0,0,0,0.36476135,0.47143197,12170.90864108,1488.66284119
"GMBC_033",0.68866393,0.39763897,0.07957733,24.75970241,0,0,0,0,0,0.13529544,1.22373715,10.03324654,0.25628423,0.56791417,14.32340591,0.07214371,1.47247522,0.00889796,0,0.31449464,0.127419,0.12852616,0.55223606,0,0.03482284,0.11860648,0,0,0.16163785,4.76342953,33.147365,0.05540308,418.51666026,0,0,2.75766406,89.63674203,0,0.04730807,2.91536969,93.54743554,0.62859196,17.2911222,6.81025277,0.077384,0.02372707,0.48281065,0.02145561,0.9004487,0.19378874,0.01583323,0.00229177,0.05885749,0,7.31498572,0.03550975,0.00179362,0,0,0.01691854,0.00387559,0.00778874,0.03464817,0.35824315,0.63209902,0.02002655,2.28656646,0.08097531,1.03019882,0,0,0,20994.39945949,1189.01222901,0.61924212,0,0,0.27140556,0.41007544,0.91055059,0.15578098,0.76507916,0.08471369,301.96334437,702.63252147,0,0,0.06252519,71.66861153,0.72720811,1.1813506,26.42612801,1.59991749,102.30143194,210437.01341853,0.0806411,0.17161842,1.59433536,0,0,0,0,0,0,0,0,0,0,3.03437095,168.98742181,0.87519881,0,0.02479054,0,378301.12732814,58010.60837471,32255.4981289,19550.33173974,20014.5967915,24159.97211366,11889.57374976,6.28005351,279.07575068,80.2074348,0.39754556,8.75424623,0,0,0,0.21904757,0,0.2499287,0,0,0.66823213,0,0,0,0.13566137,0.01959996,0,0.01083949,0,0.10607334,93.54490267,0.32359293,1772.33968253,0,0,11435.15461599,291.72284743,0.04564606,3.07932381,8.62053959,11438.04459226,0,4916.22280836,15021.45280901,470.36156406,0,0,0.10010984,0.10750495,0.1200452,23.45443543,0.2889189,52.58598366,9.87339277,15.07872959,5.19947836,0.0565363,0.14557612,0.02429625,6.33690981,47.32219108,45.89741874,7.17349392,8.55954049,12.69018064,5.59384259,0.02199092,0.48391315,1.26657335,0.25537602,0.76016223,4769.57314875,0.59731558,0,0.48759475,0.0275403,1.9549816,0.09840739,0,3.91532667,2980.49216585,0,0.26701801,0,0,108.67019047,0,14.01866601,4415.71973112,0,0,8.78413564,28.50977426,10.27766066,0,0,0,0,0,0.19040241,0.08923952,0,0.18346554,0,0,0,0.03688762,0,0,0,0.01746828,0,0.83103249,182.12159799,3743.95938268,0,0.29016417,0,0,0,0,0,3026.89112869,20.81367622
"GMBC_034",17.11263053,0.81060402,0.38900168,50.02554342,0,6.37157269,0,1.53286412,0,12.10491939,3.69105359,0.35082094,0.60876361,0,8.75525458,5.63876396,6.571516,0,0,0,0.33083775,0.40226561,3.68400111,0,0.15364369,0.10419819,0,0,0.11813823,151.26521787,41.09127432,0.61525775,1805.81889228,0,1.3847276,8.58365548,14.58583085,0,0.04248943,19.14126239,403.66052674,1.42707731,62.00132514,11.99823915,0.66080292,0.39202084,2.37689569,0.11607194,7.38215429,3.38434877,0.02670845,0,0.13356113,0,18.3877937,0.32641926,0.02504752,0,0.10469463,0.04033906,0.00544363,0.01414772,0.03643572,0.70310827,1.84071704,0.02962754,5.96976876,0.06509119,45.07614448,0,0,0,171512.09271033,3671.00589657,19.16327579,0,0.35405011,4.23583276,0.24475017,4.53034286,0.74605648,3.74312428,0,382.26674872,1330.84794585,0,0,3.21754393,503.28395725,2.31491044,3.43598361,56.63464997,5.78749583,489.84785421,459430.71716086,0.78895651,12.83446559,194.66599397,0,0,0,0,0,0,0,0,0,0,8.34804458,720.35554321,3.68613905,0.29729873,5.53275935,1.61117037,5489558.44319501,1042832.40524162,1339947.48280479,62538.38764279,33013.46578496,41378.06683786,131637.63193845,92.93846141,141085.40655915,1963.5863465,1.77461591,13.32249915,0,0.00869199,0,1.30972916,0,0.97228492,0,0,1.39965546,0.05742583,0.01103745,0,0.08817449,3.19149203,0,0.28408213,0,0.62796951,76.36052347,0.76534505,21917.72116296,0,0,29715.91057169,285.43117998,3.23109759,47.84552358,35.34665122,8862.04916415,0,6460.39448616,40954.57276401,902.44598068,0,0,19.60170549,0.73892646,0.80854268,183.70310216,1.78582655,140.89571414,51.86722183,109.31029191,56.65615416,0.32783304,0.44128555,0,44.99191653,123.80413735,540.14198143,30.80991262,29.43870064,86.55954454,47.15158846,0.21348684,0.95483138,1.97434238,0.39548443,0.36338185,19075.68960795,6.41288448,2.98761055,1.18258792,0.30241989,2.95591426,0.42229525,0,4.31409167,11125.23631589,0,0.44036344,0,0,498.35619028,0,597.55011984,14803.72947171,0,0,0,37.22275692,0,0,0,0,0,0,0.51818928,0.13102022,0,0.23084846,0,0,0,0.09138867,0,0,0,0.05722947,0,4.65002311,1025.09792883,15953.76454245,0,4.60296115,9.26655084,0,0,13.03513813,0.51192297,7309.46420389,174.55376267
"GMBC_035",0.59599359,0.20680182,40.82974784,53.10921552,0,0.33686931,0.00719469,0.19760947,0,0.79552231,0.92365345,0.28384786,0.21207488,0,4.05003362,0.32234213,3.22452655,0,0,0,0.53115174,1.22521963,492.60306347,0,0.01359916,0.02210249,0,0,0,6.0556845,1.97056839,50.99181821,724.10402131,0,0.4970306,28.00996219,1.92302646,0,0,357.4489208,1440.24822043,5.35882627,42.1197965,102.25880865,3.17207221,4.83449982,3.11386935,0.50738919,2.6073573,0.59720269,0.26721593,0.01142191,0.14443109,0,22.75695794,0.1961369,0.00859284,0,0.09905542,0.04090903,0.01161192,0.09127423,0.54627617,5.04228364,30.29955438,0.38099443,41.75744644,0.41903166,1027.90363692,0,0,0,364518.79519526,2132.62988299,1821.45193858,0,0,0.22401471,0,0.35213729,0.55629284,2.24992486,0,34.86394763,1919.70000752,0,0,0.10822931,605.56464865,5.06620072,0,1679.68233878,11.32172751,2910.9053861,66085.42170822,0.66270305,18.1706034,20.27942014,0,0,0,0,0,0,0,0,0,0,40.17561011,469.10061478,1.5353959,0,1.5183726,0.22388356,4012547.72110865,1088987.35817442,1396764.96789842,29289.29854742,14265.79214814,20574.07780192,70321.56045078,56.70846564,14274.11735411,42.46523327,36.36111002,10.9063144,0,0.07883569,0,5.01022939,0.49559723,3.24374605,0,0,5.54538955,0.37516785,0,0,0.38458285,7.73650996,0,3.15837577,0.31210836,11.49954237,950.65841802,9.1957191,32496.60750633,0,0,132654.60626527,86.95270053,12.86248099,129.26408376,55.18671699,9567.5258144,0,4936.73855461,158102.61559987,717.13467388,0,0,0.49607111,4.28570736,5.2192066,1089.52141014,7.89061376,184.79945469,464.0603433,288.22689134,291.01787274,4.08187451,5.85465155,0.27760995,109.19782857,151.1743657,1794.27008877,73.64983637,126.09552494,130.98740511,143.15743763,1.00056307,3.25772511,4.7161629,1.57176817,0.26722656,73598.54237239,1.91278724,3.72645855,0.21984056,0.16667424,1.72527848,1.02831902,0,0.8202639,44566.34876467,0,6.09523557,0,0,514.27908131,1.44324631,24.08311703,91189.57944153,11.0395903,0,20.42416107,67.35951131,0,0,0.29485688,0,0,0,3.87006419,1.94412633,0,4.70428233,0,0,0,0.60046471,0,0,0,1.85829006,0,26.54020837,3328.29495639,59648.30505852,0,855.7793413,795.11762203,0,0,342.93155495,4.57521646,3070.43731936,251.31708411
"GMBC_036",1.08660362,0.15598123,0.13867956,42.67111564,0,0,0.01634487,0,0,0.54827689,1.1524439,0.42437562,0,0,3.48326525,0.19465212,0.63394347,0.0148152,0,0,0.11251595,0.12427431,0.27209552,0,0.01752693,0.08904433,0,0,0.0176869,0.53041841,0,0.23198866,445.23814785,0,0.13192496,6.20148641,3.93783364,0,0,6.61803485,151.61481419,0.08132289,4.03655751,4.64533335,0.47479008,0.38443477,0.97537309,0.15973792,0.50942285,0.27504509,0.0281837,0.00249632,0.08773196,0,11.56674466,0.12557394,0.00951918,0,0.05135984,0.02448614,0.00339157,0.00892647,0.07745877,0.84167786,11.30112257,0.02013268,4.77858926,0.01376879,22.69323994,0,0,2.46062562,174536.81302796,3101.89375528,94.93053838,0.64678318,0.32666967,0.19018628,0,0.29310522,0.65951845,0.74665994,0,66.88429926,1471.58695969,0,0,26.48548852,461.82525666,1.3541792,1.77337156,118.72818784,1.64136918,515.55671467,306401.05817147,0.78047527,2.28794923,0.95949988,0,0,0,0,0,0,0,0,0,0,3.08197414,245.90070103,0.41565768,0,0.09524528,0.02511491,1001726.47892305,370442.72661466,355784.26412502,30435.18258073,23594.00662901,25375.71825893,40862.7657353,30.1440134,25388.1018354,2306.62080398,2.1003425,1.99038742,0,0,0,0.11568638,0,0.07910245,0,0,1.07073906,0.01473914,0,0,0.07189338,0,0,0.10996723,0,0.78134599,18.27719808,0.57851365,10710.80461324,0,0,16872.80517075,140.6696438,1.56303105,99.84387687,19.24316356,9537.01844258,0,6511.47336826,20242.20799532,649.22363567,0,0,17.50767472,0.42390074,1.35876397,611.21172323,1.60096811,85.72811105,56.04115145,130.82227338,109.11217998,1.81308213,0.17698337,0,274.97276738,77.44297655,2968.83817946,104.94947104,42.21242506,333.86212778,287.6232096,1.40814088,1.00135665,2.38104027,1.8695028,0.11686634,8690.29497301,2.14476636,0.46752683,0.37516112,0.06119337,0.79463396,0.29122778,0,0.84450753,5240.282536,0,0.42484007,0,0,269.53725639,0,10.71392415,8513.8772924,1.33797861,0,0,64.29089823,0,0,0,0,0,0,0.13053379,0.07642718,0,0.38218282,0,0,0,0,0,0,0,0.05149699,0,11.74663498,443.64559195,8157.15965023,0,5.79156987,15.4636217,0,0,177.07012663,2.23134649,6248.22566441,116.89871632
"GMBC_037",2.61851371,0.74594853,0,59.02576969,0,0.06387274,0,0.29074091,0,0.66578333,9.49267624,23.2608431,1.09569903,2.55091257,10.63600793,0.14392999,0.19663423,0,0,0,0.21005372,0.11620877,1.90371758,0,0.17353697,0.09092954,0,0,0,469.63444004,6.01834883,0.44897245,1242.17906461,0,0.88166901,18.09815483,3.00847145,0,0.17016741,14.2539681,1509.24068693,0.49499407,20.47586644,28.4087337,0.7399078,0.68202968,1.35229116,0.29454401,19.01088189,10.18808852,0.16787008,0.00705901,0.10589087,0,14.96030365,0.38928068,0.00454368,0,0,0.02513488,0.00690932,0.07175547,0.24844039,2.75033371,25.47709311,0.58142268,13.6849716,0.13389688,8.00655253,0,0,18.91988986,390597.21792189,2829.35019059,3.70356153,48.61589619,0.40108163,0,0.0146882,0,0.45159379,1.31425113,0,710.84058344,1778.24775088,0,0,684.03342947,819.56571521,1.06777633,0.35664309,1119.50277015,1.0262927,1416.29736557,332211.60243551,0.87381923,4.83802402,12.88152594,0,0,0,0,0,0,0,0,0,0,0.57274634,184.66484046,0.03252419,0.18851246,0.259038,0.01880435,1653044.72809919,434907.14189432,308959.54854891,102343.11698294,75730.85717734,96189.03759565,55192.57573723,110.54668797,3238.48247062,755.4396155,0.71404008,0.807221,0,0.01174596,0,0.27096598,0.16694957,0.21348812,0,0,3.88490604,0.6129202,0,0,0.64115886,0.23840771,0,0.21743763,0.02402597,0.43373192,17.22153181,1.05056232,11546.98059304,0,0,70281.21043069,440.26273188,8.65560181,157.77940444,30.87658115,9256.28728714,0,5930.34685211,91382.96229083,1111.60375076,0,0,51.27128235,0.69265627,0.95662756,672.71013077,3.98990697,106.93991949,93.09808351,637.74755744,340.90021513,0.35995592,0.94196879,0.16240458,56.22820936,91.58119678,1268.43613794,44.20285521,35.09509807,181.65856834,254.27292564,0.1952997,0.93421419,2.95377817,1.50401178,0.15992941,39570.2412751,3.46935137,1.07894159,0.6387743,0.32030348,0.72537814,0.79200877,0,1.42469501,16675.17553265,0,0.38382569,0,0,1237.75454747,1.84791601,23.42010409,47150.01482438,0,0,11.19835006,111.63436888,0,0,0.25951679,0,0,0,0.77591421,0.67711465,0,28.326493,4.84088021,0,0,5.48917412,0,0,0.12704821,0.18693558,0,13.78317145,1887.2336757,37525.81125912,0,10.80863136,8.43356823,0,0,236.29818955,29.85259775,6598.33952939,367.01363306
"GMBC_038",5.48465525,1.22112651,0.29845678,59.32253944,0,0.12052974,0,0.16546007,0,0.99934518,4.99460676,128.96152956,1.83075408,5.30869675,639.0687501,0.46699415,0,0,0,0.62504849,0.23350377,0.45453144,7.88874876,0,0.00320374,0.07546265,0,0,0.07895351,889.50210758,9.16251912,0.42849424,1149.55294755,0,0.85508244,4.6492922,78.93087781,0,0.02694581,22.59536209,709.53473023,0.78231247,40.6789836,21.50345777,0.88483444,0.66618474,0.8184567,0.14920587,5.62902032,1.88132147,0.0888289,0.03115551,0.13271207,0,17.5437912,0.40015124,0.02370352,0,0,0.0312453,0.00583105,0.02061256,0.03780879,0.89764777,3.84073186,0.0594635,9.65089165,0.08598892,14.58428752,0,0,0,316414.87126928,3213.95653877,18.59589017,0,0.11173141,7.63342214,0.85731662,0.75918172,0.26940993,2.51089788,0.14296201,619.06320229,1630.14067968,0,0,0.64206617,442.94050984,1.66687546,3.17170606,125.27262478,2.05012687,1094.87979386,147405.47857355,0.27854742,2.3585321,9.73656465,0,0,0,0,0,0,0,0,0,0,5.36700391,411.83902322,1.50186744,0,0.21229276,0.1268544,2853995.23580587,524783.75438839,499077.37766585,50662.62325025,29811.13378261,37585.21190875,73286.90588194,64.82068475,38378.01378423,512.22863142,1.15578407,9.51089435,0,0,0,0.8198609,0,0.61325577,0,0,3.47222054,0.06293878,0,0,0.56378601,2.61765902,0,0.16735669,0,0.45877802,145.25983199,1.57163694,18218.07780593,0,0,48325.40032488,526.55653548,0.11186084,129.45436504,45.73606999,9546.75768042,0,4869.93248959,61894.96621725,1143.85433845,0,0,1.86603269,0.21217479,0.54259928,86.17147483,0.9956459,133.58289659,41.72298459,37.57767124,18.01941527,0.21667178,0.76800666,0.07641163,235.62725421,112.14049187,1555.52560382,85.78511558,50.32314087,67.16118528,28.86113239,0.54199132,2.19327165,2.86022697,0.62004724,2.41475488,26886.89809555,6.34981998,0.38974645,2.80829716,0.16751472,2.97655893,0.1765219,0,0.88091602,12427.31999982,0,1.3512199,0,0,322.01883278,0.01534918,90.23069977,32329.88990906,0,0,0,19.19779339,0,0,0,0,0,0,0.3927249,0.1419315,0,0.33428962,0,0,0,0,0,0,0,0.01882041,0,1.32423147,840.7252735,20775.00528306,0,7.31510682,7.30268111,0,0,1.16600063,0.16904139,3391.45248629,258.88504961
"GMBC_039",1.47697235,0.27885891,0.13627218,8.38533224,0,0.01956382,0,0.06632464,0,0.19581851,1.23606688,0.97939062,0,0,8.58937865,0.07004452,0.96035093,0,0,0.12885829,0.05540689,0.45173073,1.06600634,0,0,0.01815882,0,0,0.12988404,62.04598617,63.18190322,0.21582672,256.09371967,0,0.24258839,2.62751637,105.5476273,0,0.00262823,2.31738284,72.47186068,0.48859441,8.99870746,5.20610451,0.42288035,0.25291081,0.62414917,0.09652017,4.19134753,0.61664277,0.02329454,0.00404485,0.08250069,0,11.240395,0.1044552,0.01938326,0,0,0.01925391,0.00089081,0.01167254,0.22100986,0.48591287,1.4565706,0.01941685,2.34185634,0.0244902,1.58558412,0,0,0.15910319,408757.73855273,3678.00497045,2.38513452,0,0.06341762,1.15797037,0.0923137,0.3645843,0.36157451,1.27331431,0,302.48570306,229.38376503,0,0,0.9024516,1502.09547875,2.46338882,5.61294892,15.64578459,2.17401725,1454.21617885,153119.86021474,0.16368327,2.27254178,0.89556425,0,0,0,0,0,0,0,0,0,0,49.90320464,473.81828186,32.76729688,0,0.03387185,0.00632625,978846.839432,268598.8545528,166305.99456121,36821.96113788,26527.05295056,34949.70371917,41633.3325732,63.70603377,17196.99706796,146.24904349,1.40800893,8.77547063,0,0,0,0.23840574,0,0.1676187,0,0,0.34334357,0,0,0,0.07791076,0,0,0.01361393,0,0.19127553,65.82785387,0.29183323,16593.00259442,0,0,31302.43217605,163.96109848,1.41531064,185.91004034,15.3021057,11904.1069069,0,5083.65438447,40798.47694601,406.09924056,0,0,0.15314909,0.08872988,0.18019189,18.63643737,0.40983621,78.55641193,11.07255702,10.46807445,6.46956259,0.0712672,0.11353712,0,95.55550371,72.06034832,1270.42298746,103.600462,22.1357658,32.3791245,15.32456409,0.65060116,0.55627836,0.57426342,0.23483601,0.51645607,17622.06079586,0.94692397,0.52907079,0.32798806,0.15883815,5.53286756,3.35170987,0,1.19098284,8131.98314388,0,0.83179932,0,0,343.74885331,0,17.28072098,25394.15857187,2.23245209,0,0,19.6306398,0,0,0,0,0,0,0.07793355,0.03329755,0,0.02983862,0,0,0,0,0,0,0,0.03739845,0,0.62366776,710.94416029,14455.00162187,0,2.61599893,0,0,0,0.41719835,0.36278412,6012.13734961,1018.608413
"GMBC_040",0.79443035,0.19045048,0,8.59251291,0,0.09878038,0,0,0,0.15474272,2.41793384,4.60749844,0,0,4.05632213,0.05049815,2.1659391,0,0,0,0.16611611,0.03889985,0.08320037,0,0.0163512,0.20455551,0,0,0,38.09388667,21.58651148,0.12305035,116.70692232,0,0.19631174,2.71849613,53.56591489,0,0.0187823,0.63868384,43.78333765,0.30803676,7.32174073,9.12366432,0.22705739,0.08315062,0.72443202,0.04492346,1.52732744,0.52503738,0.01191078,0.00726339,0.06587752,0,8.4340255,0.05078621,0.00864291,0,0.02273798,0.02066282,0.00482004,0.0074912,0.13668276,0.31262258,0.57116173,0.01136176,0.86925301,0.04777017,0.93982235,0,0,0,36666.71169715,2796.57016742,0.83328181,0.63389987,0,1.55690817,0,0.14746534,2.95366299,1.53973711,0,75.10843607,182.96487148,0,0,4.06731553,268.23004057,0.97076632,27.14509933,39.9576671,3.77029379,47.5217783,240137.18301128,0.76173669,0.62524898,1.09028694,0,0,0,0,0,0,0,0,0,0,4.11299954,277.18670782,163.47877098,0,0.0798169,0.11317898,315948.67099765,78686.96131798,77741.73483899,20938.34089483,17077.53227766,21656.28219678,18760.2770084,78.9179396,1890.18435279,75.60525905,0.45498452,10.2690197,0,0,0,0.42550806,0,0.3463491,0,0,0.40439684,0,0,0,0.15423798,0.06891304,0,0.04760382,0,0.07540134,33.68800268,0.18356336,2533.10360121,0,0,23676.19787116,153.84786659,0.19802109,33.52380263,13.93059521,15675.7777816,0,7132.19800921,29144.96848779,445.99917011,0,0,0.35683778,0.12323168,0.30895726,26.44544806,0.45191008,67.51646194,11.6143477,7.41455544,5.26863345,0.12159469,0.69633303,0,108.69958805,57.97522076,312.600707,17.79340816,19.78378369,46.03914037,17.08048722,0.16627211,0.80491103,2.09971798,0.59596959,0.32587583,10287.47306545,1.58139907,0.77786655,0.19287134,2.38013114,9.66042047,1.15049736,0,0.35288706,6022.58096247,0,1.24177666,0,0,166.72611582,0.01517364,3.08166116,7784.98817365,4.4808136,0,15.96936231,145.23282905,0,0,0,0,0,0,0.3499319,0.14689884,0,0.17134057,0,0,0,0.10318357,0,0,0,0.03267206,0,1.01016548,447.34432021,8920.19492463,0,0.23096041,0,0,0,1.21595572,0.15370197,6893.97099092,42.58860886
"GMBC_041",1.18020783,0.36761009,0.11481958,12.17762677,0,0.4171946,0.0298626,0.10092994,0,0.08510123,2.0519619,0,0,0,2.7289631,0.31161836,0.76516367,0,0,0,0,0.20593536,0.43945314,0,0,0.04642195,0,0,0,0.17668485,16.14143781,0.14058623,339.59000979,0,0.12106246,1.46767804,23.53321554,0,0.20038629,1.00764651,86.60454265,0.19224342,5.58051885,3.06824271,0.24633215,0.30176952,0.52961042,0.09695489,1.81538113,0.14603276,0.00800175,0,0.07583807,0,9.52427088,0.07431019,0.00600627,0,0,0.02092228,0.00282773,0.00725085,0.03201849,0.2772809,0.68195505,0.01561362,1.06430453,0.02031021,4.48091881,0,0,5.65989088,35951.01859011,1658.13902118,2.60511951,0,0.19170118,9.95364079,0.09632817,0,1.84609525,1.47378574,0,264.2235924,587.79747361,0,0,0.44092287,244.35964337,1.01837086,1.46382194,775.04756655,3.02639213,169.46691788,179307.78164814,0.23431741,4.57398163,9.72769538,0,0,0,0,0,0,0,0,0,0,29.8244203,319.21684336,46.210249,0,0.23270559,0.16018085,1159709.50167295,227059.29072819,249486.14721632,22054.6574767,12212.9576096,15428.78511029,27128.76462416,61.77531389,17106.41969368,433.62185774,0.43715999,9.36745009,0,0,0,0.73237031,0,0.50732174,0,0,0.93598416,0.01250348,0,0,0.07131845,0.3134236,0,0.00831705,0,0.13437563,47.74359912,1.34098866,5861.58736338,0.05716564,0,9440.99875655,244.55880818,4.28313827,103.38587573,14.13156972,9929.02460634,0,4957.48320785,11412.33616857,485.21239946,0,0,0.61226919,0.92117458,1.18739867,258.92332372,5.26925655,82.58842541,94.77870117,71.63844377,79.43247046,0.59493752,0.28157898,0,141.06048732,64.98361778,2055.27834747,82.08991279,64.54603479,208.99313622,70.73104718,0.48388759,1.0624792,2.92868976,0.95479245,0.25427238,4123.22923405,0.85322357,0.75198706,0.17252777,0.09312355,2.66274979,0,0,6.85899801,2567.705826,0,0.4469563,0,0,110.9018399,0.65363992,2.78038268,5937.71902011,34.60494597,0,14.88492381,130.35869623,0,0,0,0,0,0,0.1139494,0.07418401,0,0.06032897,0,0,0,0,0,0,0,0.01849402,0,3.14607576,248.89083229,3435.16261982,0,0.96218834,0,0,0,155.40479796,0.62717181,4147.21138102,39.67014076
"GMBC_042",0.43268158,0.38522299,0.18538083,9.92826154,0,0.02227125,0.00126873,0.01413575,0,0.19196964,0.96895033,26.46772603,0.73204705,6.38975496,13.74125951,0.14853652,0.30325125,0,0,0,0.10700442,0.18025621,0.29804309,0,0,0.09293253,0,0,0.0140754,369.73251415,13.69731609,0.26595736,238.0703042,0,0.13540797,8.85712839,15.3991646,0,0.0229681,1.13974655,20.36378203,0.20885977,3.47850339,1.72426228,0.15164652,0.07590413,0.38679572,0.06445406,0.49564051,0.21945761,0.00662444,0.00610433,0.05192052,0,6.90411739,0.05168834,0.00854549,0,0.01979155,0.0104879,0.00123783,0.00292862,0.01311971,0.13158777,0.36954522,0.00764821,0.37072732,0.03651765,1.1941365,0,0,0,60520.7956831,2407.30197785,0.78292696,0,0.01276859,1.72841588,0,0.5463617,0.24924107,0.42363546,0.26619527,232.30116382,325.45884565,0,0,0.14581929,1845.59500404,0.95694308,0.32886422,59.93351476,0.68618037,133.20538399,441768.50745352,0.06398469,10.16810968,1.66561858,0,0,0,0,0,0,0,0,0,0,49.03258715,280.69749167,5.62200388,0,0.10149337,0.10679995,287144.13873064,80490.60702236,47554.63643412,9356.18527734,7971.49987012,9667.6197881,13002.12310124,29.56558555,11106.3928691,224.09694406,0.06482314,2.53100634,0,0,0,0.04117639,0,0.03801418,0,0,0.2128806,0,0,0,0.04629957,0,0,0.01012644,0,0.21245353,18.80225689,0.05312093,2710.79046456,0,0,12548.06357901,176.3903149,0.06529214,131.0285872,18.97232494,13916.45291835,0,3868.2130962,6697.94945872,452.05851541,0,0,0.02888458,0.52053516,0.69580123,156.52756895,1.46915222,53.77388015,58.3324133,60.01870592,52.21986804,0.17474754,0.15616311,0.02486958,167.98628457,46.29386948,1098.11948309,64.35959252,34.71771147,136.65835355,65.92188146,0.27034859,2.09110555,11.83975873,9.74932679,0.22089216,2309.91723211,2.18584096,1.71011347,0.09812338,0.05493134,0.46090477,0.27167827,0,0.05733257,1507.82483099,0,0.18934807,0,0,825.90195681,0,6.06788702,1672.69215012,3.34785711,0,0,6.09177041,21.57521188,0,0,0,0,0,0.0204712,0.02417064,0,0.02695386,0,0,0,0,0,0,0,0.02169464,0,3.69907937,102.82338718,1940.66558639,0,3.39774715,0.81960122,0,0,0.67444472,0,11226.05548909,154.76362167
"GMBC_043",5.90375242,0.19152824,0,3.35348409,0,0.08909285,0,0,0,0.60991961,1.62483231,10.15629078,0.66304428,0.68584827,68.68650543,0.11212537,5.55010172,0,0,0,0.1435266,0.37961673,0.36223831,0,0.00626968,0.09748431,0,0,0.09620371,556.4166036,23.39499827,0,103.61977425,0,0,0.9544244,141.44242693,0,0.01732374,7.33985574,225.16682425,1.26090953,11.94295111,21.82296143,0.29815278,0.24150163,0.99987589,0.13838344,7.95229553,1.81486289,0.06426923,0.01301086,0.09407471,0,13.11410368,0.2414414,0.02226298,0,0,0.02334516,0.00412167,0.01996384,0.12646117,1.11309924,1.5608796,0.01323948,6.18904119,0.07824505,3.68755466,0,0,0,140553.83921552,2928.81374711,2.333697,0,0.06765318,1.83551147,0,0.66214152,0.52323915,0.64680931,0,597.45764755,52.34503991,0,0,0.18195055,913.86066365,1.29405508,2.83579764,27.75106262,2.16436904,201.58017794,605354.12550187,0.17183016,0.45727473,9.84159264,0,0,0,0,0,0,0,0,0,0,20.25946877,329.96205696,4.97314134,0,0.08934041,0.02924091,1460208.21958398,357641.97144445,252890.87241477,67790.65210974,46315.4170094,53074.65836396,62231.21659341,35.81649222,37171.06296551,388.76022841,0.39333668,18.05707583,0,0,0,0.38114202,0,0.3210488,0,0,0.12167591,0,0,0,0.14734217,0.12094165,0,0.03732176,0,0.23930903,13.50228012,0.292039,13164.37384533,0,0,26224.44382933,169.22174379,0.20164983,189.46134249,22.28042983,14208.79345697,0,8483.54879849,32537.81856475,570.56170116,0,0,0.12821091,13.40980396,12.8678045,321.34057046,1.96547053,87.95651683,385.80332475,152.0365169,19.65667697,1.19809838,0.64574843,0,162.9502351,84.05242055,1119.35454776,91.78717081,191.35839585,159.46983506,65.84943563,1.4727744,3.87138041,8.02440937,1.38613536,0.42150362,13214.03617789,1.34308997,0.18036178,0.1980597,0.15550083,1.03156907,0,0,0.77171758,7180.03065048,0,0.54605185,0,0,606.19234178,0,12.93469431,15168.20872478,19.61309671,0,13.98560211,8.52514149,0,0,0,0,0,0,0.27963463,0.11928679,0,0.0623364,0,0,0,0,0,0,0,0.0217897,0,0.20183752,431.95930085,10056.47443073,0,0.2512398,0.47372919,0,0,0.23956726,0,14073.79302776,247.75644249
"GMBC_045",6.57242457,0.4472354,0.35077124,30.30765615,0,0.35195249,0,0.17337665,0,0.11671146,2.97734725,12.66172428,1.59917026,1.0576601,134.00528094,0.89722242,3.22193648,0,0,0.32252266,0.12535793,0.10650438,1.52893535,0,0.0670549,0,0,0,0,2.26569328,14.39179095,0.55663451,570.90555276,0,1.34227865,12.05431073,0.27916929,0,0.00222897,2.5612101,1527.804687,0.39140372,15.53661541,21.70850634,0.47339284,0.73863619,0.75686907,0.20496154,3.34514784,1.51976653,0.09749439,0,0.09818054,0,12.42734885,0.16116219,0.00257306,0,0.10891507,0.02347435,0.00476561,0.00746333,0.0375286,0.47970149,2.22333939,0.0310791,4.16775749,0.08963423,4.98684502,0,0,0,141751.67155594,1370.74831566,3.94513628,1.0742291,0.12814487,1.16409802,0,0.20230399,0.60192146,2.20931481,0,425.76990319,1495.09867173,0,0,0.26210304,344.47815115,1.1398957,0.93722435,1037.78058983,3.22866943,313.84122636,677150.0508254,0.3205458,17.68245777,7.25625527,0,0,0,0,0,0,0,0,0,0,16.98454196,500.18564734,5.68085442,0,0.28013966,0.36548411,2777386.33519227,442199.19682275,492738.15461146,53154.23332961,30013.90413522,34346.77471901,47018.6277141,133.23735197,1900.69416248,1612.0470952,0.6551031,34.97986066,0,0,0,0.42424276,0,0.24294518,0,0,2.26338497,0,0,0,0.45992253,0.30329016,0,0.06684914,0,0.55802341,32.99975515,0.42164768,13868.73204327,0,0,39028.04921345,500.72497996,1.93506808,240.77457745,24.5981593,15183.94287143,0,8204.70927462,50673.05823163,822.27141697,0,0,1.54993997,0.32668109,0.42004881,65.72366839,1.28542036,108.24919265,15.77892697,18.62629319,19.89239259,0.12866156,0.22032235,0,79.82913818,83.61114084,767.56398963,46.29017899,13.7141148,71.73909608,25.5349306,0.61200131,0.86320626,1.03268183,0.78936765,3.15687447,19791.91233541,5.15085422,1.35736289,0.30679248,0.40643925,1.13496937,0.55033858,0,32.30031707,9956.69861796,0,1.17547642,0,0,691.16755324,0.57576191,5.88785064,30937.25486819,39.02496022,0,11.76134254,29.34862547,0,0,0.20725118,0,0,0,0.15250085,0.08556971,0,4.62097693,0,0,0,2.10235652,0,0.09215182,0,0.04895795,0,11.59672511,557.8707262,17018.17215759,0,4.59410604,4.84002579,0,0,399.21430644,1.36058421,11032.27031211,85.03616531
"GMBC_001_E2",1.98691373,0.60021656,0.31512661,2.89795424,0,0,0,0,0,0.28717451,3.55175853,8.74995355,0,0.10023033,45.37029837,0.25336993,5.12280402,0,0,0.54527871,0.17128259,0.43399256,0.45413377,0,0.007398,0.08016123,0,0,0.05212009,97.31612744,103.82721771,0.30296462,566.9987224,0,0,3.90292031,62.95743328,0,0.00539293,2.96999964,47.56045961,0.28321754,13.31240815,4.20130025,0.23820235,0.06332282,1.34495698,0.04589933,3.67608249,1.30563255,0.01695085,0.01189401,0.07358425,0,10.11581074,0.05518252,0.01277684,0,0.19229221,0.02009425,0.00277592,0.00989685,0.02367895,0.31762921,0.52509137,0.0147655,0.92108629,0.0532457,1.6207234,0,0,0,22067.64404272,1333.80136345,2.58210778,0,0.07730524,1.31058924,0,1.30161929,0.33670525,1.08079774,0,477.40456947,139.83789567,0,0,0.16762578,235.09884683,0.85466303,1.54754819,79.72904815,1.09173398,72.25201564,610920.88350388,0,1.25870861,7.20125428,0,0.0839634,0,0,0,0,0,0,0,0,10.74160968,403.76642403,1.8356627,0,0.18625871,0.01159601,736078.51633136,105861.80434683,19624.07369013,24614.32800606,17947.65101664,23413.56514178,13007.49949243,33.59718999,4445.0887306,133.66760083,0.41782275,29.97344774,0,0,0,0.44723213,0,0.25121361,0,0,1.78986576,0.0049533,0,0,0.14859478,0.05959097,0,0.00984705,0,0.13273674,18.1147143,3.63615095,7513.73241311,0,0,20809.67108123,262.39773863,0.32546952,203.9828594,20.37632037,10582.94759097,0,4595.5589836,26365.27138095,456.37660269,0,0,0.0445224,0.16090832,0.3136959,36.23812345,0.58337274,80.9896877,23.02936188,21.59470638,11.40502133,0.17385985,0.25701475,0,76.12636042,68.10618806,647.39877969,52.16102134,25.41537116,116.19182966,60.44071639,0.11877101,3.32446716,5.63297391,1.16579708,1.94914085,9683.12881728,0.81118149,0.55842658,0.13501083,0.16712044,1.13434881,0,0,0.37146578,5814.02475221,0,0.66888581,0,0,88.85235017,0,21.770703,11540.95360726,0,0,10.95063117,14.57079889,0,0,0,0,0,0,0.06469102,0.06159415,0,0.11086653,0,0,0,0.02417401,0,0,0,0.03462341,0,0.60683717,371.80503291,7891.14327268,0,0.30680167,0,0,0,1.65408024,0.00304341,8066.73199186,33.92767193
"GMBC_002_E2",6.56248925,0.36865741,0.15748675,24.40978494,0,0.14591121,0,0,0,0.74196821,6.31836707,85.98833043,1.74680827,4.40943751,45.14716437,0.34224366,2.08381814,0.01332856,0,0,0.21001601,0.51383106,2.0623045,0,0,0.37391314,0,0,0.10657743,477.85545179,22.68790626,0.14753972,502.10912608,0,0,2.89855615,54.8783127,0,0.10205714,8.82724783,444.38698786,1.47834925,27.14622051,27.09781061,1.34778455,0.88554671,1.7561304,0.21846032,10.61425277,4.45243643,0.12760569,0.01299007,0.120548,0,16.66408109,0.39317406,0.02568191,0,0,0.03281737,0.01016552,0.0134444,0.08068247,2.16665525,5.25285563,0.13226532,14.68232786,0.10166245,16.9819748,0,0,2.32545413,293628.28739001,2910.19236555,16.91735291,0.63364381,0.06684578,0,0,0.59904819,0.47120701,1.32093181,0,527.04406417,992.28417058,0,0,7.92609966,727.36218606,1.39049892,4.51143142,242.03037907,5.76225641,487.66046281,551907.65112723,1.83583677,2.27749878,8.583193,0,0,0,0,0,0,0,0,0,0,13.82921686,499.75362519,1.56567026,0,0.19965232,0,4503696.79697191,1006287.01342989,779428.5996882,45571.76927846,16307.00239075,25024.54363952,109120.02300177,111.32441924,52798.96594006,732.30294772,0.45147408,17.61910831,0,0,0,3.09330698,0,1.42584198,0,0,4.72648568,0.06522797,0,0,0.24994006,5.97637421,0,0.2628123,0,0.24086094,111.12157511,56.32640066,8726.28204515,0,0,23837.02032939,506.49225476,1.36593483,140.83509011,30.93365518,13453.23275589,0,4845.64090398,36684.09750505,1150.9286583,0,0,6.37431631,1.64157927,2.54048173,851.42428746,4.54639399,123.05861735,350.84073978,355.89426491,125.69658323,6.24412742,1.58435251,0.10866745,321.21139701,110.76962642,3371.56575278,206.33454465,174.45481273,464.80041555,216.69885882,2.33616751,4.5708338,9.48831097,1.6823603,0.39615956,12144.8547484,3.81512998,0.30831782,1.18600814,0.09912044,1.20957229,0.16609546,0,0.62343107,9745.56549846,0,1.302609,0,0,590.20850912,0.08930796,19.27628017,11992.82120183,39.72229491,0,0,45.9078269,0,0,0,0,0,0,1.45928178,0.496391,0,1.30624518,0,0,0,0.33999776,0,0,0,0.05978508,0,1.5164019,465.18963795,14453.52476171,0,1.16773484,0,0,0,6.11753913,0.3454471,15968.94072441,336.2017497
"GMBC_003_E2",1.77865374,2.34483506,0.23211049,1.31569351,0,0.12246067,0,0,0,0.73530696,3.37255879,2.15174943,0,0,3.29949514,0.48168305,1.2613313,0.01205849,0,0,0.19269115,0.47594945,0.50850767,0,0,0.1018566,0,0,0.04727937,1.91466373,7.6231918,0.23524092,19.36341111,0,0.38216258,1.45683011,17.09344737,0,0.20457011,1.52774161,820.57082836,0.24652144,29.86651118,5.32411274,0.31056687,0.86614526,1.36326112,0.12839002,1.63421485,0.63771966,0.00665091,0,0.13669647,0,17.8302067,0.18661804,0.0033716,0,0,0.03634638,0.00385261,0.01260183,0.01595794,0.71124961,2.10258575,0.03342933,4.62548404,0.08527279,10.20297071,0,0,1.52631985,123301.52871473,3192.07570883,7.42646487,1.62535901,0.25450331,0.45891573,0.39749844,7.97742697,0.33734956,9.96613871,0,252.03848749,38.14871832,0,0,2.22595265,363.16670889,2.81456296,6.51905505,1497.73449717,11.54580204,990.01232637,169907.51192586,0.35646521,12.5261332,10.21595326,0,0,0,0,0,0,0,0,0,0,4.55884945,331.86796123,0.95935808,0,0.39743888,0.18560394,2702248.30272123,478656.52723014,666714.8670753,20897.81163722,11014.35438396,11316.24210239,47884.22017167,154.18020768,2277.53089953,4678.91518459,1.26270162,15.65858959,0,0,0,1.97818137,0.18748272,0.92347972,0,0,0.61517269,0.08115715,0,0,0.19061629,2.91147136,0,0.14361056,0.01879711,0.47993797,13.47524984,19.93091823,19112.8684695,0,0,86976.6927637,162.53179363,12.56055105,226.04612016,33.93482427,13478.27513995,0,3237.60787814,103481.72199865,469.54538825,0,0,2.98592336,1.1240739,1.88541067,324.15324084,9.44292355,131.82133746,77.88560908,126.48925971,62.23720255,0.73756163,0.265815,0.0580399,668.00891727,109.53686126,5901.29791149,154.4724486,120.15661748,132.5817085,63.32046941,0.94078768,2.13619886,3.34043394,0.87704983,0.39733249,43117.3552165,2.97000208,2.00081565,0.13911744,0.12766521,5.36144027,0,0,5.96665626,18250.85550368,0,0.29904183,0,0,196.58179443,0.95856034,10.75522255,50888.23292954,8.26449673,0,21.28786262,477.50287962,0,0,0,0,0,0,0.49595534,0.15229853,0,0.10538486,0,0,0,0.04718485,0,0,0,0.06058772,0,0.68606827,2761.24606111,39499.63440081,0,0.4962855,0.56771084,0,0,383.02892566,1.33264452,2867.87326325,54.21965471
"GMBC_004_E2",1.13772417,0.08684649,0,39.71864008,0,0.10261722,0.00385461,0,0,0.07753155,2.16990316,128.90209193,2.41747718,14.60691585,98.55378125,0.261593,0.62361342,0,0,0,0.12504193,0.06581187,0.38453608,0,0,0.8290976,0,0,0.07458011,14.15577152,72.02355712,0,533.74046208,0,0,8.10496247,89.08241099,0,0.19832385,0.96568877,68.12825548,0.87745088,4.49427534,21.14584461,0.56027047,0.28826278,0.54226627,0.19607336,2.15001707,1.33986812,0.09147822,0.00826828,0.04714724,0,8.16438944,0.07167449,0.00725344,0,0.0269792,0.01431526,0.00100203,0.00546826,0.01565402,0.21148534,0.62969831,0.00561141,4.58149068,0.02458259,1.22513262,0,0,0,30549.32327558,1683.35075879,1.1297337,0.27083983,0.02743458,0,0,0.1792369,1.38905528,8.5347953,0,237.33352401,1034.11720518,0,0,1.06096299,334.53397401,0.48620701,2.02139486,164.25570088,3.18797236,232.45149432,243137.41200325,0.33533306,2.94208628,2.59477217,0,0,0,0,0,0,0,0,0,0,2.05742049,171.33850066,0.74101363,0,0.07851174,0,790262.72716233,167683.59007592,237847.36539157,39692.50890355,32828.1859168,42012.30754571,39844.8114019,70.40409293,18032.98403237,260.39310648,0.39288766,3.55881897,0,0,0,0.2472881,0,0.18882097,0,0,0.82057413,0.01572529,0,0,0.07215632,0.06362159,0,0.02488844,0,0.11122676,257.47268825,0.35026007,3455.37706857,0,0,10699.21748412,237.49422351,0.1128107,50.63823165,17.85639603,14721.50507309,0,12948.89016243,16178.56714722,635.6676857,0,0,0.17437635,1.39709695,0.80797931,239.9055705,3.09161713,57.74619522,41.02365444,131.39970192,43.0376562,0.52100197,0.42616183,0.04136843,65.30521245,53.39683008,776.09252249,55.20827395,45.02057298,124.86044998,128.16246291,0.42578757,2.54311989,3.2598553,1.12324197,0.88583583,4786.14607519,1.73255393,0.68640236,1.40026082,0.0906146,6.45034976,0.65326083,0,0.43982647,3821.9917761,0,0.33838271,0,0,345.07874402,0.01914788,3.97552879,4174.54245425,10.7405752,0,0,11.07876557,0,0,0,0,0,0,0.17906889,0.13124638,0,0.28708932,0,0,0,0.03219867,0,0,0,0,0,3.93887186,239.60900493,5138.57835003,0,1.34624357,0,0,0,2.05460842,0.10900474,7287.83649161,82.65922577
"GMBC_005_E2",0.57775618,0.180192,0,8.01707418,0,0.07855473,0,0.12488005,0,1.48149027,0.46986647,2.64429122,0.61731791,0.33932014,3.42803779,0.19766255,3.41519374,0,0,0,0.23883787,0.26244687,0.19985409,0,0,0.15290059,0,0,0.14848947,7.82428834,79.09976428,0,241.06189315,0,0,3.30004945,0.25359178,0,0.05427012,1.05784504,76.76381725,0.54507396,16.49725873,23.03714136,0.46720121,0.68937838,0.58976086,0.26853865,1.68836809,0.72235871,0.13046153,0.00303742,0.06299877,0.11881166,7.76668212,0.1037109,0.00194297,0,0.09326828,0.01783411,0.00069671,0.00316076,0.01644265,0.14019202,0.22195904,0.01028267,0.95966778,0.08209967,1.3381321,0,0,11.55630678,53342.61016523,1354.36139784,0.54906662,0,0.06724857,0.43496927,0.46879506,0.62184691,36.50816122,5.49388846,0,286.0388136,314.14847841,0,0,0.2606598,144.8697333,0.89194044,2.03955807,45.23179968,12.76964809,100.03189206,332205.27964934,0.24897669,4.52022432,2.89788802,0,0,0,0,0,0,0,0,0,0,9.84276027,246.24769008,5.51193084,0.13942991,0.16355516,0.03794615,744883.66983485,290082.59215994,247951.17959096,52003.74507435,41632.55704593,52582.31156901,47790.79805674,17.36460754,821.19541457,79.25745972,1.60852609,9.6650065,0,0,0,0.47646081,0,0.19386804,0,0,0.4743912,0.00199229,0,0,0.27903776,0.02221392,0,0.10697706,0,0,45.48515353,2.74884316,6732.3299862,0,0,23690.63396429,390.53687815,0.31346605,95.26314645,15.64801843,12867.02446345,0,3668.02768948,33778.98711972,563.41985587,0,0,0.1039886,0.24156545,0.36295979,107.45298976,0.63426561,65.08754078,19.00888017,26.66192334,15.49168946,0.16138154,0.18481557,0.02496936,138.63079971,54.99487116,1960.36702039,105.49774339,42.47148534,161.77757793,20.85290743,0.34609148,0.44831937,0.72501284,0.44197082,0.17607544,13328.51569472,1.17622066,0.6045148,0.42026722,0,148.30693212,0,0,0.77740149,6539.56513079,0,0.4912451,0,0,349.40358696,0,3.46899935,11503.01524244,9.56329058,0,0,24.08324353,0,0,0,0,0,0,0.08828806,0.03253185,0,0.02895747,0,0,0,0.08624565,0,0,0,0.02434622,0,1.01037617,453.66669283,10159.78658677,0,0.64713021,0,0,0,0.53080208,0.14959479,4443.28894127,43.77335219
"GMBC_006_E2",16.87187119,2.77208483,7.3049738,38.34936373,0,0.20807863,0,0.32244044,0,0.87426981,10.07423516,7.33532771,4.3683912,0,78.71280438,0.04596597,0,0,0,0.44448213,0.34764227,2.91792139,53.42888255,0,0.00292425,0,0,0,0.03327749,125.70787258,0,9.13618127,1460.52174142,0,1.11902539,4.94298307,7.92258738,0,1.53108875,86.93797959,24530.02214691,0.90833565,144.69448637,136.31130466,2.41390976,1.20365524,4.51613757,0.59473783,16.35475228,2.50449749,0.30181641,0.03576709,0.17388789,2.87613045,19.81343351,0.19517548,0.00885313,0,0.38889735,0.05055534,0.05407197,0.26139854,2.17017179,61.6721376,50.27583676,0.45823567,81.79736252,1.11660994,32.44461104,0,0,28.91734332,985125.77452057,3128.3316721,42.56256612,1.04750479,0.8103227,0,2.82869282,12.45708298,26.06658443,4.84392051,8.82683055,922.95320469,910.74502421,0,0,0.51158383,2007.89962382,4.62881987,4.14215174,1582.60048002,7.4302063,1448.38134625,21594.1039667,1.92213956,34.93603461,12.15463733,0,0,0,0,0,0,0,0,0,0,126.48640991,530.42455006,4.50588521,0,0.15385663,0.10439586,3238363.32279757,987573.95671228,358781.93754389,73129.07294664,37907.90325923,52923.46459843,81818.0059673,95.76087462,3554.91216602,1422.11659793,1.89672128,73.57916523,0,0,0,3.447277,0,1.86951599,0,0,3.49296458,0.05936502,0,0,0.3165559,0.52464538,0,1.50623511,0,18.30899243,25.48456607,30.94695257,13894.56144794,0,0,126876.64744142,199.70745372,10.53552951,269.19130757,78.7401553,5994.62129342,0,6086.44601729,148165.94592009,796.43489877,0,0,0.65812336,2.10756863,3.15039369,690.99633394,4.03485688,164.43018864,539.12940756,119.42132936,93.74431866,5.31196162,1.63477906,0.24963871,416.22306354,136.99397,5078.81110767,182.71820009,142.30697976,194.65709959,91.59014947,1.4285934,4.80541231,9.96921173,1.52460909,1.42046339,53709.07404012,4.14764623,3.67600469,0.40555648,0.38131172,168.79819026,2.97188394,0,54.31477076,25108.63810619,0,2.48151488,0,0,3354.04031515,0.27446798,109.56788205,62175.60543081,15.39625268,0,27.26895489,70.57126941,0,0,0,0,0,0,1.23503007,0.4553045,0,1.6224143,0,0,0,0.23657808,0,0,0,0.32069003,0,8.05431401,3336.36588171,55477.17351,0,206.36208189,37.01088797,0,0,289.45761211,4.85076051,6459.86641748,1501.63964303
"GMBC_007_E2",13.55524578,1.03832056,0.96611449,37.14184421,0,0.23448066,0.01692497,0.12999391,0,0.50161761,7.29888113,27.11152143,1.34621659,1.52251101,0,0.49487739,1.41219867,0,0,0,0.15097802,1.92360902,7.73483362,0,0.00458748,0.19309628,0,0,0.06244509,1146.52652465,2.48111037,1.12560588,1284.42497792,0,0.67878631,12.99512725,7.4610733,0,6.38480305,32.48167465,417.51990092,0,61.04922503,88.80484655,1.7589615,0.79493322,0.81249102,0.22641716,6.22793903,1.34468599,0.11799324,0.01397505,0.10493371,0.43603637,12.58459313,0.17506777,0.00419949,0,0.2649225,0.03178789,0.44122417,0.49979431,3.75159794,65.89735184,83.67232941,0.57466289,68.38399503,0.6788673,66.40681461,0,0,17.83191131,737700.44807046,4450.11397226,45.85335826,92.27040818,0.32513386,14.45372798,0,0,5.65872753,8.48403868,0.43047185,840.38736789,1509.060518,0,0,1392.5558266,2190.02243301,1.02686591,6.65413003,1417.7538765,2.22314648,680.33293649,6610.45543729,0,9.77661002,10.55362775,0,0,0,0,0,0,0,0,0,0,42.70410103,408.5983657,0.11721714,0,0.23852907,0.13621133,2121437.51635775,755954.89449566,176275.85252772,60932.9136746,45517.35513688,55550.46709069,73007.10981389,26.68232929,1251.0730007,360.00441059,1.36572517,9.44188774,0,0.05786847,0,14.7498838,0.28992928,7.00821035,0,0,76.70604196,0.86190513,0,0,0.31661831,2.29514809,0,0.46425903,0.04090889,0.58269252,24.63259599,0.79618601,13276.00775698,0,0,39155.47473756,307.53336887,27.07228202,27.85623375,30.57819018,2350.75038967,0,5268.58255177,57382.41395504,974.99630286,0,0,589.02972888,9.95282953,13.93221039,1376.60932839,24.40703828,99.62352701,992.60399411,181.35841687,645.87248839,7.59336003,6.9322949,1.08822392,623.23916313,86.267193,7735.64833931,588.54292781,551.12290431,308.97262194,719.2609042,5.61590093,6.72747909,18.94660912,4.78727654,1.19923887,26758.12577312,4.69102275,1.97373015,0.58612168,0.36914985,35.51316583,1.1561159,0,7.72722054,11905.84975604,0,0.5501023,0,0,1026.71559113,7.12234736,216.01884014,23119.38675076,0,0,11.610782,171.02144635,19.96613479,0,1.22656604,0,0,0.56440486,6.59792515,7.45471279,0,62.72375919,8.09936393,0,0,3.35583702,1.34016377,0.28529665,0.28849597,0.14399935,0,10.27991017,1012.23814727,20841.92221281,0,16.57867918,8.07543162,0,0,482.70006837,100.45964092,8654.58614018,891.01039016
"GMBC_008_E2",5.88328279,0.1432581,0.15290152,16.72081141,0,0.0550138,0,0,0,1.04606013,6.5277326,6.66558934,0.25232157,0.75509802,96.65504409,0.35189403,3.46813739,0,0,0,0.14466607,0.92399195,8.35942961,0,0,0.18895792,0,0,0.0730019,3.2079567,12.5135255,0.21306419,351.03494021,0,0,3.79767736,47.62501267,0,0.15354841,22.21971431,282.37895289,0.58411669,4.37326105,7.35135659,0.58614469,0.18545957,0.60480721,0.04868676,2.01945992,0.36769438,0.03411913,0,0.08892527,0,12.87009373,0.1541575,0.01899813,0,0,0.02368037,0.02932786,0.03587434,0.35554545,8.70163362,8.03912752,0.13320714,11.62562273,0.12737839,80.3979984,0,0,0.21783392,167137.58896132,1106.81613852,49.60410492,0.746532,0.05482691,1.07499085,0,0.87142685,4.16327303,3.09099154,0.58715734,565.86405243,697.76754749,0,0,14.75234524,508.6376401,1.50209254,50.12871626,636.25970678,3.31137182,176.12853561,348243.44915325,0.89183203,3.26118941,0.67970616,0,0,0,0,0,0,0,0,0,0,14.64634196,604.91996636,2.72886252,0,0.20213082,0.03882815,2785102.23829707,508911.04850363,546060.54320194,42806.11888365,28751.9642731,35183.73860407,69991.81746356,37.57048821,42647.69270659,372.35899735,0.76967237,37.52752722,0,0.03889621,0,4.45688111,0.06006142,4.66808704,0,0,2.9556287,0.03207053,0,0,0.16691341,0.73593895,0,0.24253998,0,0.7513095,63.67127027,0.21480022,7892.41084252,0,0,18220.85023091,350.34650516,0.50841141,86.18369428,30.69890626,22236.84551588,0,3185.40800996,23040.4628869,772.63470463,0,0,6.07215001,2.28484171,9.59021176,394.80973591,3.6175418,105.48931039,166.73424369,41.95628482,23.83749718,1.73533057,0.65688428,0.13309787,306.76752833,86.25633764,1824.75707712,102.67981579,172.25160902,272.34193023,89.79879962,4.28811475,1.13666913,3.2696821,1.30740169,1.29648952,6638.15802404,2.74922305,0.55998974,0.33446655,0.36791561,26.99006997,0.0546353,0,1.21234849,5572.37379989,0,0.85957813,0,0,343.92967599,0.07401184,30.38799644,9091.76467667,25.29020674,0,18.50488463,6.73367247,0,0,0,0,0,0,1.11350971,0.69988807,0,1.12555974,0,0,0,0.11395715,0,0,0,0.04627763,0,3.79678737,309.78435125,7787.28300141,0,7.98052578,10.06121422,0,0,4.35927305,0.84801944,6768.99198727,292.69134508
"GMBC_009_E2",15.04470119,0.64345686,0.46558686,27.96794618,0,1.55134982,0,0.63506897,0,0.63351525,11.20928512,1.22951133,0.3892222,0,2.62661748,0.45121928,13.15146782,0,0,0,0.33363269,0.78162862,15.97605355,0,0,0.47402391,0,0,0.0310525,10.28903971,0,0.43941003,1134.56310356,0,0.67856723,3.02203104,21.92397523,0,0.1526043,77.22663413,12027.39832669,0.96731187,38.70341881,62.18174329,0.87123863,0.44849718,1.45647867,0.1674688,2.12530484,0.95200613,0.07115901,0,0.15147992,0,20.3875198,0.35995503,0.00270537,0,0,0.03927503,0.0183017,0.04696826,0.44296976,16.89019064,46.70037551,0.59527884,21.37586488,0.1799619,296.43810433,0,0,0.06847166,459018.4586145,3416.57283453,49.01886821,0.51487707,0.04645305,2.31610254,0.19229671,0.40031831,6.56036034,50.53507213,0,1093.62987568,1026.62014244,0,0,7.56988681,500.70420563,1.74030414,91.89339635,527.76917543,27.47842433,1173.36312423,331592.28183434,3.32781381,14.81859498,40.83911313,0,0,0,0,0,0,0,0,0,0,21.21464297,894.45210506,2.8196043,1.47674867,1.0449629,0.61815075,3877990.79127464,681353.66082424,308565.88955572,71595.69590472,29601.94007493,54259.26819124,60017.37970487,191.81529926,2211.45514364,204.75922074,1.02246685,53.34138829,0,0.02821858,0,11.10848811,0.23316801,3.45891632,0,0,8.03676888,0.11442911,0,0,0.7706486,4.4111706,0,0.75253214,0.01273895,0.69266102,43.04442929,3.31859976,8065.09546122,0,0,66908.88130179,767.07180609,0.30324439,115.89532814,44.64574831,16463.55674491,0,6366.57162961,96177.05211961,2151.8905097,0,0,10.87905034,3.96425289,18.58735586,1937.701189,14.29834588,140.95686452,352.64779217,342.16207551,398.14913816,93.72232541,1.31458949,0.86317504,406.87630124,137.30592228,5495.48472388,267.63687884,277.6091432,593.47741535,877.94219104,60.12827122,29.06021422,5.56625614,4.42424467,0.30830607,34252.85910289,3.77383827,0.81780579,0.3813865,0.3710868,44.51943012,0.61421213,0,5.72390686,19172.39213621,0,1.26285101,0,0,741.83580925,0.15456604,82.72565697,43980.80291929,11.06860279,0,17.17629877,51.34161761,0,0,0,0,0,0,7.53174862,0.62242053,0,2.94946677,0,0,0,0.950906,0,0,0,0.19228737,0,6.24924331,1396.26168333,41227.17307749,0,2.75274985,24.67264026,0,0,2.72543704,1.13087699,9741.70768158,238.74629045
"GMBC_010_E2",1.05265381,0.50371697,0.51258935,78.51871342,0,0.2194244,0.06995876,0.57626594,0,3.21854812,2.65053178,107.05697527,2.84768582,19.12122724,49.14060605,0.08340011,0.61206423,0,0,0,0,2.49786016,1.27402664,0,0.14687381,0,0,0,0.03214414,551.24768637,14.62142935,0.74171263,443.79685757,0,1.0742607,26.76811163,3.5380862,0,2.08034826,7.05264089,382.16292355,0.37728548,26.6984078,6.04980052,0.44847164,0.84437584,0.69248547,0.20367889,1.285951,0.74725528,0.09046347,0.05424599,0.06760562,0,8.57116722,0.13766052,0.00097145,0,0.13341947,0.01595594,0.00398924,0.14094331,1.29261042,9.41221197,28.98817043,0.09767223,15.55508234,0.00793193,32.45461163,0,0,190.85713691,586732.69694695,4407.62129665,11.38803067,70.34953455,0.24527378,0.49981906,0,1.00226649,1.07266787,3.99316653,0,161.97001572,2805.66728291,0,0,1193.70972777,1339.17928777,1.29601129,6.15493145,934.78583664,2.24949763,1448.09372636,31116.74201207,1.16576532,18.00624777,5.66354325,0,0,0,0,0,0,0,0,0,0,0.56637096,143.45955119,0.17409563,0,0.02909454,2.20648187,1075245.62662945,636595.92114262,765218.82471894,79443.87207831,63371.87689644,85075.03738163,84534.14597263,31.61996223,14860.74259393,1197.92947833,0.06140532,4.86267466,0,0,0,0.2858534,0,0.19167541,0,0,0.71605423,0.06224362,0,0,0.12088234,0.22478658,0,0.02872743,0,0.32228284,10.96970178,0.87300165,5810.62136605,0,0,13389.5967786,494.87183602,69.78894812,20.01208582,10.98870895,6610.99008842,0,4287.48188508,22080.53273373,1335.34242685,0,0,1061.88964421,7.92141566,1.19034355,400.76173,4.64044417,65.19920033,64.37382528,84.80197919,68.12937838,1.08384325,0.27492283,0,207.34211551,57.26563148,1789.96135212,88.5152755,36.69013216,180.1777152,89.5034557,0.72649401,0.80497728,1.04409845,0.59633277,0.10661079,4576.83278139,10.56620834,4.00896236,0.30515152,0,0.38656914,0.70893567,0,0.36058971,8395.19066889,0,0.24635461,0,0,3511.85636352,2.99848005,3.99329883,3607.83047237,2.27799169,0,0,52.03162443,0,0,0,0,0,0,0.14835733,0.04273542,0,0.19428231,0,0,0,0.04739369,0,0,0,0.03691646,0,32.28078984,333.0444281,11778.99011578,0,25.90091302,45.56912697,0,0,1958.87769962,34.25813246,7266.81906468,725.51071612
"GMBC_012_E2",10.84606723,2.63060457,0.15783259,27.90838989,0,0.8299688,0,0.51953061,0,0.4401708,7.88768987,19.96244173,0.30521156,0,127.84029295,3.384366,2.82638323,0,0,0,0.1701241,1.20472557,1.12889454,0,0.03704775,0.19638738,0,0,0,4.29915408,19.35357889,0.11474684,536.94149516,0,0.75556251,5.14504482,52.09966469,0,0.27474595,12.95296005,570.15141876,1.31273327,52.14587145,10.32364469,0.43787333,0.6718491,1.40273889,0.09602421,5.5566698,1.2535448,0.06009336,0.009572,0.1409277,0,18.38541515,0.30336117,0.0295344,0,0.06130893,0.03744684,0.0118901,0.02819191,0.219173,4.57870929,11.17057678,0.06889243,8.5428012,0.0004894,18.42037128,0,0,0.76917462,946940.98861433,4176.50272042,4.90937153,2.19997324,0.35926236,10.47023098,0.42147492,0,1.39890159,5.57663916,0,662.54894459,799.05891805,0,0,48.53040297,2115.06525052,1.43194739,10.37681962,643.79964403,4.15618544,5666.09383198,60065.08898421,1.36583425,11.33464193,27.66512959,0,0,0,0,0,0,0,0,0,0,16.80859979,654.64250322,3.48304597,0.60234647,0.67676537,0.17684955,5110187.5311719,898879.96921657,990337.01422544,28566.66769778,19081.61129704,31029.01417581,105806.9346702,152.92200588,184500.82914694,1513.25757593,2.18093482,21.34451753,0,0,0,5.22575904,0,2.29767244,0,0,4.59956491,0.11821418,0,0,0.11314666,1.74545411,0,0.15089043,0,0.20592563,79.45221645,16.42539598,13339.33466165,0,0,17823.59152293,591.47701609,3.45547728,129.63384975,31.6381768,11639.77114798,0,9142.81895955,25526.798975,1253.88399123,0,0,49.79291768,4.26684926,3.5275851,1034.46994897,7.25407416,135.48949723,217.3570407,247.51774804,115.19349068,3.53210867,0.50064444,0,165.14137805,123.66550087,2619.35625309,142.19855184,149.3785921,241.17413665,147.27157166,2.44542632,1.86412658,3.17498512,1.34095106,1.00352479,6630.21956433,12.61528994,1.48716687,0.78228896,0.56593306,9.36944424,0,0,0.21516966,7340.05245142,0,0.95775474,0,0,2661.44764281,0.08842059,33.77435503,9374.7677541,72.20663322,0,13.9773006,104.5946094,0,0,0,0,0,0,2.15734188,0.6542535,0,1.74668463,0,0,0,0.09709248,0,0,0,0.11581064,0,5.74878477,565.40448754,10336.96709732,0,2.87748969,4.68241846,0,0,51.66076687,1.41361861,7902.11885339,1136.32900613
"GMBC_013_E2",3.63184151,0.21014297,0.21008459,10.76398485,0,0,0,0,0,0.46471851,0.43837192,1.9332283,0.3665916,0.034667,2.6180584,0.18679551,0.7250535,0,0,0,0.16474226,0.26525911,1.02710285,0,0,0.04068497,0,0,0,0.89323687,5.23286848,0.15129836,888.62531703,0,0,3.07600499,45.64873448,0,0.06927883,1.10358637,184.26562028,0.21987814,15.90919036,5.03737152,0.44124993,0.40307319,0.67518763,0.16705314,3.13618735,1.2294405,0.09993942,0.00309529,0.07529281,0,10.30992011,0.13584791,0.00276098,0,0.20143956,0.02456098,0.00395053,0.01806532,0.14655692,1.22524689,4.24979151,0.07567133,5.38412944,0.04144127,5.21134639,0,0,32.78992672,48912.03728636,3508.74486151,6.21945764,37.39502277,0.66053131,0.62027499,0.7162817,0.2486449,0.41642304,7.06014095,0.09676492,669.73749992,981.19805653,0,0,377.22034372,100.64430464,0.81270154,2.83760073,793.44528778,7.34746309,229.16943134,336985.40346021,0.81656087,7.75624978,2.29260034,0,0,0,0,0,0,0,0,0,0,2.6453251,287.98925867,0.3265251,0,0.05905245,0.17869158,1196314.96923762,407589.97900199,247332.38763978,50033.41930889,31984.44631391,36762.04280288,48995.2594435,60.54729643,3727.87142335,399.43999059,0.30381083,2.53864527,0,0,0,1.43047786,0,0.7869804,0,0,3.11145377,0.26142136,0,0,0.33450951,0.24263381,0,0.12042162,0,0.06654296,68.49033169,0.49968737,5526.4828775,0,0,30370.81859751,377.06405932,0.41595993,126.03604637,24.00398687,10543.08233896,0,8095.06312258,43515.81124762,778.54416221,0,0,29.72409108,1.93992848,1.84231157,396.03436532,2.56256773,78.22034892,81.78550102,210.55731446,119.36703503,0.71421865,0.29096446,0.05184721,86.80849154,68.94127794,1004.86199931,48.66631993,33.48885419,62.67446054,72.86486037,0.19481792,0.73692363,2.07458761,1.38660865,0.34075405,12370.94594966,0.69734961,1.94671107,0.31883993,0.72832354,0.22879454,0,0,0.42290946,8250.54253728,0,0.53843504,0,0,480.60935607,1.89290119,24.29710613,23243.00854628,6.02406723,0,7.42445108,126.87170669,0,0,0,0,0,0,0.38018665,0.19311294,0,0.49856221,0,0,0,0.0512441,0,0,0,0.05272599,0,0.55665971,522.73913335,13834.50841642,0,2.38175026,0,0,0,7.71944341,11.07135747,7229.63426654,52.9571144
"GMBC_014_E2",3.40146034,0.28364705,0.38872988,17.89859176,0,0.16364658,0,0,0,0.6519911,1.12045261,8.13090646,0.98958991,0.90096476,18.54075617,0.1731741,1.5721142,0,0,0,0.11288255,1.45021746,1.81106184,0,0.00882614,0.45648319,0,0,0.72011356,536.23672786,0,0.68077137,847.19317295,0,1.15223683,6.57818282,278.17305249,0,0.0407923,8.17031211,239.94527854,0.91553136,11.94101597,10.22697786,0.61051694,0.44223403,1.46293415,0.16246151,18.90122987,7.38568461,0.0864785,0.01793097,0.13396111,0.29226995,17.22936569,0.17599648,0.03828306,0,0,0.03625764,0.00783771,0.01286481,0.04800045,1.76276941,4.98171839,0.03062562,10.89543819,0.08239528,1.02563563,0,0,0.3864177,739618.82517583,2554.19048911,0.86045143,1.00276704,0,0,0,0.2056524,7.34166825,4.24057048,0.3016556,979.36892052,629.52331618,0,0,13.30129627,2058.28255878,1.72413099,1.5357234,295.68851177,3.97374592,1103.22560442,116210.83879244,1.49322392,2.91898991,6.0135686,0,0,0,0,0,0,0,0,0,0,7.39970459,447.33557056,0.54030638,0,0.06535459,0.08737119,3074224.91934911,570137.68696362,378684.9044885,91404.57751585,59161.77714932,80852.34170307,75389.49968291,96.88032932,22738.52577115,583.9992581,0.6717977,17.56041293,0,0,0,0.9592016,0,0.69736662,0,0,2.8932397,0.02392684,0,0,0.2081234,0.70806392,0,0.09957012,0,0.40778858,307.5430319,0.63794896,21069.23517249,0,0,43085.30181967,516.26095294,0.37310671,71.018979,41.48244476,8891.85025316,0,3711.19872875,56028.47473971,977.04600551,0,0,4.06543725,1.52823867,4.43892361,246.54981992,3.88994051,149.26518108,100.28649624,71.62703584,39.16757204,0.84498461,0.79379024,0,919.30731411,115.73500212,4938.08385288,201.1875672,97.75593035,401.21601857,76.5235061,1.18606287,2.44789482,3.71467714,0.84132268,3.53128007,18023.43083745,2.27634827,0.24737182,1.40846454,0,5.91780564,0,0,1.49517409,12627.35996756,0,1.10873403,0,0,1708.45944743,0.05846494,68.66044472,26948.71874235,31.35996583,0,0,9.33034176,0,0,0,0,0,0,0.22962299,0.13372531,0,0.29411298,0,0,0,0.04797535,0,0,0,0.04732598,0,0.36016946,96.03138895,20921.88454855,0,1.34917698,0,0,0,4.98177835,0.37392615,5400.80728255,912.24899133
